species,method,mean,sd,q025,q25,median,q75,q975,p_positive,p_negative
Passer montanus,theil_sen,0.024902108302817118,0.00695534696397685,0.013024816000994303,0.019811218813224764,0.024780573236715016,0.02916612996171532,0.04046876130556826,1,0
Pycnonotus sinensis,theil_sen,0.023467781998621696,0.006023085565287131,0.011349241202533604,0.019333154290978594,0.02351349291680111,0.02746889819141357,0.03504427622399059,1,0
Hirundo rustica,theil_sen,0.028579872271692407,0.0073773380742549926,0.015257535230356825,0.022947782249130362,0.029119301387385204,0.03374148803723284,0.042733579953244685,1,0
Spilopelia chinensis,theil_sen,0.04681988365137539,0.006440840869290124,0.03534829457729317,0.04205964551675265,0.046712077567866495,0.05092958556232604,0.05933703764269871,1,0
Pica serica,theil_sen,0.07172795006820762,0.007586586642859163,0.05649105272740956,0.06669032771718819,0.07201217546705188,0.07710049245359817,0.08617297099900488,1,0
Motacilla alba,theil_sen,0.007821986217068118,0.005415445371499252,-0.0010118622271476036,0.0038287539162270567,0.0070755468830897075,0.011322835466947161,0.018820944481529926,0.9525,0.0475
Turdus mandarinus,theil_sen,0.02629555666748831,0.0066014131101062145,0.011723215389144675,0.02222157482782952,0.02636074667467742,0.030857725414578124,0.039301492611645394,1,0
Egretta garzetta,theil_sen,0.03891836926091709,0.009662639433176228,0.01866384793666285,0.0324807579385977,0.03842825571023223,0.045950555725026876,0.05821870911818951,1,0
Parus minor,theil_sen,0.013363947497524334,0.008083734878437812,-0.0034803315804078656,0.007851511909681818,0.01367359681955159,0.018987643967262803,0.027984885869323028,0.9475,0.0525
Cyanopica cyanus,theil_sen,0.021724440284457767,0.007191923667676852,0.007875974107223706,0.016758837004788894,0.022188121260846624,0.02651861175237218,0.03494317639413425,1,0
Streptopelia orientalis,theil_sen,0.02537725867183705,0.01309528402230174,5.737321835114286e-4,0.01610436316916514,0.025128540786915593,0.033749270338973306,0.051949113194867835,0.975,0.025
Tachybaptus ruficollis,theil_sen,0.05995892957008525,0.010629691789173402,0.04030807192966782,0.05261088499003262,0.0594785428407787,0.06714183027236752,0.0793263669252713,1,0
Nycticorax nycticorax,theil_sen,0.057502064608214096,0.011276395908792555,0.035397934217947374,0.05038489997459655,0.05733026758295434,0.06404854204856433,0.07812108014321541,1,0
Gallinula chloropus,theil_sen,0.06713404968326424,0.01242695909308428,0.04336460524799435,0.0598786791573719,0.06690633983977336,0.07491756235836611,0.09004515646238923,1,0
Sinosuthora webbiana,theil_sen,0.027919859526823628,0.0074011236358825176,0.01271483346830508,0.02295746418076111,0.028525028408767257,0.032797193471700514,0.04170103964585135,1,0
Chloris sinica,theil_sen,0.01004275204707235,0.006135803518017077,-0.0013072408257982322,0.005896127240935092,0.009510025614574447,0.014248034834804073,0.022727386896298624,0.955,0.045
Cecropis daurica,theil_sen,-6.357988633352222e-5,0.0072831067999056,-0.013736861402401176,-0.004864227979147817,-2.2382789341666293e-4,0.004978062805968067,0.014460907757839194,0.4875,0.5125
Acridotheres cristatellus,theil_sen,0.01795706111585599,0.007114216838128824,0.004205520547018818,0.01328542082339482,0.01771680206615473,0.022232385964465806,0.03265339625999184,0.995,0.005
Ardeola bacchus,theil_sen,0.014782619893414471,0.008580892353729318,-0.0019562744233714473,0.009057013103925864,0.014690404782137886,0.020200438366805476,0.03089581402829007,0.9675,0.0325
Copsychus saularis,theil_sen,0.011313461540772361,0.0040688254119640435,0.003300208174158305,0.008401008414794325,0.011158975564401045,0.014045609057904238,0.020200978312249852,0.9975,0.0025
Ardea cinerea,theil_sen,0.061641227908808105,0.010679348090438617,0.042476121364244286,0.05488090097191939,0.06089172587408238,0.06791659364923922,0.08383347083530904,1,0
Anas platyrhynchos,theil_sen,0.048700433408592744,0.010529487515541051,0.029648482948332687,0.04130977235206751,0.04786769258522856,0.05533654749252964,0.07223603157321193,1,0
Lanius schach,theil_sen,0.02743045629833114,0.005523312773922601,0.017079860326660246,0.023662299886886697,0.02753085277671527,0.031475404594036735,0.037710615099078346,1,0
Spodiopsar cineraceus,theil_sen,0.062246361645840444,0.010202318270823399,0.04381969812105275,0.05517429825529317,0.06218616336094888,0.0689486292440068,0.0827226060343649,1,0
Alcedo atthis,theil_sen,0.017104781127878815,0.008079699069445799,0.0015439760083656438,0.012130600962952993,0.017148325099354045,0.022346129377880438,0.03346052166045357,0.9875,0.0125
Anas zonorhyncha,theil_sen,0.04128827368339198,0.011647541794822695,0.018209436594926236,0.0338141826733219,0.04131769741352013,0.04902783011848704,0.06517919980496727,1,0
Phasianus colchicus,theil_sen,0.04966357686285207,0.009089466597715276,0.029092182182133542,0.04422695591973762,0.05048519365899186,0.05568149876090331,0.06547750982211625,1,0
Zosterops simplex,theil_sen,0.010522813000489628,0.005634423567153636,-0.0014570655623110074,0.006704017604300724,0.010773991202743857,0.014223220006550095,0.020764975416619966,0.965,0.035
Cuculus canorus,theil_sen,0.036902456918044176,0.008458695102964018,0.020050903644034865,0.030939676683503774,0.03685122499668186,0.042708620733940356,0.052900669692142424,1,0
Corvus macrorhynchos,theil_sen,0.025719691847330556,0.015858517245548154,-0.006864335627816133,0.014012080829973182,0.026485927815347744,0.03675274568442004,0.05265330388358953,0.9375,0.0625
Upupa epops,theil_sen,0.037186669342119893,0.00801474776176408,0.022230722650545022,0.0317300076839183,0.03686710394768894,0.042595216994676194,0.052882121802518514,1,0
Dendrocopos major,theil_sen,0.011871938926782968,0.0121375082455996,-0.011387558259025649,0.0036709305944223245,0.012433665818776371,0.020594857546409176,0.03561312775613739,0.8325,0.1675
Spodiopsar sericeus,theil_sen,0.03886431666359539,0.007836467493228791,0.023771407546546403,0.03384967917188195,0.038851716518828586,0.04418384794405045,0.05366858732204906,1,0
Dicrurus macrocercus,theil_sen,-0.00562915857017461,0.006655684517232697,-0.019561632364848584,-0.010246962804521852,-0.005072508392702894,-0.0011716523929328829,0.006830457253250137,0.1975,0.8025
Spizixos semitorques,theil_sen,0.029018952097261578,0.005747950015088804,0.018424454809269207,0.02514858501607085,0.02895934449014026,0.03290723948908089,0.040028582056770956,1,0
Phoenicurus auroreus,theil_sen,0.004728220945161741,0.006917821194865647,-0.009636916401535328,-5.4850423783062846e-5,0.00483370610180172,0.00937549180272375,0.01692945340820839,0.7475,0.2525
Ardea alba,theil_sen,0.028735846643482735,0.012281933432174886,0.0024451020562545433,0.021231195061625963,0.028868465018779838,0.03716079013288469,0.051279128942749844,0.985,0.015
Himantopus himantopus,theil_sen,0.07544087740969901,0.011270556145680049,0.05301884315169867,0.06872353604573961,0.07604913675405185,0.08244146879493947,0.09688591180818563,1,0
Urocissa erythroryncha,theil_sen,0.04492261030232061,0.014299973567793185,0.014712556563216751,0.035813193548856245,0.045771150555751774,0.05523707539763087,0.07038794316499063,0.995,0.005
Aegithalos concinnus,theil_sen,0.010445570980213634,0.0060536690746585565,-9.002070858357135e-4,0.006421168093263754,0.010839537915584996,0.01463276204005002,0.021884840506761555,0.96,0.04
Lanius cristatus,theil_sen,0.003929090874414779,0.007380758013493787,-0.010806347654422238,-9.904156545108775e-4,0.004228125858724868,0.008790009121739877,0.01831559098935715,0.7225,0.2775
Fulica atra,theil_sen,0.10823427540250338,0.013503056209527875,0.08264842454933233,0.09778634984637632,0.10872812830323866,0.11818523581651352,0.13435532477869053,1,0
Horornis fortipes,theil_sen,0.01682565972092447,0.007779598956955925,0.0036632255116166995,0.01161135132658449,0.016096021296675478,0.02209096060850763,0.03249071623966959,0.99,0.01
Eophona migratoria,theil_sen,0.014224615442248801,0.011186932434492033,-0.008136621521331357,0.006715552912402987,0.014847617467598231,0.02249020967335586,0.03464281316753469,0.885,0.115
Podiceps cristatus,theil_sen,0.06262411686854213,0.012822730440421164,0.036614467430483966,0.054290938778563815,0.06308299314512136,0.07045458662082917,0.08680022748256891,1,0
Picus canus,theil_sen,0.002619582478139875,0.014964791526645201,-0.026107912193613067,-0.007407049125103423,0.003303660758209155,0.013177722282123168,0.0318470970704642,0.585,0.415
Phylloscopus inornatus,theil_sen,0.029946293109388303,0.00800713180886089,0.015461397880885554,0.024876675856985768,0.030087915506937252,0.03496608370511456,0.04540417238258774,1,0
Pterorhinus sannio,theil_sen,0.03979843490414222,0.005560066349576265,0.02756099781481282,0.03647929237210733,0.03979130511762061,0.04357964225463348,0.05033695977164719,1,0
Motacilla cinerea,theil_sen,0.018954340674876835,0.01417082265588621,-0.007450673572835757,0.009430623314976634,0.01884816010903571,0.027312762805538175,0.049827021655296795,0.9175,0.0825
Sterna hirundo,theil_sen,0.04677174989918046,0.012667060306961306,0.021691806636129355,0.03746763776221532,0.04699113968913357,0.05533508282726877,0.07037202657566084,1,0
Falco tinnunculus,theil_sen,0.04156445399901182,0.008529315405004923,0.025174329379068845,0.0356884039903186,0.04228413315258468,0.04695266346413078,0.05770269250885417,1,0
Hypsipetes leucocephalus,theil_sen,0.007587374260432648,0.005776146207200874,-0.002979638326173573,0.003868926703579143,0.007900374194380982,0.01190458348225807,0.01838920031622244,0.88,0.12
Apus apus,theil_sen,0.0061180412197892765,0.008324133433867608,-0.010685250754421971,8.9163742659229e-4,0.0063114968452685745,0.011200520263949455,0.02135312626047856,0.79,0.21
Cuculus micropterus,theil_sen,0.02017712083237851,0.009038712658893907,0.0019313518558069223,0.014192214643516471,0.020592259762637424,0.026386934938962443,0.03558143236834763,0.9875,0.0125
Phalacrocorax carbo,theil_sen,0.03518521860496223,0.012674089773096546,0.004993805256688488,0.02753235210420321,0.035374037341667296,0.0439281733271286,0.057208357379754216,0.985,0.015
Phoenicurus fuliginosus,theil_sen,0.025005519164875128,0.007895585314478057,0.00858823329862998,0.019811162324683208,0.02529706485111549,0.030546954891906092,0.0390152674005014,1,0
Prinia inornata,theil_sen,0.024145358945431565,0.0061463856719580845,0.01245224996491978,0.019898177549269716,0.023675213780127553,0.028583376059300905,0.03650823589395085,1,0
Milvus migrans,theil_sen,0.02270791020112154,0.01649168288896006,-0.008068904959881938,0.012951868538003241,0.02269854366793579,0.03383879389744088,0.053360867946176956,0.9125,0.0875
Bubulcus coromandus,theil_sen,4.2835498568601256e-4,0.012026161711551539,-0.025495635926232732,-0.007085120026373329,0.0013867663564344744,0.008366777315591909,0.021588856997527765,0.535,0.465
Phylloscopus proregulus,theil_sen,0.01359926209088199,0.0076047962036455705,-0.001352394714119782,0.008768773759328885,0.013524508550304896,0.019300285145572138,0.02844469706692592,0.96,0.04
Acrocephalus orientalis,theil_sen,0.05059972826961889,0.011943928215297675,0.028030885157405365,0.042786526441231584,0.050583780765507826,0.05890741365542185,0.07485194032045342,1,0
Aegithalos glaucogularis,theil_sen,0.03471180149948495,0.008149851668802542,0.017902676212757283,0.02941888853635602,0.03520994708088003,0.04066941812641649,0.048727431462526005,1,0
Eudynamys scolopaceus,theil_sen,0.021499097559278386,0.007054718339528938,0.007963803031390111,0.01713841200617108,0.02142541053132246,0.025643602097086677,0.03602633296334173,1,0
Anthus hodgsoni,theil_sen,-0.006196478263856291,0.012640584672626458,-0.03132250707148191,-0.014595855553090823,-0.006096985865980051,0.001951870583706817,0.017591213346784717,0.315,0.685
Pterorhinus perspicillatus,theil_sen,0.03859995768950752,0.008891884398456344,0.019196396307302497,0.03373417256747708,0.03923724384705031,0.04441050119880429,0.05461574098494767,1,0
Charadrius dubius,theil_sen,0.03655794493983804,0.013292977273969017,0.007717657489781006,0.027952384002105753,0.03822126205435227,0.04553458752764225,0.06088321811922508,0.9975,0.0025
Poecile palustris,theil_sen,0.02646984020360371,0.007761413296837426,0.010945541383657244,0.02187710704107724,0.027107490858861456,0.031881916305338404,0.03935605580184908,0.9975,0.0025
Actitis hypoleucos,theil_sen,0.026546608408911723,0.014534765608465188,-0.0026835966858796824,0.01696661367127162,0.026491390662048038,0.03506881622230504,0.056974920888836815,0.97,0.03
Tadorna ferruginea,theil_sen,0.048399600243507764,0.01129199549240227,0.02506211998947036,0.040599786473431404,0.04857020107406578,0.05617345224842362,0.06912623482700599,1,0
Passer cinnamomeus,theil_sen,0.03357887051706167,0.012686329618581219,0.008092984647086209,0.02546878259175231,0.03387131712491358,0.041700582042676966,0.05779043772666859,0.995,0.005
Vanellus cinereus,theil_sen,0.07735462315445146,0.01274157489939382,0.04984458621577493,0.06882823923975612,0.07758983174816636,0.08606179861436795,0.09974615592491569,1,0
Pycnonotus xanthorrhous,theil_sen,0.03048576316608093,0.006564794848894437,0.01766006276553099,0.026204799784659623,0.030405314794802678,0.03525767969965985,0.04266553393218459,1,0
Emberiza spodocephala,theil_sen,0.01723029082211342,0.01145382964454418,-0.00448544596525277,0.009664072679550287,0.01715595661731099,0.024938524980420457,0.039690931434303675,0.9275,0.0725
Ixobrychus sinensis,theil_sen,0.03449280535132141,0.01366974795991101,0.008093013391749445,0.025674943608654348,0.03437984877002587,0.043472646605435476,0.06206486433420195,0.9975,0.0025
Oriolus chinensis,theil_sen,0.015653123117140635,0.007166745307488595,0.002231316038080836,0.010894882113606055,0.0157800472385064,0.019702940782694953,0.03134325160173139,0.9825,0.0175
Emberiza pusilla,theil_sen,0.016508643484511417,0.011163767934069067,-0.005788734029296162,0.009196757724714618,0.016927568962604434,0.0235387040377329,0.03633238909250931,0.935,0.065
Chroicocephalus ridibundus,theil_sen,0.06061749289086341,0.011901761208078421,0.034151819288490634,0.05360384122129141,0.06121408066565642,0.06887001550303243,0.08249890619992124,1,0
Pycnonotus jocosus,theil_sen,0.016879675407843842,0.003726442048991773,0.009621633184210832,0.01435137811984041,0.01687510842394627,0.019395838760585184,0.02407886163629232,1,0
Streptopelia decaocto,theil_sen,0.034918589366328294,0.008621704367050051,0.018272051984267058,0.02943378070565734,0.03449060740266145,0.04045071886201232,0.05172686431444658,1,0
Pomatorhinus ruficollis,theil_sen,0.019182688049801132,0.005875119786798093,0.006104173819997174,0.015393932298972172,0.01963733653246233,0.022915602493755065,0.029881331389654833,0.9975,0.0025
Bambusicola thoracicus,theil_sen,0.020215046440685686,0.007654679465571296,0.005360252037326321,0.015167473319038591,0.020098538501595396,0.025457165887796174,0.03421147521384759,0.995,0.005
Pardaliparus venustulus,theil_sen,-0.003720027341801887,0.011933390236208097,-0.02643217303429433,-0.011599578214413913,-0.004078364946702346,0.00384127703788849,0.020522267039833147,0.375,0.625
Ficedula albicilla,theil_sen,0.0057475027397325,0.010477310687138518,-0.01542913020816572,-4.7635779407122214e-4,0.005996506044178694,0.012075998915942906,0.025817556600232994,0.7275,0.2725
Picoides canicapillus,theil_sen,0.08100947335415826,0.016727494274812717,0.04594031418260359,0.07175318547166407,0.08418949767662859,0.09302720627462094,0.10664517561991967,1,0
Hemixos castanonotus,theil_sen,0.02088289249913169,0.003960410935705505,0.012802568807659625,0.01830541393539754,0.02110952951242444,0.02362430408935875,0.027733962630764032,1,0
Tringa glareola,theil_sen,0.022365071636930668,0.01936392605860171,-0.01911246309898532,0.011225898043017164,0.023004994359604236,0.03628362613641932,0.056990744868388066,0.8725,0.1275
Abroscopus albogularis,theil_sen,0.025671152215143114,0.008057198853417446,0.008440833490310998,0.0201779677889085,0.026484756455040337,0.031290785833466804,0.03985501589638853,1,0
Saxicola stejnegeri,theil_sen,0.04421700737182515,0.01204852487043652,0.018109773266767198,0.0366186547927483,0.044388732154663116,0.05256807954073331,0.06648529159894113,1,0
Garrulus glandarius,theil_sen,0.004713752618709537,0.013045964597732815,-0.022389945227420282,-0.004053028575180695,0.0059204183964403296,0.01441885385842915,0.027389333089426277,0.635,0.365
Chlidonias hybrida,theil_sen,0.07738471593835042,0.012330451869271456,0.05104135047363696,0.06957487413132417,0.0780786802820802,0.08525319637009404,0.09985128218518664,1,0
Corvus corone,theil_sen,0.03871383013385347,0.010955687831078864,0.017941921137695497,0.0321228770073429,0.0385384924421539,0.046102666680464595,0.05879260628678013,0.9975,0.0025
Trochalopteron elliotii,theil_sen,-0.006104914929865838,0.007828972816383157,-0.022009003076677854,-0.011296686301938301,-0.006166533460177234,-6.832173094335583e-4,0.007826384529127,0.235,0.765
Parus monticolus,theil_sen,0.00944163232907883,0.006911363427211244,-0.0038047030558223632,0.004799500558670764,0.009429090800247257,0.014299605759667093,0.02134017460664963,0.925,0.075
Phylloscopus fuscatus,theil_sen,0.021292767773206968,0.014855747960913733,-0.004872824985359371,0.01080948402015779,0.021435590120287968,0.030418875321888236,0.05090109863086887,0.9325,0.0675
Myophonus caeruleus,theil_sen,0.019702178983477116,0.007970538794780295,0.0038802433706685846,0.014388377836379387,0.019762012725306387,0.02487305216238501,0.03379480098123078,0.9925,0.0075
Pyrrhocorax pyrrhocorax,theil_sen,0.003558117570078004,0.007714538342383693,-0.01277226590905925,-0.0011063957688355313,0.0038756625437028416,0.0083544353648938,0.017633054080573543,0.6925,0.3075
Ficedula zanthopygia,theil_sen,0.011809576924644856,0.01270291388121138,-0.014513640406009208,0.0026596333607860913,0.012516573256879882,0.019917573677095155,0.03651776499993272,0.8375,0.1625
Pericrocotus cantonensis,theil_sen,0.004887129166834582,0.008019920205991857,-0.011626517431943437,1.9081580947877437e-4,0.005126331314891324,0.010324799116162476,0.019154537626374462,0.7575,0.2425
Ixos mcclellandii,theil_sen,0.031355004116225334,0.0054020524074941375,0.02130103793266782,0.02776726069750019,0.03142308407355416,0.034720676285659446,0.040926095446961894,1,0
Tringa nebularia,theil_sen,0.04424816891245742,0.013727653128710418,0.014787197395002978,0.034890571852905915,0.04516802271112096,0.05378250276951016,0.07106669957055153,0.9975,0.0025
Dicrurus hottentottus,theil_sen,-0.004403065263914552,0.009500348813460917,-0.02434595935630018,-0.010416532055307445,-0.004269205256697852,0.002436224190244857,0.01281583995999058,0.3125,0.6875
Gracupica nigricollis,theil_sen,0.019877537355488577,0.005129710863074553,0.008478050286370374,0.016983132710817642,0.0198055225594621,0.02347666682852763,0.028803892314926798,0.9975,0.0025
Tringa totanus,theil_sen,0.04421881748883533,0.012174518955869473,0.020384919916988497,0.03630007713613238,0.04356985780586722,0.05246209916122019,0.06688940768254525,1,0
Hierococcyx sparverioides,theil_sen,0.042932995705632984,0.021877585855063074,-0.002593045315445338,0.030229921769035613,0.04496260975420581,0.05690208469262999,0.08489590133458892,0.9625,0.0375
Leiothrix lutea,theil_sen,-0.003780547644770624,0.010216723761407856,-0.02338748804763376,-0.010469761745739157,-0.004286344524181623,0.003286959576047088,0.01569834858962686,0.3575,0.6425
Charadrius alexandrinus,theil_sen,0.04681868063429454,0.01316552092927699,0.02216190336394361,0.03811624271164407,0.047706839249951755,0.05542496084936144,0.07111496453268144,0.9975,0.0025
Dendrocitta formosae,theil_sen,0.016826052682147468,0.005362665091531477,0.006053765923132451,0.013540487911878363,0.017245543179598862,0.020507292385301624,0.026483189726246963,0.9975,0.0025
Aix galericulata,theil_sen,0.04686703267668358,0.012180576458713777,0.023699850330786375,0.03825141527351675,0.04786278940168857,0.05542356007718589,0.06853071880323773,1,0
Motacilla tschutschensis,theil_sen,0.03285079948204407,0.01487036863903647,0.005125811133802123,0.021771227445921096,0.032733615272771806,0.043013000943235284,0.06352533280246646,0.9925,0.0075
Falco amurensis,theil_sen,0.05740096459241119,0.009060087465794588,0.03792444927867644,0.05189597351265537,0.05810780300316111,0.06374808203764903,0.07389839536132152,1,0
Delichon dasypus,theil_sen,-0.009652148347089202,0.01515275710199848,-0.04066881023065539,-0.01906726057122826,-0.009974599558236848,0.0013909170872129222,0.017699103244197368,0.28,0.72
Lonchura striata,theil_sen,0.010095940733350788,0.005766783253859078,-6.193513870966612e-4,0.0059851575247767685,0.009884521668289277,0.013914606094237461,0.022232866023028236,0.965,0.035
Garrulax canorus,theil_sen,0.020159490236599346,0.010003737565869107,-0.001583294917507503,0.01400064141945103,0.019951185809149553,0.026336058404991754,0.03889785082715063,0.9725,0.0275
Amaurornis phoenicurus,theil_sen,0.01621110060044387,0.008953295390789975,-0.001906766545585637,0.010493190359141716,0.016539819543544033,0.022532558870337272,0.032846797762361324,0.97,0.03
Lanius tephronotus,theil_sen,0.0021914751247374053,0.007320561662356583,-0.011458480459484015,-0.002684989458527711,0.0024619454314705356,0.007316754926757506,0.015655628654965018,0.6275,0.3725
Columba livia,theil_sen,-0.06315437260239982,0.017287307227999944,-0.09317481359825121,-0.07546036299565992,-0.0640397180141061,-0.053108038835309235,-0.024259566710492935,0,1
Phylloscopus claudiae,theil_sen,0.023555524656519423,0.01323579747280134,-0.009244917691335532,0.016288458492881616,0.023854440783893715,0.03284062884625169,0.04564073168493628,0.9475,0.0525
Emberiza elegans,theil_sen,0.015939959686898562,0.013767477587030754,-0.008359114973493821,0.006298209823205701,0.015453348545574374,0.024566915169718543,0.044852669825397165,0.8975,0.1025
Gyps himalayensis,theil_sen,0.003430621835724586,0.0034240870242749346,-0.00335704669402636,0.0011474128457948634,0.003546768875066932,0.005777224706713699,0.010245098927766459,0.8425,0.1575
Recurvirostra avosetta,theil_sen,0.06984175310458524,0.011988766291515573,0.04748943283468422,0.06153134410466212,0.06963020915280083,0.07804517118188178,0.09257954018841512,1,0
Culicicapa ceylonensis,theil_sen,0.0292043527665016,0.008941474215828636,0.010492537691535854,0.023344480264784435,0.02945484129868118,0.03517653597081828,0.04565942290170084,0.9975,0.0025
Columba rupestris,theil_sen,0.018253363055623806,0.0064058785932604185,0.0054201399938774465,0.013941775948435,0.018741778860005234,0.022607371255706336,0.030072353923740844,0.995,0.005
Apus nipalensis,theil_sen,0.030143857788785085,0.006923286429457688,0.015831504102366455,0.02563823066560706,0.03070384066416353,0.03438884972668833,0.04246101139280173,1,0
Accipiter nisus,theil_sen,0.03253790431306104,0.010089035331377347,0.012674718990689487,0.025696214000321745,0.03250289235562297,0.039590784303412174,0.05141124615153442,0.9975,0.0025
Tringa ochropus,theil_sen,0.045829846903929564,0.018502687077932727,0.00614488060317441,0.03373614999336142,0.047095762927422465,0.0590025839610889,0.07836881185492145,0.985,0.015
Phoenicurus ochruros,theil_sen,0.008444191591947536,0.004722617180136684,-8.324998578433656e-4,0.005071562309739264,0.00847281112697935,0.01155660109674905,0.01809368083181218,0.9575,0.0425
Turdus rubrocanus,theil_sen,-0.006464311490360539,0.009365380313976636,-0.026512404040558983,-0.01287691023688477,-0.005817975305333561,4.7338611017270875e-4,0.009288259102084463,0.265,0.735
Carpodacus erythrinus,theil_sen,0.012771981007595901,0.014300580400676088,-0.015538412571144428,0.00302953994844328,0.01273716456673371,0.022531131333091398,0.040593926115801655,0.82,0.18
Psilopogon virens,theil_sen,0.029735408426858335,0.006917342436956564,0.01603245208978715,0.02544903243919148,0.0304779934265911,0.034108092272995424,0.041523543796478254,0.9975,0.0025
Gallinago gallinago,theil_sen,0.0329140939309589,0.017144245793981633,-0.0028369844239420463,0.022099407595063986,0.034742092814632336,0.04558815688603146,0.06322089393497088,0.965,0.035
Prinia flaviventris,theil_sen,0.013556774538832946,0.0037384136341732472,0.006905011997099574,0.01095686964389988,0.013619380462637897,0.016042943746721147,0.020616860537024852,1,0
Motacilla citreola,theil_sen,0.03840226459013556,0.01511694396408583,0.004956735245060396,0.029330544896169694,0.03931170863918642,0.04805471023234618,0.06659691569286318,0.98,0.02
Accipiter soloensis,theil_sen,0.00811630742706953,0.01281430590694039,-0.016247481987941608,-9.1569534462356e-5,0.008030763452999754,0.016883488377620576,0.03171168211786415,0.7425,0.2575
Accipiter trivirgatus,theil_sen,0.022708265005757122,0.008670198287842627,0.007760137117265869,0.016224336177903628,0.02206929215950778,0.028546999149782065,0.04141451736073253,1,0
Cisticola juncidis,theil_sen,0.002421986413695133,0.00929607315386965,-0.01601958494684826,-0.003534991670197863,0.002283399456747786,0.007866463874842976,0.019979004569823426,0.61,0.39
Dicrurus leucophaeus,theil_sen,0.01638173806479763,0.0094624391849449,-0.00236353203796671,0.01044191453210223,0.016739794837612447,0.022756809415079533,0.03369951502181458,0.955,0.045
Ardea intermedia,theil_sen,0.07581973426892323,0.019616142281856305,0.0360974703062615,0.06315848806684424,0.07650635557490926,0.09101280312394054,0.1071351128309685,1,0
Lonchura punctulata,theil_sen,0.020450664777685295,0.0047232682097490064,0.011005814864759942,0.017429930259484475,0.02017228185311646,0.023530286583154047,0.02999152470051554,1,0
Orthotomus sutorius,theil_sen,0.012787418075174776,0.0026386911339183507,0.007620651230513558,0.011056150141000809,0.012724295420033782,0.014596120616440151,0.01791004557379022,1,0
Falco subbuteo,theil_sen,0.029474079758301828,0.015011949474455265,-0.0011645526823528555,0.01969756513999551,0.03058678121652275,0.039786202203441694,0.056440575744411435,0.965,0.035
Pericrocotus ethologus,theil_sen,0.003270756816163009,0.011265357292312149,-0.019898308178543427,-0.003921445720681819,0.004417912831059956,0.010858794877072954,0.02383136283770905,0.6275,0.3725
Muscicapa sibirica,theil_sen,0.006774801042102399,0.010090189194272433,-0.014736189162870502,8.053715936867448e-4,0.007323461007609737,0.01349987866233079,0.024646306128070714,0.775,0.225
Picumnus innominatus,theil_sen,0.01580905012111773,0.008816625559477733,-0.002562244390867806,0.009814061417603635,0.016577509125945796,0.021797244519222044,0.03251040523823876,0.9575,0.0425
Sternula albifrons,theil_sen,0.03969769248738522,0.011378252131832467,0.014954534233339842,0.0322949901116749,0.03969215061233852,0.04843200810567208,0.059354503198938334,1,0
Butorides striata,theil_sen,0.015175668947832541,0.010280498408886387,-0.0052009804285119,0.008200326079327105,0.014868198844656916,0.0221355166999368,0.03356576237694121,0.925,0.075
Yungipicus canicapillus,theil_sen,0.03363831978811646,0.012936038762937727,0.010537707708742494,0.0257327203126334,0.03359986095454573,0.04245956334620196,0.057112650104850594,0.995,0.005
Periparus ater,theil_sen,0.003294398095393764,0.013671905352523873,-0.024362200205047757,-0.00512902990599982,0.0032073414116432775,0.012117774566335119,0.029167077360136934,0.5925,0.4075
Phylloscopus magnirostris,theil_sen,-0.005233232540159587,0.01110440819124012,-0.030820880920892434,-0.01167572263252636,-0.00490056429740339,0.002295368092298305,0.01592449357949316,0.34,0.66
Tarsiger cyanurus,theil_sen,0.016752107628566472,0.011320584551119344,-0.004553480673079642,0.009062046116486595,0.017276957706233744,0.024388893232102943,0.03703520387313819,0.9325,0.0675
Cuculus sparverioides,theil_sen,-0.007653398213502595,0.010032244788749527,-0.02735461104210807,-0.014528090308315719,-0.0073064321723573,-0.0015924917436014076,0.012998657528956526,0.2075,0.7925
Cyanoderma ruficeps,theil_sen,0.0316504375868587,0.010004313151535356,0.010645881325601068,0.025224449911872764,0.03239550939695206,0.03786488615236062,0.049735982359220034,0.9975,0.0025
Eurystomus orientalis,theil_sen,0.013056777411339591,0.012551035894671846,-0.013471996992044275,0.0052230537731968625,0.013573641115051369,0.02110831155291204,0.035444718681093404,0.87,0.13
Anas carolinensis,theil_sen,0.05740827671828183,0.016105914370096664,0.02346573739975734,0.04681925648092411,0.057622039475232284,0.06853667874900535,0.08684752430472412,1,0
Acrocephalus bistrigiceps,theil_sen,0.05484156989550274,0.011997485888987356,0.030994962399928164,0.04674415618619193,0.05478714987112413,0.06329624183211674,0.07773305388933828,1,0
Centropus sinensis,theil_sen,0.019643946581267852,0.0038644598296205947,0.01206891404434267,0.017214661623475794,0.019692560753161184,0.02228846321762047,0.027090623960506904,1,0
Buteo hemilasius,theil_sen,0.008856138340933694,0.0120282407064653,-0.015594601470227223,0.001107738846063376,0.00969912696709601,0.017270132687604006,0.030659683282454782,0.775,0.225
Pycnonotus aurigaster,theil_sen,0.017081953978515356,0.0035098414825293104,0.010416488410477613,0.014680686999473913,0.017200354455928837,0.01937836561269555,0.024456153250460626,1,0
Fringilla montifringilla,theil_sen,0.06664073944516005,0.01251850063752777,0.03970535321306806,0.05856594590992692,0.06681319171785079,0.07575696841193941,0.0899214408321067,1,0
Phylloscopus humei,theil_sen,0.012724471795158418,0.008709798389693029,-0.004428189056533736,0.006731694780762979,0.013064810731838399,0.01853205461851342,0.029657755600303263,0.9125,0.0875
Apus pacificus,theil_sen,0.005071972758286426,0.015758034142027935,-0.027774147415199284,-0.004762145267951372,0.006570728884615318,0.014405362692224893,0.033950237431907365,0.6575,0.3425
Emberiza godlewskii,theil_sen,-7.572293084729202e-4,0.007678457127887522,-0.015764725686990756,-0.006119197458796336,-3.4046440517891685e-4,0.00449428827765351,0.013447939269250536,0.4925,0.5075
Tringa erythropus,theil_sen,0.054512233600106645,0.012648935180036753,0.026218077005520403,0.04695399158524405,0.05570179548162266,0.0624739796005189,0.0769958519902951,0.9975,0.0025
Enicurus leschenaulti,theil_sen,0.01734104751654326,0.00838963524651258,7.940707232048963e-4,0.011971035292681849,0.017758692502082597,0.02295983720177173,0.033457360358782016,0.975,0.025
Phylloscopus borealis,theil_sen,-0.007651530109962065,0.013541229372496515,-0.033056177383700355,-0.01714661361352454,-0.006743668266808618,0.0017204061853781372,0.019872015313980744,0.2875,0.7125
Cuculus poliocephalus,theil_sen,4.49082623357341e-4,0.01742657654615845,-0.034884120281355804,-0.010595942172366597,0.0010183516639181295,0.012302668546095855,0.034529019152519706,0.535,0.465
Phylloscopus coronatus,theil_sen,-0.008819149295632728,0.015900298269769537,-0.037936293796770514,-0.01913624451710278,-0.00834130814506132,0.0016340331520843612,0.01945386507407509,0.3075,0.6925
Phylloscopus trochiloides,theil_sen,0.0056422526743541155,0.006519479729262475,-0.007948929101714745,0.001478758027753534,0.005686202653989991,0.010013640072463387,0.01817219207281356,0.8025,0.1975
Pericrocotus solaris,theil_sen,0.024588313585132315,0.004835827239947371,0.01514321629620444,0.021586561844947134,0.024345705602252066,0.02762856708703519,0.03426509964929943,1,0
Aethopyga gouldiae,theil_sen,0.009913728651368515,0.00857179643494296,-0.007683999675231151,0.00496880553738047,0.010391868218956964,0.015500926807885144,0.02636302378558145,0.87,0.13
Tringa stagnatilis,theil_sen,0.03429157992490053,0.0114793859177545,0.011237161596312807,0.026473767913217178,0.03485730448272499,0.042217166742132564,0.05507590077066675,1,0
Muscicapa dauurica,theil_sen,0.05368636692416788,0.024451790955702317,0.006532271111055374,0.038283492419033886,0.054884411727520725,0.06893328887471113,0.10279830926607818,0.9875,0.0125
Buteo japonicus,theil_sen,0.04047977451094634,0.017110690639513114,0.006882866257178378,0.02882038654549556,0.04079447178527927,0.05161104332971551,0.07275762461415024,0.995,0.005
Gelochelidon nilotica,theil_sen,0.04707241208762203,0.010888616226540691,0.025061477882928375,0.03973584179387196,0.04769202123929964,0.054198871633875656,0.06897820239365857,1,0
Eumyias thalassinus,theil_sen,0.020780979181293284,0.007538157304074005,0.006255199603315276,0.015923304312706298,0.02016245447273532,0.025719408286824372,0.03494812058860929,0.995,0.005
Sitta villosa,theil_sen,-0.012980155928312571,0.011889602811019048,-0.03952477704233719,-0.020886202684931042,-0.01134053814234394,-0.004450272591330989,0.0065239955282835535,0.1325,0.8675
Alauda gulgula,theil_sen,-0.012697399659120465,0.015848498377170103,-0.04692188724296964,-0.022044965872157346,-0.011197734027855625,-0.0021966632500624696,0.015718385683541867,0.1975,0.8025
Calidris ruficollis,theil_sen,0.029386627262952006,0.010293968635364357,0.006771122214333264,0.022114857985332078,0.0299824253691272,0.03708597730221468,0.047758161895506995,0.9925,0.0075
Pernis ptilorhynchus,theil_sen,0.09071975239117097,0.02170891799878576,0.044465615134860866,0.07781348835382318,0.0913253415712722,0.10672959244101923,0.12510836574290524,0.9975,0.0025
Limosa limosa,theil_sen,0.05414537002920153,0.012988143220243541,0.03067122734668182,0.04550871597832094,0.05486194508505516,0.0628574397260877,0.07743098870138393,1,0
Phylloscopus pulcher,theil_sen,0.0021073241967153322,0.006811929624592818,-0.012330164866619767,-0.002255404463256514,0.002824991826276403,0.006876960590240351,0.014377148637287274,0.64,0.36
Ardea purpurea,theil_sen,0.05973641238232527,0.011636785581076297,0.035473596078462344,0.0528525935061478,0.05999889176943709,0.06764999366294083,0.08009877431704863,1,0
Phylloscopus armandii,theil_sen,0.004606644045894586,0.007901201574161897,-0.008707848234227636,-0.001193294547758371,0.004072885128684103,0.01050340738487417,0.02002958891278621,0.705,0.295
Butastur indicus,theil_sen,3.951344638887685e-4,0.009726272718028237,-0.021559294165409727,-0.005134465909271929,4.1154643861299764e-4,0.006839849517515793,0.01812643313926548,0.5275,0.4725
Platalea leucorodia,theil_sen,0.04852120535783228,0.01069030722783596,0.026090943545538158,0.04157387392949467,0.04840834042710555,0.05647959887264861,0.06863097126692626,1,0
Emberiza tristrami,theil_sen,0.02962701935319677,0.011402393537995966,0.00688655696096221,0.022092176790220623,0.029806717938062048,0.03728169113919529,0.05111134741978655,0.99,0.01
Spatula querquedula,theil_sen,0.03274972693639453,0.018990039841548036,-0.006284439592884492,0.019625872264010833,0.033279961869351435,0.04369971421334188,0.07149209446721325,0.965,0.035
Alcippe hueti,theil_sen,0.013225200304657753,0.003212450028331785,0.006970215854315052,0.011265142861789841,0.013420292183314952,0.01539438952384571,0.018987038786329596,0.995,0.005
Garrulax perspicillatus,theil_sen,0.02708613798119828,0.005627810834387647,0.016492237767921074,0.023268324972677275,0.027091330780924475,0.030921106769382457,0.0389673400421138,1,0
Cinclus pallasii,theil_sen,5.3960407954687e-4,0.012782552118715694,-0.02609768447952686,-0.008430638509289363,0.0012038055092783682,0.009777900065162722,0.025944009727898537,0.5325,0.4675
Calidris ferruginea,theil_sen,0.0383175319787522,0.016872232486247668,0.004793707737709883,0.028072221667327747,0.039271929474282985,0.05071942780323166,0.0666993468508209,0.985,0.015
Tadorna tadorna,theil_sen,0.04613868709398138,0.01229207116665678,0.022528449011235706,0.03799145801608973,0.04627903800987362,0.05453426129940861,0.06999793904656648,1,0
Chlidonias leucopterus,theil_sen,0.04055855963244581,0.012907552206246686,0.016290737333785627,0.03179255634837336,0.040628425400994365,0.049523151294295506,0.06565732795366275,0.9975,0.0025
Anthus roseatus,theil_sen,0.022137281267091545,0.011589233833956275,-6.741767088771229e-4,0.01485892056322124,0.022717411781920473,0.0299530873772617,0.04306057656092446,0.965,0.035
Phoenicurus frontalis,theil_sen,0.013472870835847339,0.007179226365498248,-0.0016358283448940573,0.008844021997630045,0.01341746650295337,0.01865370026181444,0.02638914221612911,0.955,0.045
Mareca strepera,theil_sen,0.05192175517231665,0.014770418645858475,0.023694233304272738,0.04234531384769406,0.05263668855795357,0.061826788274907736,0.07950363340519591,1,0
Periparus rubidiventris,theil_sen,-0.011947167144146403,0.007406562728942251,-0.02670193287284439,-0.016680501828018182,-0.011883037613197735,-0.006918945504658305,0.00128131439538935,0.045,0.955
Eremophila alpestris,theil_sen,0.005265072786233764,0.005436643877198855,-0.005565949937444362,0.0018429422883338709,0.005197370794483604,0.008549772186473247,0.01659562734749804,0.8425,0.1575
Aythya nyroca,theil_sen,0.06022549927006254,0.018616170126790992,0.019248007460745165,0.048043453384102666,0.0630022666697954,0.07319361750761198,0.09312691833894401,0.9975,0.0025
Calidris acuminata,theil_sen,0.027156297756503606,0.010908015753668199,0.00430131045698873,0.021062263287233013,0.02754688920668381,0.03417593167971253,0.046686934609319025,0.985,0.015
Ceryle rudis,theil_sen,0.028599832041855077,0.007069467412256797,0.013200975113863157,0.024230443443018765,0.029436777187042018,0.03319377701190548,0.04094868897643964,1,0
Passer montanus,ols,0.026648254513378756,0.006868248150827884,0.014214825601306179,0.02171106713946547,0.026650067039559307,0.030943890915620248,0.04137454475615571,1,0
Pycnonotus sinensis,ols,0.02329837224322763,0.005639562279139577,0.011369971151592485,0.019444237951736755,0.023342443766641352,0.026932169814236486,0.0351067943268804,1,0
Hirundo rustica,ols,0.02866427524638103,0.007227963289043818,0.015456366040928931,0.02335474598072417,0.029135617171541513,0.033569787587850994,0.04292016894588113,1,0
Spilopelia chinensis,ols,0.04722996160503618,0.0064249912173018385,0.03558051080455545,0.042465711428085064,0.04684947110234796,0.05161968087825838,0.05919617533574328,1,0
Pica serica,ols,0.07187342450884321,0.007499096511450486,0.05720903705017877,0.06687590156137121,0.07193810897404707,0.07722862775797497,0.08565653778657686,1,0
Motacilla alba,ols,0.008006123700270061,0.005349323616469781,-5.406674043576412e-4,0.004035728549656849,0.007157158771265106,0.01174597979828947,0.018994131246346586,0.9675,0.0325
Turdus mandarinus,ols,0.02640205010143884,0.0065804477307713416,0.012430557762037395,0.02238146870345699,0.026533292441721174,0.03070245697813058,0.039528646221250054,1,0
Egretta garzetta,ols,0.039353507692068,0.008467908580837685,0.02451329575047116,0.033652112486866434,0.03850345393074445,0.04502988089406684,0.05645691678786519,1,0
Parus minor,ols,0.014201571539464332,0.006959459634332151,7.680679363422126e-4,0.009310752261440519,0.014322207704525365,0.019046262756808468,0.02787239148840966,0.98,0.02
Cyanopica cyanus,ols,0.021708089561188474,0.007124009063634291,0.007299076260233029,0.01687455563983816,0.02208687116206257,0.027058167083926374,0.03478058935964004,0.9975,0.0025
Streptopelia orientalis,ols,0.024761630088587516,0.013071069956417687,6.277108754203998e-4,0.015376192368766821,0.024817448711034994,0.03398023538761944,0.051511762550875376,0.975,0.025
Tachybaptus ruficollis,ols,0.059549621737217846,0.01056370612007191,0.03917922905501434,0.05196718985822815,0.05924759406161001,0.0671459422608563,0.07920818765098278,1,0
Nycticorax nycticorax,ols,0.05733966851778875,0.01082306379137999,0.034992517536600966,0.05056359889370374,0.05765357248458355,0.06389995893632602,0.077215450297903,1,0
Gallinula chloropus,ols,0.06636580343827035,0.012691083310757573,0.0416467388410057,0.05895860945114889,0.06690440343711666,0.07461246060857055,0.0897985298275411,1,0
Sinosuthora webbiana,ols,0.02819257204295741,0.007329555883133248,0.013690684422668823,0.023568193096595698,0.028250242559711362,0.033024948700101406,0.04212871789906046,1,0
Chloris sinica,ols,0.009838624193356493,0.006005835307415213,-0.0013230296085612703,0.0060408910116294245,0.009329494235648605,0.01387441997980469,0.02221169002378508,0.9475,0.0525
Cecropis daurica,ols,-0.0010342482619833003,0.006984772396924568,-0.0149478761421128,-0.005770463419761505,-9.020015384668796e-4,0.0034263724367429365,0.012203225052916686,0.4375,0.5625
Acridotheres cristatellus,ols,0.017838229891408697,0.005974256732267532,0.006680644317294425,0.01384914552656476,0.017910041065192464,0.02191732809983557,0.03006876905189963,0.995,0.005
Ardeola bacchus,ols,0.013199137653216834,0.008279644363874936,-0.0041250744462282725,0.00795678264982868,0.01345104950785873,0.018802655773206535,0.028435395297706327,0.945,0.055
Copsychus saularis,ols,0.011001865679797804,0.003927436937558799,0.003933251571419753,0.008257915125359545,0.01081954095217685,0.013722574852977386,0.018624198172808103,1,0
Ardea cinerea,ols,0.05926717442669781,0.00941330163756752,0.041211123154085184,0.053159884779616653,0.058696964364289464,0.06501049094726527,0.07878082477053043,1,0
Anas platyrhynchos,ols,0.047777089323782745,0.010209150608390003,0.029731545142152174,0.04085915653604517,0.046580892115577505,0.054115649332307884,0.07096421822398401,1,0
Lanius schach,ols,0.026653083150333195,0.0047728341168308324,0.0174301781609784,0.023570163661722078,0.026989525248465047,0.03000489142961794,0.03460643484821429,1,0
Spodiopsar cineraceus,ols,0.06277889442898842,0.009628475935132651,0.04406747517233048,0.05597883383059661,0.06254357970967324,0.06954223137359507,0.08144091909789977,1,0
Alcedo atthis,ols,0.017406220621486723,0.007890386560731712,0.002732241664760762,0.012093798400749622,0.01700766046071918,0.022206941488527945,0.03315095586650685,0.9975,0.0025
Anas zonorhyncha,ols,0.04082421618696553,0.010723488983304618,0.020358806305621504,0.03416868628482972,0.04062435546426377,0.04713090484953677,0.06192930969625289,1,0
Phasianus colchicus,ols,0.04964977566017724,0.0077095247620006255,0.03323096194449618,0.044553994122869756,0.05010299045722475,0.05481843080402039,0.06337230074429057,1,0
Zosterops simplex,ols,0.010491093178947008,0.005293057982005388,-1.5302765327025627e-4,0.006908713222371944,0.01090561991617205,0.013982842758764831,0.020812233724592625,0.97,0.03
Cuculus canorus,ols,0.03662014313098708,0.008333687799096634,0.02051903649643948,0.030888445102161478,0.03633091295180599,0.04223814491299157,0.05306450663562594,1,0
Corvus macrorhynchos,ols,0.024636227387148955,0.014439747310537846,-0.0040417499723477655,0.014527678550883067,0.02442206414283373,0.03499448665936849,0.053028860064434,0.9475,0.0525
Upupa epops,ols,0.037408021769163115,0.008059659805109443,0.02288303982188378,0.03184560386691072,0.03734930913516448,0.04249695308010303,0.0534294569206434,1,0
Dendrocopos major,ols,0.01232989574442696,0.011992909183789988,-0.009482184579606428,0.002996128879442035,0.013012406421422072,0.021160450013697388,0.03514475635904734,0.835,0.165
Spodiopsar sericeus,ols,0.039185780315985255,0.007695024867744817,0.02348429857324663,0.0342621125477505,0.039298951950391306,0.04445194358200508,0.05444725823379618,1,0
Dicrurus macrocercus,ols,-0.005587540740720457,0.006717542511420187,-0.019812651375926908,-0.010282630399682089,-0.005030688997697933,-9.843453118089903e-4,0.006325102940986558,0.205,0.795
Spizixos semitorques,ols,0.029040504562819803,0.005635459637260078,0.018033251148163558,0.025400236925019658,0.028893314214569636,0.0331601693710028,0.03985600380384003,1,0
Phoenicurus auroreus,ols,0.004739876868476196,0.006421981127216486,-0.007946658523860419,2.96084039485675e-4,0.004687439924530192,0.009295764721189034,0.016514950117133404,0.765,0.235
Ardea alba,ols,0.027886240057608678,0.01199522904742802,0.00414917216319348,0.02072191647064557,0.028315341799713817,0.03578991735542178,0.05013656261200606,0.98,0.02
Himantopus himantopus,ols,0.07386038085808863,0.010550313080819235,0.05327762088961576,0.06722437684222077,0.07439538325999773,0.08131169270534352,0.09394707320309052,1,0
Urocissa erythroryncha,ols,0.04451520719283404,0.013629373740624959,0.018075033115563386,0.035249089487363605,0.04496104819772044,0.05503239463457943,0.06834093977776384,0.995,0.005
Aegithalos concinnus,ols,0.01043542210894245,0.005940636498518183,-9.968959300462848e-4,0.0067454521768544416,0.010767093100825667,0.01440885212288172,0.021139874183125677,0.9475,0.0525
Lanius cristatus,ols,0.0033172090906825012,0.007208373761262548,-0.011091221649970387,-0.0014427054956399135,0.004108685018606475,0.008119480158468615,0.016557875392987406,0.6775,0.3225
Fulica atra,ols,0.10490296402192208,0.012638785624857778,0.08001755516554834,0.09571925768377765,0.10485961005785055,0.11411168178211997,0.12802161433829676,1,0
Horornis fortipes,ols,0.017341784617053123,0.007702290668054551,0.0035373643736781933,0.012568336484514409,0.016516605959873216,0.02259532152880003,0.0336830088946212,0.995,0.005
Eophona migratoria,ols,0.012941937774537874,0.010646305493977503,-0.007947711474885183,0.006310583452528324,0.013207194805860916,0.020451903687947515,0.031505752969365086,0.8675,0.1325
Podiceps cristatus,ols,0.06151573128545911,0.011971017686919987,0.03619182751341816,0.05426295370332392,0.06210629488757015,0.0700020993126001,0.08323862081808404,1,0
Picus canus,ols,0.004283823799582321,0.01521682997048415,-0.02651916104653622,-0.005865713438010371,0.004331654100647583,0.014638734262673122,0.03248160619550506,0.6225,0.3775
Phylloscopus inornatus,ols,0.029360219355594318,0.00726733975530299,0.014708849071245967,0.024430874267948984,0.029427346221695395,0.033973035292966074,0.044034233958443615,1,0
Pterorhinus sannio,ols,0.03981628752759019,0.005467695291528898,0.02780677969903356,0.03631435959474375,0.03999942596473113,0.04374274541926669,0.050036026375306776,1,0
Motacilla cinerea,ols,0.018990089444365792,0.013667829415432473,-0.006782871863302717,0.009978727300233966,0.018213627503010327,0.027222950347396274,0.04576049781291881,0.93,0.07
Sterna hirundo,ols,0.04633847876515984,0.01068953765275803,0.024109032152965452,0.03959118638026836,0.046499364967787754,0.05347398160700855,0.06653382801104155,1,0
Falco tinnunculus,ols,0.03989445377518911,0.008525943260809033,0.023843959598338484,0.03371253678301506,0.0404116972319693,0.045761902078235446,0.05553823665116782,1,0
Hypsipetes leucocephalus,ols,0.007433758040091282,0.005411272532788061,-0.002826662484569241,0.003879297627346849,0.007547511815745186,0.011367626758169262,0.017708234567670726,0.895,0.105
Apus apus,ols,0.006205736259303586,0.007673953530705091,-0.0090098567444853,0.0012765649827043057,0.006026850100804316,0.010963961997397725,0.021861944027177588,0.81,0.19
Cuculus micropterus,ols,0.02003331654660502,0.008495499763522464,0.00377513397680307,0.014382647939282435,0.020403436460825188,0.02595226364436119,0.035603558798842826,0.99,0.01
Phalacrocorax carbo,ols,0.03501611435139993,0.010947625211949885,0.011633376883788571,0.027987196274505476,0.0351756392520731,0.04227966485376921,0.056625220195691064,1,0
Phoenicurus fuliginosus,ols,0.024973578845538153,0.007649847729047366,0.008791869489680613,0.02029090109091042,0.025211655489210463,0.030333973087116196,0.03948976346843186,1,0
Prinia inornata,ols,0.022602760861665527,0.005240210460708122,0.012602621399903384,0.019000886790412022,0.022583320450336036,0.02605420048522383,0.032648142463474104,1,0
Milvus migrans,ols,0.026361264850449116,0.012798188608309785,0.003641593459883029,0.01751216771478728,0.026545421868245354,0.03524643961486647,0.05072550969210213,0.98,0.02
Bubulcus coromandus,ols,0.0011556795587819456,0.010879325892337652,-0.019864243342126386,-0.006316027417969058,0.0016617936586758783,0.008503546750607539,0.020569692224900925,0.5525,0.4475
Phylloscopus proregulus,ols,0.013475327348029007,0.007289258797559439,3.636137620430049e-4,0.008963273249831018,0.013122396670308616,0.01851234983230271,0.028228374821545527,0.975,0.025
Acrocephalus orientalis,ols,0.049332403391127704,0.011732786628476226,0.02520806777092985,0.04069088945906966,0.04948249940184815,0.058361774537388646,0.07059766685262198,1,0
Aegithalos glaucogularis,ols,0.033906711155524016,0.0078015119292652825,0.017390389132329636,0.028503991960406906,0.0344267240573853,0.03918140272198566,0.04719161339671536,1,0
Eudynamys scolopaceus,ols,0.02174599473984148,0.00683274735429751,0.008217811579366215,0.017380122601679864,0.021670868602480384,0.02606474679713792,0.035619914700723204,1,0
Anthus hodgsoni,ols,-0.005939630040486756,0.011476215339003776,-0.02718082065340088,-0.014314159251218013,-0.005672549835621014,0.002055943374811183,0.01569462827828776,0.3225,0.6775
Pterorhinus perspicillatus,ols,0.03760396239523191,0.009197245013668765,0.017570088190249984,0.03184793888843397,0.03859126167385754,0.043970634563032025,0.05242284417280645,1,0
Charadrius dubius,ols,0.03650282678566046,0.012562269668141206,0.011810298231993898,0.028174994517867077,0.03790757627939989,0.04518718267525941,0.05941370017402221,0.995,0.005
Poecile palustris,ols,0.027497134468395988,0.006582396028601385,0.014778163485004861,0.022986846309934524,0.027804977053279854,0.031970396760985176,0.03967138622474219,1,0
Actitis hypoleucos,ols,0.022482803188931307,0.012212330799398107,-0.0019393683575085875,0.014346491416759883,0.022428654119710567,0.03052774904281574,0.0466670583198226,0.9625,0.0375
Tadorna ferruginea,ols,0.050258462609782506,0.008949556050827511,0.0341072768524778,0.04377483326462012,0.04975951530383879,0.05727419649922832,0.06651287122620057,1,0
Passer cinnamomeus,ols,0.0321926023693764,0.010703114823603895,0.011620349502469563,0.024427010927731575,0.03298554346949864,0.039679136873109346,0.051048874717532236,1,0
Vanellus cinereus,ols,0.0769658503818227,0.01280742221427495,0.051356621074281905,0.06800020452755628,0.07730983677601555,0.08564314939391093,0.09932036638534017,1,0
Pycnonotus xanthorrhous,ols,0.030676843735695323,0.005940084072015284,0.019703068180623288,0.026621112337756495,0.030600433979554552,0.03470587493334876,0.0420658678381247,1,0
Emberiza spodocephala,ols,0.01711280876661249,0.011014203384002472,-0.003951793328839064,0.009682675730554396,0.0169412765644103,0.024043014447367006,0.03986136836962123,0.9325,0.0675
Ixobrychus sinensis,ols,0.034395706659644705,0.013425446254411652,0.008352145345481858,0.02524426931601668,0.03424191255368421,0.04324015516483138,0.06237181338079184,0.9975,0.0025
Oriolus chinensis,ols,0.015640897129550493,0.007031586932095189,0.0020933267038063907,0.011438042331870662,0.015800860761308117,0.020094481634153984,0.03081197071324709,0.9925,0.0075
Emberiza pusilla,ols,0.01653942518214623,0.01058402483901997,-0.0038595085464201784,0.009740026954945889,0.016464131301257696,0.02344664494969364,0.037041369491041073,0.9425,0.0575
Chroicocephalus ridibundus,ols,0.06127591680441294,0.010960977902258244,0.03669745633291894,0.05469258367305041,0.06131838180723519,0.06905583727129568,0.08214426553615103,1,0
Pycnonotus jocosus,ols,0.01696667022736822,0.0033957520904715367,0.010402798041710121,0.014611335727580282,0.016958569858389463,0.019153351786927543,0.02376330153887949,1,0
Streptopelia decaocto,ols,0.03472598429909116,0.008354362595553881,0.01863468922361169,0.029475696170404353,0.03429590247788476,0.039516522542644664,0.05170602395220375,1,0
Pomatorhinus ruficollis,ols,0.018433377859564906,0.005610505907955041,0.00772703620893918,0.01492444350473398,0.018875756248230173,0.022143280781322744,0.028831721168412084,1,0
Bambusicola thoracicus,ols,0.020402273592203594,0.007367492594375722,0.005405717224947245,0.01564684185413478,0.02055595476710155,0.02569157761455514,0.03406051281428529,0.9975,0.0025
Pardaliparus venustulus,ols,-0.004469699728435347,0.01117197839361061,-0.027068392663132688,-0.011560981252275249,-0.004089669081998514,0.003135664845749458,0.018558095272909296,0.35,0.65
Ficedula albicilla,ols,0.00572183754012674,0.009218004997632668,-0.010961230294416419,-0.0012105650744682259,0.0060308648398811355,0.011237943936888206,0.024548293281009964,0.7225,0.2775
Picoides canicapillus,ols,0.08491892707950012,0.014786934553794073,0.048323461556023364,0.07627217752640678,0.08732454002178933,0.09561464340555034,0.10704054318348928,1,0
Hemixos castanonotus,ols,0.020722772154101798,0.0038162503872612307,0.012945101727942245,0.018245222476762846,0.02104894053649945,0.023404097674133012,0.027486042504683884,1,0
Tringa glareola,ols,0.02042165548376787,0.01736926569139304,-0.015988541361589895,0.009432294493523155,0.020774195241575248,0.031867983340743575,0.05236677771361298,0.8775,0.1225
Abroscopus albogularis,ols,0.025611700719046268,0.008037430826117853,0.008736702477420671,0.01980696644251358,0.025889530236806464,0.03135319449724607,0.0407729100239273,1,0
Saxicola stejnegeri,ols,0.04262996864129436,0.011115212323000995,0.01926711555713649,0.03516480999658698,0.0427198310036862,0.049987318890914095,0.06363486546387694,1,0
Garrulus glandarius,ols,0.004712414363376287,0.01306556385265006,-0.020932318520950833,-0.0040273332464236125,0.0050947159781751655,0.01440775078534907,0.02995564662711718,0.645,0.355
Chlidonias hybrida,ols,0.07631816486851374,0.011549684423480526,0.05426705977988142,0.06835790987856645,0.07664682027991664,0.08346901629920736,0.09712105870908927,1,0
Corvus corone,ols,0.03872963312002511,0.009750722591393297,0.01920712743358973,0.03284450851329619,0.038482406720102266,0.04507065217564449,0.057352219035057335,1,0
Trochalopteron elliotii,ols,-0.0065139080152894204,0.007662752585988657,-0.02106183795529829,-0.011682895184917549,-0.006417781602346111,-0.0010123109857591633,0.007548909393089733,0.2125,0.7875
Parus monticolus,ols,0.009464223121330922,0.0066911512623120195,-0.002806945227828533,0.004452589534358653,0.00945562729182835,0.014394848079723677,0.021120840382253776,0.9375,0.0625
Phylloscopus fuscatus,ols,0.020300995288737675,0.013907898458661321,-0.006335697397944194,0.010567330679709629,0.020704574179167757,0.029005261843980307,0.04800609847813344,0.9325,0.0675
Myophonus caeruleus,ols,0.01945344001269497,0.007760325344827871,0.003748793920328618,0.014364375060781667,0.019635971775013458,0.0246251453581016,0.0340686562996395,0.995,0.005
Pyrrhocorax pyrrhocorax,ols,0.003476680044900652,0.0066220489679401475,-0.00911399600730235,-0.001303302286995705,0.003487341640664377,0.008352985143148658,0.015153578694906003,0.6975,0.3025
Ficedula zanthopygia,ols,0.012036185717679707,0.012560081058616043,-0.011722974032961039,0.0034477299755802868,0.011449488439865835,0.019908255078291696,0.03572406991491228,0.845,0.155
Pericrocotus cantonensis,ols,0.004693476957297121,0.00809394485215741,-0.01138062827248809,-5.440224778558911e-5,0.005308557836864296,0.010278286275718095,0.019466804770026554,0.7475,0.2525
Ixos mcclellandii,ols,0.0313415892684385,0.0052515139491567135,0.021422631054055216,0.027889010719369427,0.03128795451698922,0.03471181514910367,0.04093195260002428,1,0
Tringa nebularia,ols,0.0442314474010309,0.013579521158907345,0.017393234749322015,0.035154539419057086,0.045160828800231666,0.053802177138484855,0.0701984831987881,0.9975,0.0025
Dicrurus hottentottus,ols,-0.004748947681186917,0.009160088380231447,-0.022879738010093503,-0.010923532241268854,-0.0047264172008678294,0.001451165295198303,0.01236415575642626,0.295,0.705
Gracupica nigricollis,ols,0.019562832368888956,0.004896090270274302,0.008563160027799662,0.016557905145322255,0.019572867335408285,0.023001395089296425,0.02800123657005916,1,0
Tringa totanus,ols,0.042217596915944386,0.012399268213739175,0.01920896710830337,0.034023327690752114,0.04206813182697838,0.0503377651822471,0.06735002386000646,1,0
Hierococcyx sparverioides,ols,0.04528200855414395,0.01922685193740949,0.002061842212529959,0.03445690906403801,0.046194731213810326,0.05760048314857727,0.0818060555874229,0.9825,0.0175
Leiothrix lutea,ols,-0.0018935349951081982,0.009256083339035286,-0.019693661813812175,-0.008166770155270548,-0.0018721216762426908,0.004352004491959786,0.01621802822052814,0.44,0.56
Charadrius alexandrinus,ols,0.04651046465249805,0.01260041065727596,0.022887034813441932,0.037839459765301925,0.04752467344659912,0.05543895671315267,0.07050052978597524,1,0
Dendrocitta formosae,ols,0.016952009345484808,0.0051389650721017244,0.006329056034241523,0.01377409829318658,0.017145864810199425,0.02039917614732631,0.026342299534009343,0.9975,0.0025
Aix galericulata,ols,0.04690863470404981,0.011992209753720897,0.02503346174150569,0.03840842007370157,0.047445938415871886,0.05616065134707572,0.06826607800528019,1,0
Motacilla tschutschensis,ols,0.03269781771831779,0.014239700885771164,0.006326984732900418,0.023080173893370262,0.03182839649384875,0.04255294779441454,0.06217667755368509,0.9925,0.0075
Falco amurensis,ols,0.058689004653145416,0.007449519056544184,0.04483963486715299,0.05326516917844018,0.05845383537366065,0.06380503358360243,0.07432669147361252,1,0
Delichon dasypus,ols,-0.013462501363605781,0.01507189682690766,-0.04299524034849737,-0.02371401236771627,-0.013650834968373316,-0.0035812555330194335,0.014448207712393444,0.205,0.795
Lonchura striata,ols,0.010119147649261397,0.00561487694848671,-2.718142770522058e-4,0.0060617703288690225,0.009650077976850658,0.014316920397683596,0.021405397521448027,0.9675,0.0325
Garrulax canorus,ols,0.020052788566190558,0.00974607258809587,0.0012677791338818298,0.014444247962284024,0.020005390946406583,0.02610259516794771,0.03890869625737922,0.975,0.025
Amaurornis phoenicurus,ols,0.01581424364668794,0.008862123997161226,-0.0026339312987896657,0.010213816420681783,0.015793461974675394,0.022008343768835936,0.03184204324035561,0.9575,0.0425
Lanius tephronotus,ols,0.0031504736748944402,0.005853116005966974,-0.00887055201946658,-9.636315723897716e-4,0.003112557524392345,0.00690119011023793,0.014757675057526131,0.715,0.285
Columba livia,ols,-0.0676951536345806,0.011740384938520653,-0.08868288965552545,-0.07594101986806653,-0.0679989733999979,-0.0599862056890592,-0.04536961460770373,0,1
Phylloscopus claudiae,ols,0.023519028837825893,0.013155655053776158,-0.006276921966646392,0.016160506742567388,0.023776721002764005,0.03302234539217423,0.04697791766894484,0.9525,0.0475
Emberiza elegans,ols,0.018056123907665915,0.012395684081597013,-0.00684897705931629,0.009947189360305097,0.018681207298616786,0.026142426324402106,0.0411352545574532,0.925,0.075
Gyps himalayensis,ols,0.0032062342805941457,0.003392297016965407,-0.003521066394478094,0.001161440255406699,0.0032667196651801175,0.0055595297596364775,0.00924559673284319,0.8125,0.1875
Recurvirostra avosetta,ols,0.06632862955767843,0.011149698232623443,0.044081254406020814,0.058557772964044734,0.0663458198431435,0.07413939167543315,0.08850007117192776,1,0
Culicicapa ceylonensis,ols,0.028675411090339914,0.008249432438365534,0.010381009857817319,0.023634389596410652,0.028659225805845314,0.03417900830893169,0.043256147434745984,1,0
Columba rupestris,ols,0.018768837363038703,0.005729243934408144,0.006844857142734611,0.015172565958806115,0.018878678588394072,0.022698507336238193,0.02975548468441944,1,0
Apus nipalensis,ols,0.03134973549668759,0.006005725749380413,0.01907258521798151,0.02727670465654626,0.031727746708740304,0.034895324100402976,0.04305197834254581,1,0
Accipiter nisus,ols,0.03175515756855341,0.009658860213798219,0.012773755800715042,0.02489480206588638,0.03128747997694338,0.0385667870896308,0.05014262015775078,1,0
Tringa ochropus,ols,0.04697758468308301,0.015719114361674277,0.013962145366845554,0.037150717212115235,0.04724374552643448,0.05791186331857695,0.07399266485889701,1,0
Phoenicurus ochruros,ols,0.00858650660956257,0.0044695713335015505,-1.7262534440336586e-4,0.00555462155370101,0.00860988413045816,0.011614883385494684,0.01769117513044959,0.97,0.03
Turdus rubrocanus,ols,-0.006516204824641676,0.009075849464940257,-0.024974424276733014,-0.012313325282440463,-0.005896217805530889,-6.686809795518256e-6,0.00991232370742819,0.25,0.75
Carpodacus erythrinus,ols,0.014105375848211546,0.012293258871508438,-0.011569927921240869,0.005355733977136665,0.014743498874162346,0.022216621767505548,0.03740216650595764,0.8625,0.1375
Psilopogon virens,ols,0.03013024388535993,0.006167071238011383,0.01834242470069814,0.02629972919665057,0.030464562272756072,0.033889622568556176,0.04156135881256872,1,0
Gallinago gallinago,ols,0.03362444366804418,0.015197855073032354,7.262014038301903e-4,0.023831569478156612,0.034660234351779964,0.044922717838972184,0.060471164381266894,0.975,0.025
Prinia flaviventris,ols,0.01370374454702704,0.003536964323683799,0.0073618215659688475,0.01123533587249326,0.013662851765636572,0.015917635098501012,0.020570855733544627,1,0
Motacilla citreola,ols,0.0427714740029749,0.011413879956656695,0.01883814876072217,0.03481746361770001,0.04313847238511766,0.05092730146481386,0.06409162298624942,1,0
Accipiter soloensis,ols,0.009530167681293758,0.013174147150710427,-0.015820316751848015,3.2460806590434204e-4,0.010236710903224587,0.01900855914096342,0.034389209581662215,0.7575,0.2425
Accipiter trivirgatus,ols,0.022912892743233798,0.008254428714219827,0.008408683275395146,0.01703049308506351,0.02247556002011135,0.028480584483695878,0.039844444309225756,1,0
Cisticola juncidis,ols,0.0028453757975756637,0.009085900520176288,-0.015265926245824478,-0.0024052079371220695,0.002571950947322208,0.008729029767400476,0.020191214118546578,0.6275,0.3725
Dicrurus leucophaeus,ols,0.01715112437719637,0.007992851856783851,0.0017214253451276998,0.01173458307807088,0.016804596954531348,0.022965883261101976,0.031210224551827065,0.99,0.01
Ardea intermedia,ols,0.09190259120569567,0.014651792964691657,0.06052920982679798,0.08261646933308514,0.09302606153357532,0.10301842923602553,0.1144214290890469,1,0
Lonchura punctulata,ols,0.019889707464495605,0.0045784208461966125,0.011268748605441144,0.01682261927959158,0.019734652029594145,0.023162041214275855,0.029250345417284104,1,0
Orthotomus sutorius,ols,0.012643177336184069,0.0025029000244160987,0.0080241764478827,0.010901814316070983,0.012541130047615964,0.014363025554137236,0.017664792592382864,1,0
Falco subbuteo,ols,0.029855260164526432,0.01296851003509546,0.0018095265298869634,0.021008947857307208,0.030718324966685397,0.038777318562987724,0.05331911059309509,0.98,0.02
Pericrocotus ethologus,ols,0.003142883807200021,0.010670609062002486,-0.01841783120417689,-0.004195251887671995,0.004292389838410116,0.010497522930340918,0.02368888019608749,0.6175,0.3825
Muscicapa sibirica,ols,0.006881385745812082,0.009885120500203393,-0.013379849057860204,9.141220415376069e-4,0.006798921612771271,0.013140687577329576,0.024610739645219135,0.785,0.215
Picumnus innominatus,ols,0.015813125010158652,0.008339424527446833,-0.0014914023808231419,0.010551950974231072,0.015877960729222193,0.02184218355762161,0.031690960833672975,0.9675,0.0325
Sternula albifrons,ols,0.03966015407753732,0.01118896226191478,0.01628730430260574,0.032559222140375765,0.03983216834552607,0.04738169014326618,0.05958969035166383,1,0
Butorides striata,ols,0.015798216601829874,0.009633378960324387,-0.0022234438124128252,0.009538609029763851,0.01601385078122672,0.022421260835164,0.03395321083506898,0.9425,0.0575
Yungipicus canicapillus,ols,0.033631009478350946,0.009792535553903168,0.015051020551967163,0.02680850948897285,0.03408901482764832,0.039931645258994626,0.05298661543773989,0.9975,0.0025
Periparus ater,ols,0.0032266847125968366,0.013709203752919313,-0.023722520597996753,-0.005367861297264953,0.003697894491202701,0.012068607714964845,0.028652739636453487,0.5875,0.4125
Phylloscopus magnirostris,ols,-0.005448838550339803,0.010442924078574592,-0.026305704432327538,-0.012186443895943748,-0.004959716705655849,0.0015880573004393784,0.014791008051470019,0.3125,0.6875
Tarsiger cyanurus,ols,0.0168196596822705,0.010737133031410061,-0.003413329229244132,0.009554442528417546,0.016995034397127743,0.024329102493244558,0.03697849545186966,0.95,0.05
Cuculus sparverioides,ols,-0.007367258276458758,0.009407455756409807,-0.023887592647751595,-0.013866720279381402,-0.0073636496683219844,-0.001565420509849063,0.011728406084786648,0.215,0.785
Cyanoderma ruficeps,ols,0.03203082444734086,0.009102456999730653,0.013619804092628338,0.026630697136712414,0.03247371417074844,0.038351720225776834,0.04915983603934798,0.9975,0.0025
Eurystomus orientalis,ols,0.012892104377039125,0.01207306800954495,-0.010764142035159614,0.00524711417152074,0.013542450110883078,0.020701218641858816,0.03530292808749725,0.865,0.135
Anas carolinensis,ols,0.0541046729308022,0.015449545860385596,0.017750037865687435,0.04523312608710747,0.054704452846237164,0.06473611906701413,0.08117791893798862,1,0
Acrocephalus bistrigiceps,ols,0.054430891611914625,0.011960887916269642,0.03105427932093587,0.046285953264470686,0.05457872148953679,0.06270365552402063,0.07711478752668176,1,0
Centropus sinensis,ols,0.02039315059326989,0.0031332148758104524,0.014937485988803708,0.018153924175731532,0.020221693365567485,0.022511969213130787,0.026735936024469685,1,0
Buteo hemilasius,ols,0.017786802347624187,0.007644220320220062,0.003254577887964438,0.013133641115251896,0.017432397608625708,0.02224077556229081,0.03300258189884178,0.9875,0.0125
Pycnonotus aurigaster,ols,0.01731746048742644,0.003207004853323809,0.01115643866250305,0.015154323826077357,0.017382887828548625,0.01927302944726089,0.023759403632767188,1,0
Fringilla montifringilla,ols,0.06645276248279144,0.01244378317246654,0.0403286944475944,0.05890321679767868,0.06601738582341946,0.07570004425450719,0.08965150528728064,1,0
Phylloscopus humei,ols,0.01254327140851629,0.00865672296443459,-0.005812455773763597,0.006614476774966756,0.013098204173969907,0.018542645570712467,0.027995795321552306,0.9075,0.0925
Apus pacificus,ols,0.00503756020011999,0.014757945173947734,-0.02419455260382709,-0.005066465899160149,0.005965917537983683,0.014934673370843424,0.03234244558398942,0.6425,0.3575
Emberiza godlewskii,ols,-0.0011005519386764245,0.007644650504068495,-0.01693063969390622,-0.006396330931090248,-8.186868762947719e-4,0.004040714653266911,0.013221294784180085,0.4725,0.5275
Tringa erythropus,ols,0.05419285708210066,0.011351581899800359,0.031461399686114555,0.046849060613247596,0.0544536620518177,0.061934281746161224,0.07626554308113404,1,0
Enicurus leschenaulti,ols,0.018376833919540474,0.008302096396130491,0.0011674898974170693,0.013234120109750048,0.018627082238937935,0.02419667899320748,0.03316879967672445,0.985,0.015
Phylloscopus borealis,ols,-0.007638684282818737,0.012851108052166051,-0.031686510657686434,-0.01663114792393182,-0.007116683766792533,0.0012714584240589599,0.018548173539562528,0.295,0.705
Cuculus poliocephalus,ols,3.147598180881347e-4,0.016738310646220673,-0.03436566700123614,-0.01035250660838185,7.625618697784961e-4,0.010849775279050683,0.03361433515168407,0.525,0.475
Phylloscopus coronatus,ols,-0.00800681407889013,0.015623370610024065,-0.03619741634754876,-0.017538122028350738,-0.007965681261531275,0.0027554559734376243,0.019369449209922708,0.3125,0.6875
Phylloscopus trochiloides,ols,0.005748084544335348,0.006338634342082049,-0.007172629273270764,0.0017580347476300598,0.005830185258759228,0.009949572401339748,0.018048985769019033,0.82,0.18
Pericrocotus solaris,ols,0.02449669438783576,0.004891773377454827,0.014482186135044265,0.021392505560535426,0.024303480822239938,0.027771334966164747,0.03427227619248035,1,0
Aethopyga gouldiae,ols,0.00991340044107442,0.007822680783371885,-0.004655848188384245,0.004462113138500021,0.010116810152229587,0.014949065254499513,0.025311525600619368,0.8875,0.1125
Tringa stagnatilis,ols,0.03353767297183861,0.01092724363883906,0.011187445882518573,0.02620181444405594,0.033740941243530324,0.04105957169129209,0.05329485194675976,1,0
Muscicapa dauurica,ols,0.05868764685961254,0.02058975670763068,0.020039229519086852,0.045133803395436656,0.05870287621756771,0.0727735074823083,0.10037827373637367,0.99,0.01
Buteo japonicus,ols,0.039245369175925984,0.014815487866177588,0.007160731353568166,0.029355431211815403,0.03970817991851765,0.049459410321137105,0.06747684753935869,0.995,0.005
Gelochelidon nilotica,ols,0.04699431213281096,0.010205076541719713,0.02374049579973897,0.040790868415671054,0.047544813848953364,0.054098140606268816,0.0673377411055091,1,0
Eumyias thalassinus,ols,0.020913251580451108,0.007305258403951304,0.006916517718574592,0.01617713690485728,0.020635565711874963,0.02588234044580938,0.03505204447168862,0.9975,0.0025
Sitta villosa,ols,-0.013235195511614261,0.011610481734733271,-0.03815944480417998,-0.02059251707691951,-0.011755459048937095,-0.005067049413161603,0.007033289408027567,0.1175,0.8825
Alauda gulgula,ols,-0.00896233610316213,0.012976124387179606,-0.03433870691436947,-0.016649764816752635,-0.008649650040296806,-2.733677113912928e-4,0.01474460858279227,0.245,0.755
Calidris ruficollis,ols,0.029203616973543827,0.009719635623953737,0.009923280197942927,0.02302853097729164,0.029768543485589022,0.036704431920306604,0.045639539183620965,0.995,0.005
Pernis ptilorhynchus,ols,0.09033957906438356,0.020273625334321917,0.04801715368209174,0.07748761480563197,0.09109385737109135,0.1058229568947194,0.12423907054423478,0.9975,0.0025
Limosa limosa,ols,0.054332507190385695,0.012285830650740893,0.030172528130855674,0.045321445489599724,0.054434064544743366,0.06257223029670689,0.07633941033054435,1,0
Phylloscopus pulcher,ols,0.001917155663187317,0.006767498998860483,-0.012121275369234885,-0.0026399859427243912,0.00266252834492229,0.006952814698097106,0.01363597356376287,0.64,0.36
Ardea purpurea,ols,0.059255312194731645,0.011063450544342657,0.034633732797051335,0.05253613854169882,0.05934859291464245,0.06676477367500974,0.07825042467728537,1,0
Phylloscopus armandii,ols,0.004640259505766757,0.007884769932918844,-0.008846462417096523,-8.325384650722093e-4,0.004413123111988793,0.01042850029366092,0.020502484155107314,0.71,0.29
Butastur indicus,ols,2.7957326131104976e-4,0.009652176370103684,-0.021114595718214738,-0.004890376754716701,4.7578483898072857e-4,0.006289861056955074,0.017751412838008532,0.5225,0.4775
Platalea leucorodia,ols,0.05276559848998961,0.008058785784870251,0.03704136437319508,0.04738395929798671,0.05281087969223886,0.05837837670048594,0.06769587564658715,1,0
Emberiza tristrami,ols,0.029440650496359574,0.01104229512441335,0.008050654527474674,0.02253454089540598,0.029456252372034808,0.03712182477242132,0.05047241646180489,0.99,0.01
Spatula querquedula,ols,0.030636144640056755,0.016751085659606132,7.379397406538957e-4,0.01964906833822572,0.030570296297975065,0.04192634583943679,0.06428538972686125,0.975,0.025
Alcippe hueti,ols,0.01332723194647497,0.003045619266502222,0.007384014039103926,0.011445131186866082,0.013594496370086842,0.015395225954115944,0.018828550286677893,1,0
Garrulax perspicillatus,ols,0.025460499334089767,0.004094808707931469,0.01616616518383909,0.023006546891397077,0.025744147553131598,0.02830201913495423,0.03250782764945649,1,0
Cinclus pallasii,ols,9.457311907708042e-4,0.01237802943436941,-0.0237291429043689,-0.00741406265061725,0.0013636927151611379,0.009773250778656737,0.024024165692015872,0.5525,0.4475
Calidris ferruginea,ols,0.03809659342376724,0.0162950079101447,0.005292909907938647,0.02802157129057569,0.038732397131233144,0.05070016583155439,0.06445058573849577,0.985,0.015
Tadorna tadorna,ols,0.04602756480148884,0.011637924877604407,0.024889875259090435,0.03795759562463462,0.045738888904653816,0.05469732423401623,0.06936595760315395,1,0
Chlidonias leucopterus,ols,0.037643602949838054,0.011174457389900291,0.01368501909804441,0.030123389200586433,0.03842664228229546,0.04582104229083051,0.056738858031776356,1,0
Anthus roseatus,ols,0.02109305191280581,0.010057702815841415,1.867972532498107e-4,0.014807035482854336,0.0214062079592921,0.028427150970668853,0.039161114655329204,0.9775,0.0225
Phoenicurus frontalis,ols,0.013292734210546607,0.006979208843467933,-9.523604930033731e-4,0.008740466435411256,0.013582807240671405,0.018320565831919922,0.02549971261385029,0.965,0.035
Mareca strepera,ols,0.051772549084923715,0.013389659072083941,0.025466932473074713,0.042485136171506795,0.051421316241491405,0.06152418263154908,0.07775454289369328,1,0
Periparus rubidiventris,ols,-0.012160031322398642,0.00729710204138017,-0.027651135544419427,-0.016745494107298697,-0.011979857176778406,-0.0071707169057902654,0.0012044392158108758,0.0525,0.9475
Eremophila alpestris,ols,0.005098510933731949,0.005157685336348514,-0.005102262435205391,0.001850539607279896,0.00494750042576286,0.008465287867504643,0.015560672664779928,0.8425,0.1575
Aythya nyroca,ols,0.06234381090854516,0.015740578894343764,0.028447538422110955,0.052352811787709175,0.06293232712153682,0.07332792482346567,0.09238145598324737,1,0
Calidris acuminata,ols,0.02712360045950581,0.009591878387843035,0.008756579082009849,0.02122526723261502,0.027307179580015113,0.03333228470860261,0.044128973485866536,0.99,0.01
Ceryle rudis,ols,0.02863662255591816,0.006504176829787777,0.014808968480078781,0.024861466700759983,0.029041687988579465,0.03335769755947882,0.04019474168568201,1,0
