metric,period,age_class,n_grid,mean,se
corrected_richness,P1,mid(15-30a),107,75.45286537415853,1.7331821333060538
corrected_richness,P1,old(>30a),214,74.3748202360028,1.48099798219177
corrected_richness,P1,unprotected,924,80.75870064538648,0.7941221445820597
corrected_richness,P2,mid(15-30a),107,78.34501373145106,1.7971826666818989
corrected_richness,P2,old(>30a),214,77.284246942778,1.554174389888507
corrected_richness,P2,unprotected,924,83.90612713589474,0.8352682403498335
corrected_richness,P3,mid(15-30a),107,83.59636135546376,1.8568094343943649
corrected_richness,P3,old(>30a),214,81.99048225106935,1.6452150604177769
corrected_richness,P3,unprotected,924,88.67334474522991,0.880785675609438
corrected_richness,P4,mid(15-30a),107,87.00484679343818,1.909012799321885
corrected_richness,P4,old(>30a),214,85.36581142906141,1.7108524713687696
corrected_richness,P4,unprotected,924,92.21974667469944,0.9168902715382432
corrected_richness,P5,mid(15-30a),107,98.5621958434279,2.0030748292075984
corrected_richness,P5,old(>30a),214,95.93242962924474,1.8343205382245407
corrected_richness,P5,unprotected,924,102.32247144476987,0.9799149494534748
cwm_pc1,P1,mid(15-30a),107,-0.03812399818656734,0.012210239073315497
cwm_pc1,P1,old(>30a),214,-0.013854186929591436,0.010020432776094372
cwm_pc1,P1,unprotected,924,-0.02348709045806442,0.004783680921470007
cwm_pc1,P2,mid(15-30a),107,-0.051311222877123364,0.01233199177226399
cwm_pc1,P2,old(>30a),214,-0.025292220046031814,0.010186802127277595
cwm_pc1,P2,unprotected,924,-0.03517718438457428,0.004825481535924017
cwm_pc1,P3,mid(15-30a),107,-0.057831576514293714,0.012210557229101242
cwm_pc1,P3,old(>30a),214,-0.033033836217549406,0.010187649722314404
cwm_pc1,P3,unprotected,924,-0.043729944760084585,0.00473425220903519
cwm_pc1,P4,mid(15-30a),107,-0.08781784534895402,0.011461820797447432
cwm_pc1,P4,old(>30a),214,-0.06349545076885035,0.00989203765834528
cwm_pc1,P4,unprotected,924,-0.07064692131699282,0.0046036727023025335
cwm_pc1,P5,mid(15-30a),107,-0.09638872116680933,0.010892908385993614
cwm_pc1,P5,old(>30a),214,-0.07849988962879584,0.00940227275380425
cwm_pc1,P5,unprotected,924,-0.08663738464648596,0.004301827865229047
cwm_pc2,P1,mid(15-30a),107,0.16773482380086474,0.009671021018670796
cwm_pc2,P1,old(>30a),214,0.14092059773695342,0.009198703511208871
cwm_pc2,P1,unprotected,924,0.1199277105206377,0.004893564709783879
cwm_pc2,P2,mid(15-30a),107,0.15479151250475204,0.009985277002571201
cwm_pc2,P2,old(>30a),214,0.12801630210827805,0.009260652472857546
cwm_pc2,P2,unprotected,924,0.1115252462098283,0.0048388010594788726
cwm_pc2,P3,mid(15-30a),107,0.161273087936525,0.010161349458874449
cwm_pc2,P3,old(>30a),214,0.13649441393403414,0.009367835476977305
cwm_pc2,P3,unprotected,924,0.12126428906881312,0.0048062450925875555
cwm_pc2,P4,mid(15-30a),107,0.17486478603385233,0.009954972579569956
cwm_pc2,P4,old(>30a),214,0.14940902737043876,0.009266270140490397
cwm_pc2,P4,unprotected,924,0.1358636203117682,0.004708898282373261
cwm_pc2,P5,mid(15-30a),107,0.17773787487441672,0.009961409553627499
cwm_pc2,P5,old(>30a),214,0.1561580859196409,0.008961070051061252
cwm_pc2,P5,unprotected,924,0.1460289060575591,0.004488627271765633
fdis_prob,P1,mid(15-30a),107,1.2617856100277762,0.008810714572659273
fdis_prob,P1,old(>30a),214,1.2849213285226315,0.007850956946335388
fdis_prob,P1,unprotected,924,1.2496898045858689,0.0033424402064278205
fdis_prob,P2,mid(15-30a),107,1.2499701031516761,0.008504329233909888
fdis_prob,P2,old(>30a),214,1.2729885082457737,0.007633318859284829
fdis_prob,P2,unprotected,924,1.2396581277814214,0.0032848231824163976
fdis_prob,P3,mid(15-30a),107,1.242673987577125,0.008038490320724196
fdis_prob,P3,old(>30a),214,1.2682216725794415,0.007848794179786508
fdis_prob,P3,unprotected,924,1.2371501579157211,0.003256480581188646
fdis_prob,P4,mid(15-30a),107,1.2201935089664702,0.00655596866845252
fdis_prob,P4,old(>30a),214,1.252766720012286,0.0074994497454604556
fdis_prob,P4,unprotected,924,1.2249132887367096,0.00305115747025396
fdis_prob,P5,mid(15-30a),107,1.2200286407039167,0.005904589578102683
fdis_prob,P5,old(>30a),214,1.2427418368268832,0.006386480576585823
fdis_prob,P5,unprotected,924,1.22211397206714,0.0027809313835612617
fdiv,P1,mid(15-30a),107,0.6887503507396897,0.00231077071253547
fdiv,P1,old(>30a),214,0.6860355224790647,0.0018759989714423949
fdiv,P1,unprotected,924,0.6923957057123017,8.944645976923348e-4
fdiv,P2,mid(15-30a),107,0.6911467385134035,0.002196406992883921
fdiv,P2,old(>30a),214,0.6883507901735999,0.0018166900245736202
fdiv,P2,unprotected,924,0.6943876960200455,8.611590661105441e-4
fdiv,P3,mid(15-30a),107,0.6937069540151964,0.002076981079981455
fdiv,P3,old(>30a),214,0.6904278293810472,0.0018105647439609824
fdiv,P3,unprotected,924,0.6962195003000065,8.48139968875376e-4
fdiv,P4,mid(15-30a),107,0.696988369939092,0.002065525691453505
fdiv,P4,old(>30a),214,0.6935306323501532,0.001832822580602123
fdiv,P4,unprotected,924,0.6987491457027496,8.631643898686513e-4
fdiv,P5,mid(15-30a),107,0.6979528026585045,0.0020271550197626838
fdiv,P5,old(>30a),214,0.6948747992190533,0.0018254746865154334
fdiv,P5,unprotected,924,0.6997182097458275,8.71761651391562e-4
fdiv_fund,P1,mid(15-30a),107,0.7679581415678167,0.002278420409984799
fdiv_fund,P1,old(>30a),214,0.7680044184514074,0.0016751921098766018
fdiv_fund,P1,unprotected,924,0.7660417248456171,8.542823584393314e-4
fdiv_fund,P2,mid(15-30a),107,0.7666794957419992,0.002316578394827727
fdiv_fund,P2,old(>30a),214,0.766524404054654,0.0017006320563376365
fdiv_fund,P2,unprotected,924,0.7654887816329177,8.619960184890014e-4
fdiv_fund,P3,mid(15-30a),107,0.7665681778005872,0.0023228461576496142
fdiv_fund,P3,old(>30a),214,0.7667320048751282,0.0016850188943360932
fdiv_fund,P3,unprotected,924,0.765552370781315,8.540237601036633e-4
fdiv_fund,P4,mid(15-30a),107,0.7729597716237656,0.0021001967597188346
fdiv_fund,P4,old(>30a),214,0.7702436853115668,0.0016310681000890133
fdiv_fund,P4,unprotected,924,0.7692986273247862,8.342926219478455e-4
fdiv_fund,P5,mid(15-30a),107,0.7707600645158088,0.00182844225941182
fdiv_fund,P5,old(>30a),214,0.7695148771833983,0.0014373653706832854
fdiv_fund,P5,unprotected,924,0.7694318631812794,7.332929989710958e-4
feve,P1,mid(15-30a),107,0.16974421396216505,0.0015712809750356058
feve,P1,old(>30a),214,0.16294625180855388,0.0013446165267116015
feve,P1,unprotected,924,0.16356632678897368,7.459506661054647e-4
feve,P2,mid(15-30a),107,0.17137107547299182,0.0015268575544802668
feve,P2,old(>30a),214,0.16502551123525094,0.0012831527538533683
feve,P2,unprotected,924,0.16530324051693712,7.160786087331065e-4
feve,P3,mid(15-30a),107,0.17231994819959023,0.0014616777633508547
feve,P3,old(>30a),214,0.16678945469168246,0.0012153312105080986
feve,P3,unprotected,924,0.16663423750086723,6.884518291999587e-4
feve,P4,mid(15-30a),107,0.17346404290860948,0.0014514903395645704
feve,P4,old(>30a),214,0.16879979750273555,0.0011944555150536662
feve,P4,unprotected,924,0.16834757599538824,6.761753043588841e-4
feve,P5,mid(15-30a),107,0.17510979544756797,0.0013640847048898895
feve,P5,old(>30a),214,0.17153034201944223,0.001134701973727808
feve,P5,unprotected,924,0.17065229354279138,6.387658452932745e-4
feve_fund,P1,mid(15-30a),107,0.3481259851205779,0.00346185346261048
feve_fund,P1,old(>30a),214,0.3508804823276717,0.002937899774985594
feve_fund,P1,unprotected,924,0.33757532893075387,0.0014501668956667364
feve_fund,P2,mid(15-30a),107,0.34531006768964034,0.0037913130991295042
feve_fund,P2,old(>30a),214,0.3471097763329897,0.0032250087433591127
feve_fund,P2,unprotected,924,0.33134460085915185,0.0015734780863624971
feve_fund,P3,mid(15-30a),107,0.33055118459828675,0.0035222214717148875
feve_fund,P3,old(>30a),214,0.33519929438345064,0.003361216786904176
feve_fund,P3,unprotected,924,0.3207577796531302,0.00163854947966937
feve_fund,P4,mid(15-30a),107,0.323283798076544,0.003510245502400182
feve_fund,P4,old(>30a),214,0.32942644167618707,0.003502048927946315
feve_fund,P4,unprotected,924,0.3133769837467381,0.0016735188489416788
feve_fund,P5,mid(15-30a),107,0.2951858256312208,0.002957603864325415
feve_fund,P5,old(>30a),214,0.3045482392754415,0.0031563644263075718
feve_fund,P5,unprotected,924,0.2927675301452242,0.0015344474692848375
fmpd_prob,P1,mid(15-30a),107,1.7180830756090335,0.00803055902279076
fmpd_prob,P1,old(>30a),214,1.7470609984373373,0.007196452191135729
fmpd_prob,P1,unprotected,924,1.7180874131470718,0.003217469012142158
fmpd_prob,P2,mid(15-30a),107,1.7106416609145036,0.0079006824220900565
fmpd_prob,P2,old(>30a),214,1.7395776218449313,0.007092487283697609
fmpd_prob,P2,unprotected,924,1.7117353131502797,0.0031618580585995332
fmpd_prob,P3,mid(15-30a),107,1.7053654394898916,0.007488518381989252
fmpd_prob,P3,old(>30a),214,1.734610340359428,0.0069552239601637445
fmpd_prob,P3,unprotected,924,1.708825796546351,0.003089457940259467
fmpd_prob,P4,mid(15-30a),107,1.6899932117333492,0.007170851008555044
fmpd_prob,P4,old(>30a),214,1.7201019659103944,0.006876984720433974
fmpd_prob,P4,unprotected,924,1.6964321924101549,0.0030593701615234895
fmpd_prob,P5,mid(15-30a),107,1.6846278780949993,0.006769171812648539
fmpd_prob,P5,old(>30a),214,1.7118403075202016,0.006553497519308686
fmpd_prob,P5,unprotected,924,1.6911601541035552,0.002966281800822701
fric_prob,P1,mid(15-30a),107,8.439777431223781,0.05677727014460442
fric_prob,P1,old(>30a),214,8.512574496934128,0.04056863399956945
fric_prob,P1,unprotected,924,8.436037736431746,0.021211103504751798
fric_prob,P2,mid(15-30a),107,8.45656706795209,0.052661109219228744
fric_prob,P2,old(>30a),214,8.523840213950068,0.038479263568712334
fric_prob,P2,unprotected,924,8.429557372236394,0.019862633103751744
fric_prob,P3,mid(15-30a),107,8.495413022750009,0.04938134845366975
fric_prob,P3,old(>30a),214,8.548450802805112,0.037002200912931694
fric_prob,P3,unprotected,924,8.463908046031563,0.019011357961040025
fric_prob,P4,mid(15-30a),107,8.444413295110776,0.04444696606212462
fric_prob,P4,old(>30a),214,8.511877497637572,0.035996165661455144
fric_prob,P4,unprotected,924,8.427900837256654,0.01816423022560511
fric_prob,P5,mid(15-30a),107,8.57187046682511,0.039141104132773843
fric_prob,P5,old(>30a),214,8.61666077019644,0.030551857380221203
fric_prob,P5,unprotected,924,8.536723019969388,0.01624389904314234
inv_simpson,P1,mid(15-30a),107,107.41118080144632,2.171729862778231
inv_simpson,P1,old(>30a),214,102.10393162550402,1.9132615628861607
inv_simpson,P1,unprotected,924,107.34083517945193,1.002591203496537
inv_simpson,P2,mid(15-30a),107,111.62341827900973,2.321550419104923
inv_simpson,P2,old(>30a),214,105.85584042204826,2.006002689042512
inv_simpson,P2,unprotected,924,110.91964321559296,1.047314388647308
inv_simpson,P3,mid(15-30a),107,117.59720077751841,2.4613962436983585
inv_simpson,P3,old(>30a),214,111.08486719822399,2.085023338277081
inv_simpson,P3,unprotected,924,115.68172886105242,1.0843408689676013
inv_simpson,P4,mid(15-30a),107,121.07139673654007,2.583375433615898
inv_simpson,P4,old(>30a),214,114.5633489061802,2.153203874697958
inv_simpson,P4,unprotected,924,118.94318660191938,1.1186829249107055
inv_simpson,P5,mid(15-30a),107,129.9964862083828,2.7171238220289298
inv_simpson,P5,old(>30a),214,123.61254690426543,2.2165455235434695
inv_simpson,P5,unprotected,924,127.0813001630273,1.1551372012770038
mpd_prob,P1,mid(15-30a),107,NA,NA
mpd_prob,P1,old(>30a),214,NA,NA
mpd_prob,P1,unprotected,924,NA,NA
mpd_prob,P2,mid(15-30a),107,NA,NA
mpd_prob,P2,old(>30a),214,NA,NA
mpd_prob,P2,unprotected,924,NA,NA
mpd_prob,P3,mid(15-30a),107,NA,NA
mpd_prob,P3,old(>30a),214,NA,NA
mpd_prob,P3,unprotected,924,NA,NA
mpd_prob,P4,mid(15-30a),107,NA,NA
mpd_prob,P4,old(>30a),214,NA,NA
mpd_prob,P4,unprotected,924,NA,NA
mpd_prob,P5,mid(15-30a),107,NA,NA
mpd_prob,P5,old(>30a),214,NA,NA
mpd_prob,P5,unprotected,924,NA,NA
mpd_prob_mctavish,P1,mid(15-30a),107,123.713219022348,0.9576689264873463
mpd_prob_mctavish,P1,old(>30a),214,121.09276271677847,0.8246229299625936
mpd_prob_mctavish,P1,unprotected,924,122.37005995570377,0.40345910181617195
mpd_prob_mctavish,P2,mid(15-30a),107,124.61792052410406,0.9248038597659304
mpd_prob_mctavish,P2,old(>30a),214,121.83355622733492,0.8178292414894023
mpd_prob_mctavish,P2,unprotected,924,123.06427388038256,0.4001260335120179
mpd_prob_mctavish,P3,mid(15-30a),107,124.68906436319806,0.8986807439361587
mpd_prob_mctavish,P3,old(>30a),214,122.10335067723662,0.7914452667795304
mpd_prob_mctavish,P3,unprotected,924,123.35155395731327,0.38571154585987844
mpd_prob_mctavish,P4,mid(15-30a),107,126.63496559002122,0.8174333845034244
mpd_prob_mctavish,P4,old(>30a),214,124.04326456235883,0.7488319883010249
mpd_prob_mctavish,P4,unprotected,924,125.02302129984263,0.36618023412097744
mpd_prob_mctavish,P5,mid(15-30a),107,127.56406349785372,0.7184204889156189
mpd_prob_mctavish,P5,old(>30a),214,125.50028402441015,0.6630041575101218
mpd_prob_mctavish,P5,unprotected,924,126.31755410518151,0.3266132984802439
pd_prob,P1,mid(15-30a),107,NA,NA
pd_prob,P1,old(>30a),214,NA,NA
pd_prob,P1,unprotected,924,NA,NA
pd_prob,P2,mid(15-30a),107,NA,NA
pd_prob,P2,old(>30a),214,NA,NA
pd_prob,P2,unprotected,924,NA,NA
pd_prob,P3,mid(15-30a),107,NA,NA
pd_prob,P3,old(>30a),214,NA,NA
pd_prob,P3,unprotected,924,NA,NA
pd_prob,P4,mid(15-30a),107,NA,NA
pd_prob,P4,old(>30a),214,NA,NA
pd_prob,P4,unprotected,924,NA,NA
pd_prob,P5,mid(15-30a),107,NA,NA
pd_prob,P5,old(>30a),214,NA,NA
pd_prob,P5,unprotected,924,NA,NA
pd_prob_mctavish,P1,mid(15-30a),107,342768.0662856611,7870.657393110346
pd_prob_mctavish,P1,old(>30a),214,337927.13776391227,6730.218248682121
pd_prob_mctavish,P1,unprotected,924,366883.61803555983,3610.7790538609293
pd_prob_mctavish,P2,mid(15-30a),107,355915.4445179038,8162.029736726242
pd_prob_mctavish,P2,old(>30a),214,351152.6200430936,7062.816546978932
pd_prob_mctavish,P2,unprotected,924,381190.7792518082,3797.741917294196
pd_prob_mctavish,P3,mid(15-30a),107,379786.9572710615,8434.298637159427
pd_prob_mctavish,P3,old(>30a),214,372543.7020849614,7476.618367483415
pd_prob_mctavish,P3,unprotected,924,402863.03432615875,4004.474941260829
pd_prob_mctavish,P4,mid(15-30a),107,395283.5115561458,8672.410064178783
pd_prob_mctavish,P4,old(>30a),214,387886.2467864416,7774.9670006388915
pd_prob_mctavish,P4,unprotected,924,418983.869386521,4168.530897621825
pd_prob_mctavish,P5,mid(15-30a),107,447812.91131258366,9102.156582673657
pd_prob_mctavish,P5,old(>30a),214,435909.58375855675,8336.343986723956
pd_prob_mctavish,P5,unprotected,924,464900.88094228145,4455.068255399609
rao_q,P1,mid(15-30a),107,1.7012180806357717,0.00803588587847712
rao_q,P1,old(>30a),214,1.7283430976996588,0.007051688140778105
rao_q,P1,unprotected,924,1.7003277963787504,0.0031851326823266867
rao_q,P2,mid(15-30a),107,1.6944393080036793,0.007923920386612188
rao_q,P2,old(>30a),214,1.7215739602906253,0.006962161482712789
rao_q,P2,unprotected,924,1.6945760115161492,0.003133522803870996
rao_q,P3,mid(15-30a),107,1.690030241821863,0.007548926581139078
rao_q,P3,old(>30a),214,1.7175363343838739,0.0068514559959016045
rao_q,P3,unprotected,924,1.6924282729207532,0.0030718907946312743
rao_q,P4,mid(15-30a),107,1.6752329596875974,0.007273422866608087
rao_q,P4,old(>30a),214,1.7037257795151857,0.006811323487019528
rao_q,P4,unprotected,924,1.6806402863369427,0.0030605240903424326
rao_q,P5,mid(15-30a),107,1.6709865314349857,0.006917284355297298
rao_q,P5,old(>30a),214,1.6968948137780824,0.006546713448589003
rao_q,P5,unprotected,924,1.6765773155081196,0.002991355381681577
raoq_fund,P1,mid(15-30a),107,1.694332637306869,0.010552238721714612
raoq_fund,P1,old(>30a),214,1.730463134273707,0.009342715699357221
raoq_fund,P1,unprotected,924,1.6926949478904305,0.0040375064030048514
raoq_fund,P2,mid(15-30a),107,1.6834834731219515,0.010346462709097953
raoq_fund,P2,old(>30a),214,1.7203850035086217,0.009306245338848237
raoq_fund,P2,unprotected,924,1.68350452950368,0.004018823659593908
raoq_fund,P3,mid(15-30a),107,1.6762963185244513,0.00966067060089975
raoq_fund,P3,old(>30a),214,1.7160192791974673,0.009426931196147372
raoq_fund,P3,unprotected,924,1.6824443406668124,0.003959648839218862
raoq_fund,P4,mid(15-30a),107,1.6474922269180432,0.008096587237257539
raoq_fund,P4,old(>30a),214,1.697509846789211,0.009233660829439674
raoq_fund,P4,unprotected,924,1.6664316391461775,0.0038272004776908827
raoq_fund,P5,mid(15-30a),107,1.6498795415740717,0.0076401869048351905
raoq_fund,P5,old(>30a),214,1.686193128023188,0.008056107971362348
raoq_fund,P5,unprotected,924,1.6627000614352665,0.0036009733239720006
shannon,P1,mid(15-30a),107,4.775347084636852,0.021990219257328122
shannon,P1,old(>30a),214,4.714742980018737,0.018828778076888063
shannon,P1,unprotected,924,4.741324545766997,0.010111172885638616
shannon,P2,mid(15-30a),107,4.806097325420327,0.0224988778154254
shannon,P2,old(>30a),214,4.744384134888501,0.018928346245664137
shannon,P2,unprotected,924,4.7676327226700845,0.0101583475561256
shannon,P3,mid(15-30a),107,4.847584169576823,0.022670265631199157
shannon,P3,old(>30a),214,4.7858309200611835,0.018693191096204282
shannon,P3,unprotected,924,4.803071056056875,0.010059950371975648
shannon,P4,mid(15-30a),107,4.8690386778201695,0.022921966145172498
shannon,P4,old(>30a),214,4.809984019465882,0.0186518004682921
shannon,P4,unprotected,924,4.824324580847945,0.010027034545766205
shannon,P5,mid(15-30a),107,4.923844879666513,0.02233019298738924
shannon,P5,old(>30a),214,4.8719734931814855,0.017846495286006032
shannon,P5,unprotected,924,4.878581020572242,0.00964274153412717
trait_dispersion,P1,mid(15-30a),107,1.2589085655626824,0.006192204087984339
trait_dispersion,P1,old(>30a),214,1.27641870000289,0.005718291040272155
trait_dispersion,P1,unprotected,924,1.2506652370090154,0.002535166033290387
trait_dispersion,P2,mid(15-30a),107,1.2511903271435052,0.005955378277900472
trait_dispersion,P2,old(>30a),214,1.2685817099810262,0.0055441628598498485
trait_dispersion,P2,unprotected,924,1.2442288961027224,0.0024519276729984547
trait_dispersion,P3,mid(15-30a),107,1.2460320183160924,0.005608204865849286
trait_dispersion,P3,old(>30a),214,1.2639174029987945,0.005445792816562927
trait_dispersion,P3,unprotected,924,1.2413583919854883,0.0023912864277068394
trait_dispersion,P4,mid(15-30a),107,1.2362079309387186,0.005412109711192014
trait_dispersion,P4,old(>30a),214,1.2541075737909708,0.005343317709763804
trait_dispersion,P4,unprotected,924,1.2334173026977082,0.0023460213846462166
trait_dispersion,P5,mid(15-30a),107,1.2333435919427456,0.005102419870788357
trait_dispersion,P5,old(>30a),214,1.24950179852446,0.0050689236349564975
trait_dispersion,P5,unprotected,924,1.2314599356829594,0.0022719391007203034
trait_volume,P1,mid(15-30a),107,1.3799824311092403,0.005133559398180255
trait_volume,P1,old(>30a),214,1.3998721096989977,0.004781130512414671
trait_volume,P1,unprotected,924,1.3793677625897238,0.0020806914328638107
trait_volume,P2,mid(15-30a),107,1.3741100958363208,0.005020850825668727
trait_volume,P2,old(>30a),214,1.3939308226571938,0.0046813636871972444
trait_volume,P2,unprotected,924,1.3743830021206387,0.0020347350865295385
trait_volume,P3,mid(15-30a),107,1.3708334141561898,0.004755071788247647
trait_volume,P3,old(>30a),214,1.390945220584822,0.00458403196778793
trait_volume,P3,unprotected,924,1.372824704249929,0.001984092459896935
trait_volume,P4,mid(15-30a),107,1.3611710544678088,0.004474714494944942
trait_volume,P4,old(>30a),214,1.3817064928965905,0.004463124174273614
trait_volume,P4,unprotected,924,1.3649981350699132,0.0019266633514366995
trait_volume,P5,mid(15-30a),107,1.3585315782950864,0.004169597111513695
trait_volume,P5,old(>30a),214,1.3771929739322715,0.00419616115563366
trait_volume,P5,unprotected,924,1.3626195551750553,0.001838516076774597
