grid_cell,pa_frac_all,pa_frac_pre2000,pa_frac_post2000,pa_frac_national,pa_frac_wetland,pa_frac_forest,pa_frac,n_pa_overlapping,pa_year_min,pa_year_first_major,newly_protected_2000_2024
56,0,0,0,0,0,0,0,0,NA,NA,FALSE
57,0,0,0,0,0,0,0,0,NA,NA,FALSE
128,0,0,0,0,0,0,0,0,NA,NA,FALSE
198,0.07771365263661023,0.07771365263661023,0,0.07771365263661023,0,0.07771365263661023,0.07771365263661023,1,1998,1998,FALSE
199,0.06155733880223258,0,0.06155733880223258,0,0,0.06155733880223258,0.06155733880223258,1,2001,2001,TRUE
203,0.25793863269109724,0.25793863269109724,0,0,0,0,0.25793863269109724,1,1982,1982,FALSE
270,0.16477368330708006,0.16477368330708006,0,0.16477368330708006,0,0.16477368330708006,0.16477368330708006,1,1998,1998,FALSE
271,0,0,0,0,0,0,0,0,NA,NA,FALSE
272,0.4986321211159205,0.4986321211159207,0,0.4986321211159205,0,0.4986321211159207,0.4986321211159205,2,1979,1979,FALSE
274,0,0,0,0,0,0,0,0,NA,NA,FALSE
276,0.4784953484212973,0.2457872583116445,0.2327080901096528,0.2327080901096528,0.2327080901096528,0,0.4784953484212973,2,1982,1982,FALSE
341,0,0,0,0,0,0,0,0,NA,NA,FALSE
342,0,0,0,0,0,0,0,0,NA,NA,FALSE
343,0,0,0,0,0,0,0,0,NA,NA,FALSE
344,0.06549205173058374,0.06549205173058374,0,0.06549205173058374,0,0.06549205173058374,0.06549205173058374,2,1979,1979,FALSE
345,0.028307574657398075,0.028307574657398075,0,0.028307574657398075,0,0.028307574657398075,0.028307574657398075,1,1984,1984,FALSE
347,0.42682755919023874,0.42682755919023874,0,0.42682755919023874,0.42682755919023874,0,0.42682755919023874,1,1999,1999,FALSE
412,0,0,0,0,0,0,0,0,NA,NA,FALSE
413,0,0,0,0,0,0,0,0,NA,NA,FALSE
414,0,0,0,0,0,0,0,0,NA,NA,FALSE
415,0,0,0,0,0,0,0,0,NA,NA,FALSE
416,0.034678864408321707,0.0019107991471775377,0.03276806526114417,0,0,0,0.034678864408321707,2,1998,2003,TRUE
417,0,0,0,0,0,0,0,0,NA,NA,FALSE
418,0.27428272149167,0,0.27428272149167,0.27428272149167,0.27428272149167,0,0.27428272149167,1,2006,2006,TRUE
483,0,0,0,0,0,0,0,0,NA,NA,FALSE
484,0,0,0,0,0,0,0,0,NA,NA,FALSE
485,0,0,0,0,0,0,0,0,NA,NA,FALSE
486,0,0,0,0,0,0,0,0,NA,NA,FALSE
487,0,0,0,0,0,0,0,0,NA,NA,FALSE
554,0.1687496191641676,0.1687496191641676,0,0.1687496191641676,0.1687496191641676,0,0.1687496191641676,1,1986,1986,FALSE
555,0.09884401369475838,0.09884401369475838,0,0.09884401369475838,0.09884401369475838,0,0.09884401369475838,1,1986,1986,FALSE
556,0,0,0,0,0,0,0,0,NA,NA,FALSE
557,0,0,0,0,0,0,0,0,NA,NA,FALSE
558,0,0,0,0,0,0,0,0,NA,NA,FALSE
559,0,0,0,0,0,0,0,0,NA,NA,FALSE
560,0,0,0,0,0,0,0,0,NA,NA,FALSE
561,0,0,0,0,0,0,0,0,NA,NA,FALSE
563,0,0,0,0,0,0,0,0,NA,NA,FALSE
564,0.05050127916168095,0,0.05050127916168095,0.05050127916168095,0,0.05050127916168095,0.05050127916168095,1,2003,2003,TRUE
592,0.8979924452878562,0.8979924452878562,0,0.8979924452878562,0,0.8979924452878562,0.8979924452878562,1,1980,1980,FALSE
593,0.6120332227855422,0.6120332227855422,0,0.6120332227855422,0,0.6120332227855422,0.6120332227855422,1,1980,1980,FALSE
625,0,0,0,0,0,0,0,0,NA,NA,FALSE
626,0.7753533789768902,0.7753533789768902,0,0.7753533789768902,0.7753533789768902,0,0.7753533789768902,1,1986,1986,FALSE
627,0.24992546721533265,0.24992546721533265,0,0.24992546721533265,0.24992546721533265,0,0.24992546721533265,1,1986,1986,FALSE
628,0,0,0,0,0,0,0,0,NA,NA,FALSE
629,0,0,0,0,0,0,0,0,NA,NA,FALSE
630,0,0,0,0,0,0,0,0,NA,NA,FALSE
634,0,0,0,0,0,0,0,0,NA,NA,FALSE
635,0,0,0,0,0,0,0,0,NA,NA,FALSE
636,0,0,0,0,0,0,0,0,NA,NA,FALSE
637,0.09116393831565432,0.0033933314111189708,0.08777060690453536,0,0.08777060690453536,0,0.09116393831565432,2,1986,2002,TRUE
640,0.1537523938025363,0.12545236859696374,0.028300025205572545,0.1537523938025363,0.0274342679414254,0,0.1537523938025363,3,1999,1999,FALSE
663,0.3343318243059038,0,0,0,0,0,0.3343318243059038,1,NA,NA,FALSE
664,0.06836386607464523,0.06836386607464523,0,0.06836386607464523,0,0.06836386607464523,0.06836386607464523,1,1980,1980,FALSE
665,0.10113643370956367,0.04031461666375532,0.06082181704580836,0.04031461666375532,0,0.10113643370956367,0.10113643370956367,2,1980,1980,FALSE
666,0.9305282573096433,0,0.9305282573096433,0,0,0.9305282573096433,0.9305282573096433,1,2001,2001,TRUE
696,0,0,0,0,0,0,0,0,NA,NA,FALSE
698,0.40320738370099035,0.40320738370099035,0,0.40320738370099035,0.40320738370099035,0,0.40320738370099035,1,1986,1986,FALSE
699,0.07387652515597586,0.07387652515597586,0,0.07387652515597586,0.07387652515597586,0,0.07387652515597586,1,1986,1986,FALSE
700,0,0,0,0,0,0,0,0,NA,NA,FALSE
701,0.04587934088044904,0.04587934088044904,0,0.04587934088044904,0,0.04587934088044904,0.04587934088044904,1,1998,1998,FALSE
702,0,0,0,0,0,0,0,0,NA,NA,FALSE
704,0,0,0,0,0,0,0,0,NA,NA,FALSE
705,0,0,0,0,0,0,0,0,NA,NA,FALSE
706,0,0,0,0,0,0,0,0,NA,NA,FALSE
708,0,0,0,0,0,0,0,0,NA,NA,FALSE
710,0.3170376843937163,0,0.31703704104563013,0.31703704104563013,0.31703704104563013,0,0.3170376843937163,3,2005,2005,TRUE
711,0.056566121727938866,0.03465062357485792,0.021915498153080946,0.056566121727938866,0.021915498153080946,0.03465062357485792,0.056566121727938866,2,1958,1958,FALSE
712,0.07988977338069594,5.74766727769695e-7,0.07988919861396818,0.07988977338069594,5.74766727769695e-7,0,0.07988977338069594,2,1999,2004,TRUE
716,0.07136700836718894,0.07136700836718894,0,0.07136700836718894,0.07136700836718894,0,0.07136700836718894,1,1999,1999,FALSE
717,0.18126402575601605,0.18126402575601605,0,0.18126402575601605,0.18126402575601605,0,0.18126402575601605,2,1994,1994,FALSE
735,0.059701486115016356,0,0,0,0,0,0.059701486115016356,1,NA,NA,FALSE
736,0,0,0,0,0,0,0,0,NA,NA,FALSE
737,0.05209820678534867,0,0.05209820678534867,0,0,0.05209820678534867,0.05209820678534867,1,2001,2001,TRUE
738,0.8693762976031734,0.021065307804764982,0.8693762976031734,0,0,0.8693762976031734,0.8693762976031734,5,1986,1986,FALSE
772,0,0,0,0,0,0,0,0,NA,NA,FALSE
773,0.013762803456190959,0.013762803456190959,0,0,0,0,0.013762803456190959,2,1997,1997,FALSE
774,0.13649246572444348,0.13649246572444348,0,0,0,0,0.13649246572444348,2,1997,1997,FALSE
775,0,0,0,0,0,0,0,0,NA,NA,FALSE
776,0,0,0,0,0,0,0,0,NA,NA,FALSE
777,6.400926789182337e-4,6.400926789182337e-4,0,0,0,0,6.400926789182337e-4,1,1989,NA,FALSE
778,0.13641385808452056,0.014917181272824882,0.12149787105042406,0.12149787105042406,0.12149787105042406,0,0.13641385808452056,5,1987,1995,FALSE
783,0,0,0,0,0,0,0,0,NA,NA,FALSE
784,0.0032885790711652406,0.0032885790711652406,0,0,0.0032885790711652406,0,0.0032885790711652406,1,1997,NA,FALSE
787,0,0,0,0,0,0,0,0,NA,NA,FALSE
788,0,0,0,0,0,0,0,0,NA,NA,FALSE
804,0,0,0,0,0,0,0,0,NA,NA,FALSE
805,0,0,0,0,0,0,0,0,NA,NA,FALSE
806,0,0,0,0,0,0,0,0,NA,NA,FALSE
807,0,0,0,0,0,0,0,0,NA,NA,FALSE
808,0,0,0,0,0,0,0,0,NA,NA,FALSE
809,0,0,0,0,0,0,0,0,NA,NA,FALSE
810,0.04018188578312833,0,0.04018188578312833,0,0,0.04018188578312833,0.04018188578312833,1,2001,2001,TRUE
811,0.4000415544540247,0,0.4000415544540247,0,0,0.4000415544540247,0.4000415544540247,1,2001,2001,TRUE
812,0.8213189189773509,0,0.8213189189773509,0,0,0.8213189189773509,0.8213189189773509,1,2001,2001,TRUE
813,0.9906157314689279,0,0.9906157314689279,0,0,0.9906157314689279,0.9906157314689279,1,2001,2001,TRUE
845,0.009051630335804625,0.009051630335804625,0,0,0,0,0.009051630335804625,2,1997,NA,FALSE
846,0.03121604009841785,0.03121604009841785,0,0,0,0,0.03121604009841785,2,1997,1997,FALSE
847,0,0,0,0,0,0,0,0,NA,NA,FALSE
848,0,0,0,0,0,0,0,0,NA,NA,FALSE
849,0.0166026585883109,0.0166026585883109,0,0,0,0,0.0166026585883109,1,1989,1989,FALSE
850,0.015230849333436351,0.015230849333436415,0,0.0017127176486713281,0,0,0.015230849333436351,4,1986,NA,FALSE
851,0.06645076518046558,0,0.06645076518046558,0.06645076518046558,0.06645076518046558,0,0.06645076518046558,1,2007,2007,TRUE
855,0.025348863521236397,0.025348863521236397,0,0.025348863521236397,0,0.025348863521236397,0.025348863521236397,1,1980,1980,FALSE
856,0.001033841337508311,0.001033841337508311,0,0,0,0,0.001033841337508311,1,1985,NA,FALSE
857,0.0028647029943161617,0.0028647029943161617,0,0,0,0,0.0028647029943161617,1,1992,NA,FALSE
858,9.426391681648742e-4,0,9.426391681648742e-4,0,9.426391681648742e-4,0,9.426391681648742e-4,1,2008,NA,FALSE
859,0.1649530665897804,0.16495306658978054,0,0.14809818091895,0.16495306658978054,0,0.1649530665897804,11,1991,1991,FALSE
860,0.19927360189723567,0.19927360189723567,0,0.19927360189721596,0.19927360189723567,0,0.19927360189723567,2,1991,1998,FALSE
876,0,0,0,0,0,0,0,0,NA,NA,FALSE
877,0,0,0,0,0,0,0,0,NA,NA,FALSE
878,0,0,0,0,0,0,0,0,NA,NA,FALSE
879,0,0,0,0,0,0,0,0,NA,NA,FALSE
881,0,0,0,0,0,0,0,0,NA,NA,FALSE
882,0,0,0,0,0,0,0,0,NA,NA,FALSE
883,0,0,0,0,0,0,0,0,NA,NA,FALSE
884,0.06466609977168994,0,0.06466609977168994,0,0,0.06466609977168994,0.06466609977168994,1,2001,2001,TRUE
885,0.21674693828458677,0,0.21674693828458677,0,0,0.21674693828458677,0.21674693828458677,1,2001,2001,TRUE
916,0,0,0,0,0,0,0,0,NA,NA,FALSE
917,0,0,0,0,0,0,0,0,NA,NA,FALSE
918,2.682327782118382e-4,0,2.682327782118382e-4,2.682327782118382e-4,0,2.682327782118382e-4,2.682327782118382e-4,1,2003,NA,FALSE
920,0.14104085955423715,0.14104085955423715,0,0.14104085955423715,0,0,0.14104085955423715,1,1996,1996,FALSE
921,0.0518634719215442,0.0518634719215442,0,0.032110596284270834,0.014347587607594603,0,0.0518634719215442,3,1981,1981,FALSE
922,0.04671840108640439,0.04671840108640439,0,0.0010590145534448742,0.0010590145534448742,0,0.04671840108640439,2,1981,1986,FALSE
923,0.0014043126186437413,0.0014043126186437413,0,0,0,0,0.0014043126186437413,1,1992,NA,FALSE
927,0,0,0,0,0,0,0,0,NA,NA,FALSE
929,0,0,0,0,0,0,0,0,NA,NA,FALSE
931,0.048887637366593954,0.048887637366593954,0,0.048887637366593954,0.048887637366593954,0,0.048887637366593954,5,1991,1991,FALSE
947,0.11172785654006613,0.11172785654006613,0,0.11172785654006613,0,0,0.11172785654006613,1,1980,1980,FALSE
948,0.19948524822050917,0.19948524822050917,0,0.19948524822050917,0,0,0.19948524822050917,1,1980,1980,FALSE
949,0,0,0,0,0,0,0,0,NA,NA,FALSE
950,0,0,0,0,0,0,0,0,NA,NA,FALSE
951,0,0,0,0,0,0,0,0,NA,NA,FALSE
952,0,0,0,0,0,0,0,0,NA,NA,FALSE
953,0,0,0,0,0,0,0,0,NA,NA,FALSE
955,0,0,0,0,0,0,0,0,NA,NA,FALSE
956,0,0,0,0,0,0,0,0,NA,NA,FALSE
985,0,0,0,0,0,0,0,0,NA,NA,FALSE
986,0,0,0,0,0,0,0,0,NA,NA,FALSE
987,0,0,0,0,0,0,0,0,NA,NA,FALSE
988,0,0,0,0,0,0,0,0,NA,NA,FALSE
989,0,0,0,0,0,0,0,0,NA,NA,FALSE
991,0.048294203043827956,0,0.048294203043827956,0.048294203043827956,0,0.048294203043827956,0.048294203043827956,1,2003,2003,TRUE
992,0,0,0,0,0,0,0,0,NA,NA,FALSE
993,0.26168590754163484,0.26168590754163484,0,0.26168590754163484,0.26168590754163484,0,0.26168590754163484,1,1981,1981,FALSE
994,0.028133150389283393,0.028133150389283393,0,0.028133150389283393,0.028133150389283393,0,0.028133150389283393,1,1981,1981,FALSE
995,0,0,0,0,0,0,0,0,NA,NA,FALSE
996,0,0,0,0,0,0,0,0,NA,NA,FALSE
997,0,0,0,0,0,0,0,0,NA,NA,FALSE
999,0.0032991540524138683,0.0032991540524138683,0,0,0,0,0.0032991540524138683,2,1996,NA,FALSE
1001,0,0,0,0,0,0,0,0,NA,NA,FALSE
1002,0,0,0,0,0,0,0,0,NA,NA,FALSE
1003,0,0,0,0,0,0,0,0,NA,NA,FALSE
1018,0,0,0,0,0,0,0,0,NA,NA,FALSE
1019,0.017797377513562824,0,0.017797377513562824,0.017797377513562824,0.017797377513562824,0,0.017797377513562824,1,2000,2000,TRUE
1021,0.03685484970672107,0.03685484970672107,0,0.03685484970672107,0,0,0.03685484970672107,1,1983,1983,FALSE
1022,0,0,0,0,0,0,0,0,NA,NA,FALSE
1023,0,0,0,0,0,0,0,0,NA,NA,FALSE
1025,0,0,0,0,0,0,0,0,NA,NA,FALSE
1027,0,0,0,0,0,0,0,0,NA,NA,FALSE
1028,0,0,0,0,0,0,0,0,NA,NA,FALSE
1029,0,0,0,0,0,0,0,0,NA,NA,FALSE
1055,0,0,0,0,0,0,0,0,NA,NA,FALSE
1057,0,0,0,0,0,0,0,0,NA,NA,FALSE
1058,0,0,0,0,0,0,0,0,NA,NA,FALSE
1061,0.2427754555026835,0.2427754555026835,0,0.2427754555026835,0,0.2427754555026835,0.2427754555026835,2,1996,1996,FALSE
1063,0.3747999584635174,0.3747999584635177,0,0.3747999584635174,0.03406115067398321,0,0.3747999584635174,2,1981,1981,FALSE
1064,0.19264182260177595,0.19264182260177595,0,0.19264182260177595,0.18394293248016907,0,0.19264182260177595,2,1981,1981,FALSE
1065,0,0,0,0,0,0,0,0,NA,NA,FALSE
1066,0.10440962130978049,0.10440962130978049,0,0.10440962130978049,0.10440962130978049,0,0.10440962130978049,1,1986,1986,FALSE
1068,0,0,0,0,0,0,0,0,NA,NA,FALSE
1069,0.014943787653668422,0.014943787653668422,0,0,0,0,0.014943787653668422,1,1983,1983,FALSE
1070,0.042595236974186185,0.042595236974186185,0,0,0,0,0.042595236974186185,1,1982,1982,FALSE
1073,0.021291639339284216,0.021291639339284216,0,0.019360299559914706,0.0019313397793695086,0.019360299559914706,0.021291639339284216,2,1989,1989,FALSE
1075,0,0,0,0,0,0,0,0,NA,NA,FALSE
1076,0,0,0,0,0,0,0,0,NA,NA,FALSE
1089,0,0,0,0,0,0,0,0,NA,NA,FALSE
1090,0,0,0,0,0,0,0,0,NA,NA,FALSE
1091,0,0,0,0,0,0,0,0,NA,NA,FALSE
1092,0.30096311694841976,0.0027713472880163126,0.29821178705559204,0.30096311694841976,0.29821178705559204,0,0.30096311694841976,2,1983,2000,TRUE
1093,0.10314349755077906,0.04633972956808181,0.05705561527901408,0.10314349755077906,0.05705561527901408,0,0.10314349755077906,2,1983,1983,FALSE
1094,0,0,0,0,0,0,0,0,NA,NA,FALSE
1095,0,0,0,0,0,0,0,0,NA,NA,FALSE
1096,0,0,0,0,0,0,0,0,NA,NA,FALSE
1097,0,0,0,0,0,0,0,0,NA,NA,FALSE
1098,0,0,0,0,0,0,0,0,NA,NA,FALSE
1100,0,0,0,0,0,0,0,0,NA,NA,FALSE
1101,0,0,0,0,0,0,0,0,NA,NA,FALSE
1103,0,0,0,0,0,0,0,0,NA,NA,FALSE
1126,0,0,0,0,0,0,0,0,NA,NA,FALSE
1127,0,0,0,0,0,0,0,0,NA,NA,FALSE
1128,0.062025058168773566,0.062025058168773566,0,0.062025058168773566,0,0,0.062025058168773566,1,1985,1985,FALSE
1129,0.4670419262098753,0.4670419262098753,0,0.4670419262098753,0,0,0.4670419262098753,1,1985,1985,FALSE
1130,0,0,0,0,0,0,0,0,NA,NA,FALSE
1131,0.15322942495618697,0.15322942495618697,0,0.15322942495618697,0,0.15322942495618697,0.15322942495618697,1,1998,1998,FALSE
1133,0.0019764361711607824,0.0019764361711607824,0,0.0019764361711607824,0,0.0019764361711607824,0.0019764361711607824,1,1997,NA,FALSE
1134,0,0,0,0,0,0,0,0,NA,NA,FALSE
1137,0.06776339769778715,0.06776339769778623,0,0.022197567769235822,0,0,0.06776339769778715,4,1986,1986,FALSE
1138,0.039244493257719226,0,0.039244493257719226,0.039244493257719226,0.039244493257719226,0,0.039244493257719226,1,2004,2004,TRUE
1139,0.012136515517567432,0,0.012136515517567432,0.012136515517567432,0.012136515517567432,0,0.012136515517567432,1,2004,2004,TRUE
1140,0,0,0,0,0,0,0,0,NA,NA,FALSE
1142,0.009736436822131964,0,0.009736436822131964,0,0,0.009736436822131964,0.009736436822131964,1,2010,NA,FALSE
1143,0.007967145334982486,0.007967145334982486,0,0,0.007967145334982486,0,0.007967145334982486,1,1980,NA,FALSE
1144,0.05520481169002958,0.05520481169002958,0,0.04858091182425594,0.006623899865773639,0.04858091182425594,0.05520481169002958,2,1980,1981,FALSE
1145,8.106213371972482e-4,8.106213371972482e-4,0,0,8.106213371972482e-4,0,8.106213371972482e-4,1,1996,NA,FALSE
1161,0,0,0,0,0,0,0,0,NA,NA,FALSE
1162,3.9722394706652155e-4,3.9722394706652155e-4,0,0,0,0,3.9722394706652155e-4,1,1983,NA,FALSE
1163,0,0,0,0,0,0,0,0,NA,NA,FALSE
1164,0,0,0,0,0,0,0,0,NA,NA,FALSE
1165,0,0,0,0,0,0,0,0,NA,NA,FALSE
1166,0,0,0,0,0,0,0,0,NA,NA,FALSE
1167,0,0,0,0,0,0,0,0,NA,NA,FALSE
1168,0,0,0,0,0,0,0,0,NA,NA,FALSE
1169,0.0029367496179902586,0.0029367496179902586,0,5.187278574972384e-5,0,0.0029367496179902586,0.0029367496179902586,2,1980,NA,FALSE
1170,0.37785496309211836,0.37785496309211836,0,0.3584588576901817,0,0.37785496309211836,0.37785496309211836,2,1980,1980,FALSE
1171,0.009422029324461536,0.009422029324461536,0,0.009422029324461536,0,0.009422029324461536,0.009422029324461536,1,1983,NA,FALSE
1172,0,0,0,0,0,0,0,0,NA,NA,FALSE
1173,0,0,0,0,0,0,0,0,NA,NA,FALSE
1175,0,0,0,0,0,0,0,0,NA,NA,FALSE
1196,0,0,0,0,0,0,0,0,NA,NA,FALSE
1197,0,0,0,0,0,0,0,0,NA,NA,FALSE
1198,0,0,0,0,0,0,0,0,NA,NA,FALSE
1199,0,0,0,0,0,0,0,0,NA,NA,FALSE
1200,0.02243988833107996,0.02243988833107996,0,0.02243988833107996,0,0,0.02243988833107996,1,1985,1985,FALSE
1201,0.6687523095626973,0.6687523095626973,0,0.6687523095626973,0,0,0.6687523095626973,1,1985,1985,FALSE
1202,0.07996110131713123,0.07996110131713123,0,0.06722021071440393,0,0,0.07996110131713123,3,1985,1985,FALSE
1203,0,0,0,0,0,0,0,0,NA,NA,FALSE
1204,0.00805818662776036,0.00805818662776036,0,0,0,0.00805818662776036,0.00805818662776036,1,1997,NA,FALSE
1205,0,0,0,0,0,0,0,0,NA,NA,FALSE
1206,0,0,0,0,0,0,0,0,NA,NA,FALSE
1207,0,0,0,0,0,0,0,0,NA,NA,FALSE
1208,0,0,0,0,0,0,0,0,NA,NA,FALSE
1209,0,0,0,0,0,0,0,0,NA,NA,FALSE
1210,0,0,0,0,0,0,0,0,NA,NA,FALSE
1211,0,0,0,0,0,0,0,0,NA,NA,FALSE
1212,0,0,0,0,0,0,0,0,NA,NA,FALSE
1213,0,0,0,0,0,0,0,0,NA,NA,FALSE
1214,0.13641584789409267,0.048798643779324725,0.08761720411476792,0.09905837060175848,0.048798643779324725,0.08761720411476791,0.13641584789409267,5,1991,1991,FALSE
1215,0.23207272843412796,0.23207272843412796,0,0.049874552388155996,0.23207272843412796,0,0.23207272843412796,2,1980,1980,FALSE
1216,0.06025265248511494,0.00427716315376085,0.055975489331354086,0.05911460449744272,0.001138047987672214,0.0031391151660886355,0.06025265248511494,3,1980,2006,TRUE
1234,0,0,0,0,0,0,0,0,NA,NA,FALSE
1235,0,0,0,0,0,0,0,0,NA,NA,FALSE
1236,0.057885253042925876,0.057885253042925876,0,0.057885253042925876,0,0.057885253042925876,0.057885253042925876,1,1983,1983,FALSE
1237,0.010964693525634304,0.010964693525634304,0,0.010964693525634304,0,0,0.010964693525634304,1,1980,1980,FALSE
1238,0.05376213868029537,0.05376213868029537,0,0.05376213868029537,0,0,0.05376213868029537,1,1980,1980,FALSE
1239,0,0,0,0,0,0,0,0,NA,NA,FALSE
1240,0,0,0,0,0,0,0,0,NA,NA,FALSE
1241,0,0,0,0,0,0,0,0,NA,NA,FALSE
1242,0.0037915702794362165,0.0037915702794362165,0,0.0037915702794362165,0,0.0037915702794362165,0.0037915702794362165,1,1983,NA,FALSE
1243,0.0015310700831162641,0.0015310700831162641,0,0.0015310700831162641,0,0.0015310700831162641,0.0015310700831162641,1,1983,NA,FALSE
1244,0,0,0,0,0,0,0,0,NA,NA,FALSE
1246,0,0,0,0,0,0,0,0,NA,NA,FALSE
1247,0,0,0,0,0,0,0,0,NA,NA,FALSE
1248,0,0,0,0,0,0,0,0,NA,NA,FALSE
1249,0,0,0,0,0,0,0,0,NA,NA,FALSE
1268,0,0,0,0,0,0,0,0,NA,NA,FALSE
1269,0,0,0,0,0,0,0,0,NA,NA,FALSE
1270,0,0,0,0,0,0,0,0,NA,NA,FALSE
1271,0,0,0,0,0,0,0,0,NA,NA,FALSE
1272,0,0,0,0,0,0,0,0,NA,NA,FALSE
1273,0.0065161904320473404,0.0065161904320473404,0,0.0065161904320473404,0,0,0.0065161904320473404,1,1987,NA,FALSE
1274,0.1488547732125808,0.1488547732125808,0,0.1488547732125808,0,0,0.1488547732125808,1,1987,1987,FALSE
1275,0,0,0,0,0,0,0,0,NA,NA,FALSE
1276,0.0015078704412893875,0.0015078704412893875,0,0,0.0015078704412893875,0,0.0015078704412893875,1,1997,NA,FALSE
1277,0,0,0,0,0,0,0,0,NA,NA,FALSE
1279,0,0,0,0,0,0,0,0,NA,NA,FALSE
1280,0,0,0,0,0,0,0,0,NA,NA,FALSE
1281,5.584110802840868e-4,5.584110802840868e-4,0,0,0,0,5.584110802840868e-4,1,1981,NA,FALSE
1282,0.0020195963206332797,0,0.0020195963206332797,0.0020195963206332797,0,0,0.0020195963206332797,1,2000,NA,FALSE
1283,0.04784712017675562,0.04784712017675562,0,0.04784712017675562,0,0,0.04784712017675562,1,1983,1983,FALSE
1284,0,0,0,0,0,0,0,0,NA,NA,FALSE
1286,3.608647823774512e-4,3.608647823774512e-4,0,0,0,3.608647823774512e-4,3.608647823774512e-4,1,1991,NA,FALSE
1287,0,0,0,0,0,0,0,0,NA,NA,FALSE
1288,0,0,0,0,0,0,0,0,NA,NA,FALSE
1289,0.22023292124545596,0,0.22023292124545596,0.024656324360455444,0,0.1322489302135308,0.22023292124545596,6,2001,2001,TRUE
1305,0,0,0,0,0,0,0,0,NA,NA,FALSE
1306,0,0,0,0,0,0,0,0,NA,NA,FALSE
1307,0,0,0,0,0,0,0,0,NA,NA,FALSE
1308,0,0,0,0,0,0,0,0,NA,NA,FALSE
1309,0.18530548468919933,0.18530548468919933,0,0.18530548468919933,0,0,0.18530548468919933,1,1980,1980,FALSE
1312,0,0,0,0,0,0,0,0,NA,NA,FALSE
1313,0,0,0,0,0,0,0,0,NA,NA,FALSE
1314,0,0,0,0,0,0,0,0,NA,NA,FALSE
1315,0,0,0,0,0,0,0,0,NA,NA,FALSE
1316,0,0,0,0,0,0,0,0,NA,NA,FALSE
1319,0,0,0,0,0,0,0,0,NA,NA,FALSE
1320,0,0,0,0,0,0,0,0,NA,NA,FALSE
1321,0,0,0,0,0,0,0,0,NA,NA,FALSE
1322,0,0,0,0,0,0,0,0,NA,NA,FALSE
1328,0,0,0,0,0,0,0,0,NA,NA,FALSE
1339,5.909525761086226e-5,5.909525761086226e-5,0,0,0,0,5.909525761086226e-5,1,1999,NA,FALSE
1340,0.0018449347547465358,0.0018449347547465358,0,0,0,0,0.0018449347547465358,1,1997,NA,FALSE
1341,0,0,0,0,0,0,0,0,NA,NA,FALSE
1344,0,0,0,0,0,0,0,0,NA,NA,FALSE
1345,0,0,0,0,0,0,0,0,NA,NA,FALSE
1346,0.03738469607037253,0,0.03738469607037253,0.03738469607037253,0,0.03738469607037253,0.03738469607037253,1,2001,2001,TRUE
1348,4.134807964365484e-4,4.134807964365484e-4,0,0,0,0,4.134807964365484e-4,1,1997,NA,FALSE
1349,0.0023166288404478865,0.0023166288404478865,0,0,0,0,0.0023166288404478865,1,1997,NA,FALSE
1351,0.004172134228650683,0.004172134228650683,0,0.004172134228650683,0,0.004172134228650683,0.004172134228650683,1,1988,NA,FALSE
1352,0.046445527168212486,0.046445527168212486,0.0015867959470413503,0.03352814842262758,0.012917378745584907,0.03352814842262758,0.046445527168212486,5,1986,1986,FALSE
1353,0,0,0,0,0,0,0,0,NA,NA,FALSE
1354,0,0,0,0,0,0,0,0,NA,NA,FALSE
1355,0,0,0,0,0,0,0,0,NA,NA,FALSE
1357,0.17944467356496385,0.16160116197368415,0.01784351159127971,0.17829081921301612,0,0.16160116197368415,0.17944467356496385,5,1990,1990,FALSE
1358,0.08064573688641438,0.08064573688641438,0,0.08064573688641438,0,0.08064573688641438,0.08064573688641438,2,1960,1960,FALSE
1359,0.02213241227487183,0.02213241227487183,0,0.02213241227487183,0,0.02213241227487183,0.02213241227487183,1,1996,1996,FALSE
1360,0.33622260478856675,0.3358738523469499,3.4875244161686935e-4,0.33622260478856675,0,0.3358738523469499,0.33622260478856675,3,1996,1996,FALSE
1361,0.581900700374138,0,0.581900700374138,0.581900700374138,0,0,0.581900700374138,2,2001,2001,TRUE
1377,0.45299487626378676,0.45299487626378676,0,0.45299487626378676,0,0.45299487626378676,0.45299487626378676,1,1980,1980,FALSE
1379,0,0,0,0,0,0,0,0,NA,NA,FALSE
1380,0,0,0,0,0,0,0,0,NA,NA,FALSE
1381,0,0,0,0,0,0,0,0,NA,NA,FALSE
1382,0,0,0,0,0,0,0,0,NA,NA,FALSE
1383,0,0,0,0,0,0,0,0,NA,NA,FALSE
1384,0,0,0,0,0,0,0,0,NA,NA,FALSE
1385,0,0,0,0,0,0,0,0,NA,NA,FALSE
1386,0,0,0,0,0,0,0,0,NA,NA,FALSE
1393,0,0,0,0,0,0,0,0,NA,NA,FALSE
1400,0.05895823501163784,0.05895823501163784,0,0.05895823501163784,0,0,0.05895823501163784,1,1986,1986,FALSE
1410,0,0,0,0,0,0,0,0,NA,NA,FALSE
1412,0,0,0,0,0,0,0,0,NA,NA,FALSE
1413,3.612935422376008e-4,0,3.612935422376008e-4,0,0,0,3.612935422376008e-4,1,2000,NA,FALSE
1414,0,0,0,0,0,0,0,0,NA,NA,FALSE
1415,0,0,0,0,0,0,0,0,NA,NA,FALSE
1416,0,0,0,0,0,0,0,0,NA,NA,FALSE
1417,0,0,0,0,0,0,0,0,NA,NA,FALSE
1418,0.11359089615582137,0.09164188688034249,0.11079806972481009,0.11359089615582464,0,0.11079806972481009,0.11359089615582137,4,1994,1994,FALSE
1419,0.01981561968385478,0,0.01981561968385478,0.01981561968385478,0,0.01981561968385478,0.01981561968385478,1,2002,2002,TRUE
1420,0.0032522557588043014,0.0032522557588043014,0,0,0,0.0032522557588043014,0.0032522557588043014,1,1997,NA,FALSE
1421,0.005666099912408457,0,0.005666099912408457,0,0,0.005666099912408457,0.005666099912408457,1,2009,NA,FALSE
1422,0.024818231950193264,0,0.024818231950193264,0,0,0.024818231950193264,0.024818231950193264,1,2000,2000,TRUE
1423,0.05517190563296516,0.05517190563296516,0,0.05517190563296516,0,0.05517190563296516,0.05517190563296516,2,1981,1981,FALSE
1424,0,0,0,0,0,0,0,0,NA,NA,FALSE
1425,0,0,0,0,0,0,0,0,NA,NA,FALSE
1426,0.02935449288988153,0.02935449288988153,0,0,0,0.02935449288988153,0.02935449288988153,1,1990,1990,FALSE
1427,0.001503209077629619,0.001503209077629619,0,0,1.784408759749865e-5,0.0014853649900321204,0.001503209077629619,2,1984,NA,FALSE
1428,0.0778668469904094,0.04631494894806658,0.03155189804234281,0.0764808179097246,0.04519316981449051,0.0011217791335760728,0.0778668469904094,7,1984,1991,FALSE
1429,0.013978694298003965,0,0.013978694298003965,0.013978694298003965,0,0,0.013978694298003965,2,2002,NA,FALSE
1430,0.3874933958122914,0.3874933958122914,0,0.3874933958122914,0,0.38005106697189805,0.3874933958122914,2,1960,1960,FALSE
1448,0,0,0,0,0,0,0,0,NA,NA,FALSE
1449,0,0,0,0,0,0,0,0,NA,NA,FALSE
1450,0,0,0,0,0,0,0,0,NA,NA,FALSE
1452,0,0,0,0,0,0,0,0,NA,NA,FALSE
1453,0.1022401151804681,0.1022401151804681,0,0.1022401151804681,0,0,0.1022401151804681,1,1983,1983,FALSE
1454,0.4923375769163618,0.4923375769163618,0,0.4923375769163618,0,0,0.4923375769163618,1,1983,1983,FALSE
1455,0.09827678922114727,0.09827678922114727,0,0.09827678922114727,0,0,0.09827678922114727,1,1983,1983,FALSE
1456,0,0,0,0,0,0,0,0,NA,NA,FALSE
1462,0.7637430070341787,0.7637430070341787,0,0.7637430070341787,0,0,0.7637430070341787,1,1986,1986,FALSE
1465,0.1330886978207333,0.1330886978207333,0,0.1330886978207333,0,0,0.1330886978207333,1,1987,1987,FALSE
1466,0.5078231000892586,0.5078231000892586,0,0.5078231000892586,0,0,0.5078231000892586,1,1987,1987,FALSE
1468,0,0,0,0,0,0,0,0,NA,NA,FALSE
1471,0,0,0,0,0,0,0,0,NA,NA,FALSE
1476,0,0,0,0,0,0,0,0,NA,NA,FALSE
1479,0,0,0,0,0,0,0,0,NA,NA,FALSE
1480,0,0,0,0,0,0,0,0,NA,NA,FALSE
1481,0.037377779827433344,0.037377779827433344,0,0,0,0,0.037377779827433344,1,1993,1993,FALSE
1482,0,0,0,0,0,0,0,0,NA,NA,FALSE
1483,0.03818529645474965,0.03818529645474965,0,0.03818529645474965,0,0.03818529645474965,0.03818529645474965,1,1996,1996,FALSE
1484,0.22277189341506212,0.22277189341506212,0,0.22277189341506212,0,0.22277189341506212,0.22277189341506212,1,1996,1996,FALSE
1485,0,0,0,0,0,0,0,0,NA,NA,FALSE
1486,0.002530614536188319,0.002530614536188319,0,0,0.002530614536188319,0,0.002530614536188319,1,1985,NA,FALSE
1487,0,0,0,0,0,0,0,0,NA,NA,FALSE
1488,0,0,0,0,0,0,0,0,NA,NA,FALSE
1489,0,0,0,0,0,0,0,0,NA,NA,FALSE
1490,0,0,0,0,0,0,0,0,NA,NA,FALSE
1491,0.13868659917148393,0.049131200192910986,0.0896601060429218,0.08178018025955135,0,0.1386865991714839,0.13868659917148393,3,1996,1996,FALSE
1492,0.004088639973606672,1.415360565709679e-4,0.003947103917035704,0,0,0.003947103917035704,0.004088639973606672,2,1996,NA,FALSE
1493,0.020961365421006524,9.23575253264163e-5,0.02086900789568011,0.01512891637415847,0,0.02086900789568011,0.020961365421006524,4,1999,2001,TRUE
1494,9.455457015301887e-4,9.455457015301887e-4,0,0,0,0,9.455457015301887e-4,1,1999,NA,FALSE
1495,0.1426872050349197,0.1426872050349197,0,0.1426872050349197,0,0.07642421316281461,0.1426872050349197,2,1981,1981,FALSE
1496,0.0023137730337015553,0.0023137730337015553,0,0,0,0.0023137730337015553,0.0023137730337015553,1,1984,NA,FALSE
1497,0.002125079691224158,0,0.002125079691224158,0,0,0,0.002125079691224158,1,2001,NA,FALSE
1498,0.028006300808177575,0.02132253392029365,0.006683766887883925,0.02132253392029365,0,0.028006300808177575,0.028006300808177575,3,1981,1981,FALSE
1499,0.016576142859369522,0.01609191774343522,4.8422511593429983e-4,0.015440262900567816,6.516548428678773e-4,0.01592448801650164,0.016576142859369522,4,1981,1981,FALSE
1500,0.047080110818628604,0.047080110818628604,0,0,0.0034542154975730306,0,0.047080110818628604,2,1991,1992,FALSE
1502,0.10041239849582526,0.10041239849582526,0,0.10041239849582526,0,0,0.10041239849582526,1,1996,1996,FALSE
1518,0,0,0,0,0,0,0,0,NA,NA,FALSE
1520,0,0,0,0,0,0,0,0,NA,NA,FALSE
1521,0,0,0,0,0,0,0,0,NA,NA,FALSE
1522,0,0,0,0,0,0,0,0,NA,NA,FALSE
1523,0,0,0,0,0,0,0,0,NA,NA,FALSE
1528,0,0,0,0,0,0,0,0,NA,NA,FALSE
1529,0,0,0,0,0,0,0,0,NA,NA,FALSE
1533,0,0,0,0,0,0,0,0,NA,NA,FALSE
1536,0.25882987533678303,0.25882987533678303,0,0.25882987533678303,0,0,0.25882987533678303,2,1986,1986,FALSE
1537,0.00769369909175747,0.00769369909175747,0,0.00769369909175747,0,0,0.00769369909175747,1,1987,NA,FALSE
1538,0.342889942642508,0.342889942642508,0,0.342889942642508,0,0,0.342889942642508,1,1987,1987,FALSE
1539,0.03603886568756085,0.03603886568756085,0,0.03603886568756085,0,0,0.03603886568756085,1,1987,1987,FALSE
1540,0,0,0,0,0,0,0,0,NA,NA,FALSE
1542,0,0,0,0,0,0,0,0,NA,NA,FALSE
1550,0.3352016812351666,0.3352016812351666,0,0.2124290488064956,0,0,0.3352016812351666,2,1995,1995,FALSE
1551,0,0,0,0,0,0,0,0,NA,NA,FALSE
1552,0,0,0,0,0,0,0,0,NA,NA,FALSE
1553,0,0,0,0,0,0,0,0,NA,NA,FALSE
1554,0.13798025851846865,0.13520676371926343,0.002773494799205215,0.13520676371926343,0.002773494799205215,0.13520676371926343,0.13798025851846865,2,1996,1996,FALSE
1555,0.2740856818417894,0.2740856818417894,0,0.2740856818417894,0,0.2740856818417894,0.2740856818417894,1,1996,1996,FALSE
1556,0.054154399449110976,0.054154399449110976,0,0.054154399449110976,0,0.054154399449110976,0.054154399449110976,1,1996,1996,FALSE
1557,0,0,0,0,0,0,0,0,NA,NA,FALSE
1558,0,0,0,0,0,0,0,0,NA,NA,FALSE
1559,0,0,0,0,0,0,0,0,NA,NA,FALSE
1560,0.023040731161182302,0.023040731161182302,0,0.023040731161182302,0,0.023040731161182302,0.023040731161182302,4,1986,1999,FALSE
1561,0.007038338989550423,0.007038338989550423,0,0.007038338989550423,0,0.007038338989550423,0.007038338989550423,1,1999,NA,FALSE
1562,0.02467549413641955,0.02467549413641955,0,0.02467549413641955,0,0.02467549413641955,0.02467549413641955,1,1988,1988,FALSE
1563,0,0,0,0,0,0,0,0,NA,NA,FALSE
1564,0,0,0,0,0,0,0,0,NA,NA,FALSE
1565,0.015612545795617288,0,0.015612545795617288,0.015612545795617288,0,0.015612545795617288,0.015612545795617288,1,2001,2001,TRUE
1566,0,0,0,0,0,0,0,0,NA,NA,FALSE
1567,0.08850627138471064,0.08850627138471064,0,0.08850627138471064,0,0,0.08850627138471064,1,1985,1985,FALSE
1568,0.0027006257693977845,0.0027006257693977845,0,0,0,0.0027006257693977845,0.0027006257693977845,1,1986,NA,FALSE
1569,0,0,0,0,0,0,0,0,NA,NA,FALSE
1570,0.010562413355568907,0.004551709313196256,0.006010704042372651,0,0,0.010562413355568907,0.010562413355568907,2,1981,NA,FALSE
1571,9.207056972818906e-4,0,9.207056972818906e-4,0,0,9.207056972818906e-4,9.207056972818906e-4,1,2003,NA,FALSE
1586,0,0,0,0,0,0,0,0,NA,NA,FALSE
1587,0,0,0,0,0,0,0,0,NA,NA,FALSE
1588,0,0,0,0,0,0,0,0,NA,NA,FALSE
1589,0,0,0,0,0,0,0,0,NA,NA,FALSE
1590,0,0,0,0,0,0,0,0,NA,NA,FALSE
1591,0,0,0,0,0,0,0,0,NA,NA,FALSE
1592,0,0,0,0,0,0,0,0,NA,NA,FALSE
1593,0,0,0,0,0,0,0,0,NA,NA,FALSE
1594,0,0,0,0,0,0,0,0,NA,NA,FALSE
1602,0,0,0,0,0,0,0,0,NA,NA,FALSE
1608,0.4187509576151349,0.4187509576151349,0,0.4187509576151349,0.14429488805124038,0,0.4187509576151349,2,1992,1992,FALSE
1609,0,0,0,0,0,0,0,0,NA,NA,FALSE
1610,0.05665671644953825,0.05665671644953825,0,0.05665671644953825,0,0,0.05665671644953825,1,1982,1982,FALSE
1612,0,0,0,0,0,0,0,0,NA,NA,FALSE
1613,0.021501888461228556,0.021501888461228556,0,0.021501888461228556,0,0.021501888461228556,0.021501888461228556,1,1987,1987,FALSE
1614,0.04432842487272119,0.04432842487272119,0,0.04432842487272119,0.04432842487272119,0,0.04432842487272119,2,1992,1992,FALSE
1616,0,0,0,0,0,0,0,0,NA,NA,FALSE
1617,0,0,0,0,0,0,0,0,NA,NA,FALSE
1618,0.11048575343670607,0.11048575343670607,0,0,0,0,0.11048575343670607,1,1999,1999,FALSE
1619,0.2546600057556029,0.2546600057556029,0,0,0,0,0.2546600057556029,1,1999,1999,FALSE
1620,0.11005610363027579,0.11005610363027579,0,0,0,0,0.11005610363027579,1,1999,1999,FALSE
1621,0.03614301483255903,0.03614301483255903,0,0,0,0,0.03614301483255903,1,1996,1996,FALSE
1622,0.08742780429493083,0.08742780429493083,0,0.02416720868432412,0,0,0.08742780429493083,2,1986,1986,FALSE
1623,0.5048196303431571,0.5048196303431571,0,0.5048196303431571,0,0,0.5048196303431571,1,1986,1986,FALSE
1624,0,0,0,0,0,0,0,0,NA,NA,FALSE
1625,0,0,0,0,0,0,0,0,NA,NA,FALSE
1626,0,0,0,0,0,0,0,0,NA,NA,FALSE
1627,0.0033952909947106416,0.0033952909947106416,0,0,0,0,0.0033952909947106416,1,1999,NA,FALSE
1629,0,0,0,0,0,0,0,0,NA,NA,FALSE
1630,0,0,0,0,0,0,0,0,NA,NA,FALSE
1631,0.01182516735976242,0.01182516735976242,0,0.011825167359762422,0,0.010101468545831915,0.01182516735976242,2,1983,1983,FALSE
1632,0.0784743372950912,0.07847433729509119,0,0.07656424740676882,0,0.07656424740676879,0.0784743372950912,3,1983,1983,FALSE
1633,0,0,0,0,0,0,0,0,NA,NA,FALSE
1634,0.015415016849056485,0.015415016849056867,0,0.015415016849056646,0,0.01524708587117197,0.015415016849056485,4,1984,1984,FALSE
1635,0,0,0,0,0,0,0,0,NA,NA,FALSE
1636,0.002577335232626145,0.002577335232626145,0,0.002577335232626145,0,0,0.002577335232626145,2,1999,NA,FALSE
1637,0,0,0,0,0,0,0,0,NA,NA,FALSE
1639,0.07024576577248962,0.07024576577248962,0,0.07024576577248962,0,0,0.07024576577248962,1,1992,1992,FALSE
1640,0.007222238523951367,0.007222238523951367,0,0.007222238523951367,0,0.007222238523951367,0.007222238523951367,1,1981,NA,FALSE
1641,0.042164816661976,0.042164816661976,0,0.042164816661976,0.042164816661976,0,0.042164816661976,2,1987,1987,FALSE
1642,0.017986607688999567,0.017986607688999567,0,0.017986607688999567,0.017986607688999567,0,0.017986607688999567,2,1987,1987,FALSE
1658,0,0,0,0,0,0,0,0,NA,NA,FALSE
1659,0,0,0,0,0,0,0,0,NA,NA,FALSE
1660,0,0,0,0,0,0,0,0,NA,NA,FALSE
1661,0,0,0,0,0,0,0,0,NA,NA,FALSE
1662,0,0,0,0,0,0,0,0,NA,NA,FALSE
1666,0,0,0,0,0,0,0,0,NA,NA,FALSE
1669,0,0,0,0,0,0,0,0,NA,NA,FALSE
1672,0,0,0,0,0,0,0,0,NA,NA,FALSE
1674,0,0,0,0,0,0,0,0,NA,NA,FALSE
1675,0.35472538100755413,0.35472538100755413,0,0.35472538100755413,0,0,0.35472538100755413,1,1986,1986,FALSE
1676,0.6814593650074627,0.6814593650074627,0,0.6814593650074627,0,0,0.6814593650074627,1,1986,1986,FALSE
1678,0.870076583811332,0.870076583811332,0,0.870076583811332,0,0,0.870076583811332,5,1982,1982,FALSE
1679,0.4844523324163523,0.4844523324163523,0,0.4844523324163523,0,0,0.4844523324163523,5,1982,1982,FALSE
1680,0,0,0,0,0,0,0,0,NA,NA,FALSE
1681,0,0,0,0,0,0,0,0,NA,NA,FALSE
1684,0.22210003093572306,0.22210003093572306,0,0.22210003093572306,0,0.1855748920392715,0.22210003093572306,2,1982,1982,FALSE
1685,0.557092235404647,0.557092235404647,0,0.557092235404647,0,0.557092235404647,0.557092235404647,1,1987,1987,FALSE
1686,0.13715064124133855,0.13715064124133855,0,0.13715064124133855,0.0028446943342296466,0.1343059469071089,0.13715064124133855,3,1987,1987,FALSE
1687,0.051333373441027424,0.051333373441027424,0,0.04315106575759604,0.030478524966445972,0.020854848474581446,0.051333373441027424,4,1980,1987,FALSE
1688,0.021707802591240118,0.021707802591240118,0,0.021707802591240118,0,0.021707802591240118,0.021707802591240118,1,1987,1987,FALSE
1689,0,0,0,0,0,0,0,0,NA,NA,FALSE
1692,0.9864098727554319,0.9864098727554319,0,0,0,0,0.9864098727554319,1,1999,1999,FALSE
1693,0.36713232592996936,0.36713232592996936,0,0.04820179643670466,0,0.04820179643670466,0.36713232592996936,7,1982,1992,FALSE
1694,0.19463088865525877,0.1946308886552587,0,0.19463088865525877,0,0.19463088865525877,0.19463088865525877,6,1982,1982,FALSE
1695,0.21018076239896105,0.21018076239896105,0,0.21018076239896105,0,0,0.21018076239896105,2,1986,1986,FALSE
1696,0,0,0,0,0,0,0,0,NA,NA,FALSE
1697,0,0,0,0,0,0,0,0,NA,NA,FALSE
1698,0,0,0,0,0,0,0,0,NA,NA,FALSE
1699,0,0,0,0,0,0,0,0,NA,NA,FALSE
1700,0,0,0,0,0,0,0,0,NA,NA,FALSE
1701,0,0,0,0,0,0,0,0,NA,NA,FALSE
1702,0,0,0,0,0,0,0,0,NA,NA,FALSE
1703,0,0,0,0,0,0,0,0,NA,NA,FALSE
1704,0,0,0,0,0,0,0,0,NA,NA,FALSE
1705,0,0,0,0,0,0,0,0,NA,NA,FALSE
1706,0.05754473660747756,0.05754473660747756,0,0.05754473660747756,0,0,0.05754473660747756,1,1984,1984,FALSE
1707,0,0,0,0,0,0,0,0,NA,NA,FALSE
1708,0,0,0,0,0,0,0,0,NA,NA,FALSE
1710,0.34256398767092194,0.34256398767092194,0,0.34256398767092194,0,0,0.34256398767092194,5,1980,1980,FALSE
1711,0.08885374608576908,0.08472555463770025,0.004128191448068846,0.08286261229551804,0,0,0.08885374608576908,9,1985,1992,FALSE
1712,0,0,0,0,0,0,0,0,NA,NA,FALSE
1731,0,0,0,0,0,0,0,0,NA,NA,FALSE
1732,0,0,0,0,0,0,0,0,NA,NA,FALSE
1733,0,0,0,0,0,0,0,0,NA,NA,FALSE
1734,0,0,0,0,0,0,0,0,NA,NA,FALSE
1738,0,0,0,0,0,0,0,0,NA,NA,FALSE
1739,0,0,0,0,0,0,0,0,NA,NA,FALSE
1743,0,0,0,0,0,0,0,0,NA,NA,FALSE
1748,0.13988822260059355,0.13988822260059355,0,0.13988822260059355,0,0,0.13988822260059355,1,1986,1986,FALSE
1749,0.221270079050368,0.221270079050368,0,0.221270079050368,0,0,0.221270079050368,1,1986,1986,FALSE
1753,0,0,0,0,0,0,0,0,NA,NA,FALSE
1755,0.3894901222463042,0.3894901222463042,0,0.3894901222463042,0,0,0.3894901222463042,1,1982,1982,FALSE
1756,0,0,0,0,0,0,0,0,NA,NA,FALSE
1757,0.020432704294090578,0.020432704294090578,0,0.020432704294090578,0,0.020432704294090578,0.020432704294090578,1,1987,1987,FALSE
1758,0.13721095173093634,0.13721095173093634,0,0.13721095173093634,0,0.13721095173093634,0.13721095173093634,1,1987,1987,FALSE
1759,0.5137449481342695,0.5137449481342695,0,0.5137449481342695,0,0.5137449481342695,0.5137449481342695,1,1987,1987,FALSE
1760,0.1773328161013766,0.1773328161013766,0,0.1773328161013766,0,0.1773328161013766,0.1773328161013766,1,1987,1987,FALSE
1761,0.02858299346887267,0.02858299346887267,0,0.02858299346887267,0,0.02858299346887267,0.02858299346887267,1,1987,1987,FALSE
1762,0.6091319279992162,0.6091319279992163,0,0.44664118841907746,0,0,0.6091319279992162,7,1982,1982,FALSE
1764,0.9999999999999999,0.9999999999999999,0,0,0,0,0.9999999999999999,1,1999,1999,FALSE
1765,0.5686337949804238,0.5686337949804238,0,0.1318451282997822,0,0.13184512829978218,0.5686337949804238,7,1982,1982,FALSE
1766,0.060160618435373826,0.060160618435373826,0,0.060160618435373826,0,0.0282550643123056,0.060160618435373826,3,1982,1982,FALSE
1767,0.03703837488995058,0.037013727558120026,2.4647331830554834e-5,0.037013727558120026,0,0,0.03703837488995058,2,1998,1998,FALSE
1769,0,0,0,0,0,0,0,0,NA,NA,FALSE
1770,0,0,0,0,0,0,0,0,NA,NA,FALSE
1772,0.034952266917090725,0.031861017734564054,0.003091249182526672,0.034952266917090725,0,0.003091249182526672,0.034952266917090725,2,1980,1980,FALSE
1773,0,0,0,0,0,0,0,0,NA,NA,FALSE
1774,0.03591359757653716,0,0.03591359757653716,0.03591359757653716,0,0.03591359757653716,0.03591359757653716,1,2001,2001,TRUE
1775,0,0,0,0,0,0,0,0,NA,NA,FALSE
1776,0,0,0,0,0,0,0,0,NA,NA,FALSE
1777,0,0,0,0,0,0,0,0,NA,NA,FALSE
1778,0.024422545463864714,0.024422545463864714,0,0,0.024214658956884957,0,0.024422545463864714,2,1995,1995,FALSE
1779,0.22449545177471517,0.22449545177471517,0,0.22449545177471517,0.22449545177471517,0,0.22449545177471517,1,1999,1999,FALSE
1782,0.136108570936376,0.136108570936376,0,0.136108570936376,0,0,0.136108570936376,2,1980,1980,FALSE
1783,0,0,0,0,0,0,0,0,NA,NA,FALSE
1803,0,0,0,0,0,0,0,0,NA,NA,FALSE
1804,3.740549055981505e-4,3.740549055981505e-4,0,0,0,0,3.740549055981505e-4,2,1984,NA,FALSE
1805,0,0,0,0,0,0,0,0,NA,NA,FALSE
1806,0,0,0,0,0,0,0,0,NA,NA,FALSE
1807,0,0,0,0,0,0,0,0,NA,NA,FALSE
1809,0,0,0,0,0,0,0,0,NA,NA,FALSE
1815,0,0,0,0,0,0,0,0,NA,NA,FALSE
1816,4.094041630836007e-4,4.0923963364857777e-4,2.1693806989901078e-4,4.0923963364857777e-4,0,0,4.094041630836007e-4,3,1983,NA,FALSE
1819,0.5117498158154498,0.5117498158154498,0,0.5117498158154498,0,0,0.5117498158154498,1,1983,1983,FALSE
1820,0.24591911634585645,0.24591911634585645,0,0.24591911634585645,0,0,0.24591911634585645,1,1983,1983,FALSE
1821,0.0017880185695496762,0.0017880185695496762,0,0.0017880185695496762,0,0,0.0017880185695496762,1,1983,NA,FALSE
1823,0,0,0,0,0,0,0,0,NA,NA,FALSE
1824,0,0,0,0,0,0,0,0,NA,NA,FALSE
1825,0,0,0,0,0,0,0,0,NA,NA,FALSE
1826,0,0,0,0,0,0,0,0,NA,NA,FALSE
1828,0,0,0,0,0,0,0,0,NA,NA,FALSE
1829,0,0,0,0,0,0,0,0,NA,NA,FALSE
1830,0,0,0,0,0,0,0,0,NA,NA,FALSE
1831,0,0,0,0,0,0,0,0,NA,NA,FALSE
1832,0.22326284198252253,0.22326284198252253,0,0.22326284198252253,0,0.22326284198252253,0.22326284198252253,1,1987,1987,FALSE
1833,0.5120816321206841,0.5120816321206841,0,0.5120816321206841,0,0.5120816321206841,0.5120816321206841,1,1987,1987,FALSE
1834,0.5655688632639284,0.5655688632639284,0,0.17120188996932675,0,0.17120188996932675,0.5655688632639284,5,1972,1987,FALSE
1835,0.9953303777384671,0.9953303777384671,0,4.7012702501677445e-5,0,4.7012702501677445e-5,0.9953303777384671,2,1987,1999,FALSE
1836,0.9906572743625675,0.9906572743625675,0,0.017220723828505407,0,0,0.9906572743625675,4,1984,1984,FALSE
1837,0.4328360673585591,0.4328360673585591,0,0.0058252359885150855,0,0,0.4328360673585591,4,1984,1999,FALSE
1838,0.09224345014038816,0.09224345014038816,0,0.09224345014038816,0,0,0.09224345014038816,3,1985,1985,FALSE
1839,0.1382527955440358,0.1382527955440358,0,0.1382527955440358,0,0,0.1382527955440358,1,1998,1998,FALSE
1840,0,0,0,0,0,0,0,0,NA,NA,FALSE
1841,0,0,0,0,0,0,0,0,NA,NA,FALSE
1842,0,0,0,0,0,0,0,0,NA,NA,FALSE
1843,7.091986793134357e-4,7.091986793134357e-4,0,7.091986793134357e-4,0,0,7.091986793134357e-4,1,1980,NA,FALSE
1844,0.0157952715078378,0.0157952715078378,0,0.0157952715078378,0,0,0.0157952715078378,1,1980,1980,FALSE
1845,0,0,0,0,0,0,0,0,NA,NA,FALSE
1846,0,0,0,0,0,0,0,0,NA,NA,FALSE
1847,0,0,0,0,0,0,0,0,NA,NA,FALSE
1848,0.02833085023240706,0,0.02833085023240706,0.02833085023240706,0.02833085023240706,0,0.02833085023240706,1,2000,2000,TRUE
1849,0,0,0,0,0,0,0,0,NA,NA,FALSE
1850,0.0012811012083311219,0.0012811012083311219,0,0,0,0,0.0012811012083311219,1,1999,NA,FALSE
1851,0.013937955031460487,0.013937955031460487,0,0.013937955031460487,0.013937955031460487,0,0.013937955031460487,1,1999,1999,FALSE
1852,0.30223095463982885,0.30223095463982885,0,0.30223095463982885,0.30223095463982885,0,0.30223095463982885,1,1990,1990,FALSE
1853,0,0,0,0,0,0,0,0,NA,NA,FALSE
1854,0.006638137739048594,0.006638137739048594,0,0.0037754263717839423,0,0.002862711367264651,0.006638137739048594,2,1988,NA,FALSE
1855,0,0,0,0,0,0,0,0,NA,NA,FALSE
1856,0,0,0,0,0,0,0,0,NA,NA,FALSE
1875,0.8372995569011379,0.8372995569011379,0,0,0,0,0.8372995569011379,2,1984,1984,FALSE
1876,0.7787655273547659,0.7787655273547659,0,0,0,0,0.7787655273547659,2,1984,1984,FALSE
1877,0,0,0,0,0,0,0,0,NA,NA,FALSE
1878,0,0,0,0,0,0,0,0,NA,NA,FALSE
1879,0,0,0,0,0,0,0,0,NA,NA,FALSE
1880,0,0,0,0,0,0,0,0,NA,NA,FALSE
1881,0,0,0,0,0,0,0,0,NA,NA,FALSE
1882,0,0,0,0,0,0,0,0,NA,NA,FALSE
1884,0,0,0,0,0,0,0,0,NA,NA,FALSE
1892,0.9905038848590885,0.9905038848590885,0,0.9905038848590885,0,0,0.9905038848590885,1,1983,1983,FALSE
1895,0,0,0,0,0,0,0,0,NA,NA,FALSE
1896,0,0,0,0,0,0,0,0,NA,NA,FALSE
1897,0,0,0,0,0,0,0,0,NA,NA,FALSE
1899,0.221203785838574,0,0.221203785838574,0,0,0,0.221203785838574,1,2000,2000,TRUE
1900,0.12379256394062442,0,0.12379256394062442,0,0,0,0.12379256394062442,1,2000,2000,TRUE
1901,0,0,0,0,0,0,0,0,NA,NA,FALSE
1902,0.026896152907788826,0.026896152907788826,0,0.026896152907788826,0,0,0.026896152907788826,1,1975,1975,FALSE
1903,0.6453386075309452,0.6453386075309452,0,0.6453386075309452,0,0,0.6453386075309452,1,1975,1975,FALSE
1904,0.056565515280526266,0.056565515280526266,0,0.056565515280526266,0,0,0.056565515280526266,1,1975,1975,FALSE
1905,0,0,0,0,0,0,0,0,NA,NA,FALSE
1906,0.31302236554454,0.29045314031332703,0.022569225231212946,0.31302236554454,0,0.31302236554454,0.31302236554454,2,1987,1987,FALSE
1907,0.1466729226598001,0.1466729226598001,0,0.016298437512617843,0,0.016298437512617843,0.1466729226598001,2,1987,1987,FALSE
1908,0.08865572945796771,0.08865572945796771,0,2.227339476627134e-4,0,0,0.08865572945796771,2,1984,1999,FALSE
1909,0,0,0,0,0,0,0,0,NA,NA,FALSE
1910,0.051045657409590495,0.051045657409590495,0,0.051045657409590495,0,0.051045657409590495,0.051045657409590495,1,1982,1982,FALSE
1911,0,0,0,0,0,0,0,0,NA,NA,FALSE
1912,0,0,0,0,0,0,0,0,NA,NA,FALSE
1913,0,0,0,0,0,0,0,0,NA,NA,FALSE
1914,0,0,0,0,0,0,0,0,NA,NA,FALSE
1916,0,0,0,0,0,0,0,0,NA,NA,FALSE
1917,0,0,0,0,0,0,0,0,NA,NA,FALSE
1918,0.02424098924134753,0,0.02424098924134753,0.02424098924134753,0,0.02424098924134753,0.02424098924134753,1,2006,2006,TRUE
1919,6.284840558167398e-4,0,6.284840558167398e-4,0,0,6.284840558167398e-4,6.284840558167398e-4,1,2001,NA,FALSE
1920,0,0,0,0,0,0,0,0,NA,NA,FALSE
1921,0,0,0,0,0,0,0,0,NA,NA,FALSE
1922,0,0,0,0,0,0,0,0,NA,NA,FALSE
1923,4.713638775240965e-4,4.713638775240965e-4,0,0,0,0,4.713638775240965e-4,1,1992,NA,FALSE
1924,0,0,0,0,0,0,0,0,NA,NA,FALSE
1925,0,0,0,0,0,0,0,0,NA,NA,FALSE
1926,4.2718593844604284e-4,4.2718593844604284e-4,0,0,0,4.2718593844604284e-4,4.2718593844604284e-4,1,1998,NA,FALSE
1927,0.029114681372854802,0.029114681372854802,0,0.029114681372854802,0,0.029114681372854802,0.029114681372854802,1,1999,1999,FALSE
1928,0.007467264213833426,0.007467264213833426,0,0.006923443265815215,0,0,0.007467264213833426,2,1987,NA,FALSE
1950,0,0,0,0,0,0,0,0,NA,NA,FALSE
1951,0,0,0,0,0,0,0,0,NA,NA,FALSE
1952,0,0,0,0,0,0,0,0,NA,NA,FALSE
1953,0,0,0,0,0,0,0,0,NA,NA,FALSE
1967,0,0,0,0,0,0,0,0,NA,NA,FALSE
1968,0,0,0,0,0,0,0,0,NA,NA,FALSE
1969,0,0,0,0,0,0,0,0,NA,NA,FALSE
1970,0,0,0,0,0,0,0,0,NA,NA,FALSE
1971,0.08113594951983802,0,0.08113594951983802,0,0,0,0.08113594951983802,1,2000,2000,TRUE
1972,0.17237323158489495,0,0.17237323158489495,0,0,0,0.17237323158489495,1,2000,2000,TRUE
1973,0,0,0,0,0,0,0,0,NA,NA,FALSE
1974,0,0,0,0,0,0,0,0,NA,NA,FALSE
1975,0.13111936273089927,0.13111936273089927,0,0.13111936273089927,0,0,0.13111936273089927,1,1975,1975,FALSE
1976,0.07201483020659806,0.07201483020659806,0,0.07201483020659806,0,0,0.07201483020659806,1,1975,1975,FALSE
1977,0,0,0,0,0,0,0,0,NA,NA,FALSE
1978,0.054659979601846875,0,0.054659979601846875,0.054659979601846875,0,0.054659979601846875,0.054659979601846875,1,2001,2001,TRUE
1979,0,0,0,0,0,0,0,0,NA,NA,FALSE
1980,0,0,0,0,0,0,0,0,NA,NA,FALSE
1981,0.047207447528894234,0,0.047207447528894234,0.047207447528894234,0,0.03100446924954779,0.047207447528894234,2,2002,2002,TRUE
1982,0.010556008436646185,0.010556008436646185,0,0.010556008436646185,0,0.010556008436646185,0.010556008436646185,1,1982,1982,FALSE
1983,0,0,0,0,0,0,0,0,NA,NA,FALSE
1984,0,0,0,0,0,0,0,0,NA,NA,FALSE
1985,0,0,0,0,0,0,0,0,NA,NA,FALSE
1986,0,0,0,0,0,0,0,0,NA,NA,FALSE
1987,0.03092419262629882,0.03092419262629882,0,0.03092419262629882,0,0,0.03092419262629882,1,1993,1993,FALSE
1988,0,0,0,0,0,0,0,0,NA,NA,FALSE
1989,0,0,0,0,0,0,0,0,NA,NA,FALSE
1990,0,0,0,0,0,0,0,0,NA,NA,FALSE
1991,0,0,0,0,0,0,0,0,NA,NA,FALSE
1992,0,0,0,0,0,0,0,0,NA,NA,FALSE
1993,0,0,0,0,0,0,0,0,NA,NA,FALSE
1994,0.041658351997893375,0,0.041658351997893375,0,0,0.041658351997893375,0.041658351997893375,5,2001,2006,TRUE
1995,0,0,0,0,0,0,0,0,NA,NA,FALSE
1996,0,0,0,0,0,0,0,0,NA,NA,FALSE
1997,0,0,0,0,0,0,0,0,NA,NA,FALSE
1998,0.15797903894065488,0,0.15797903894065488,0,0,0.15797903894065488,0.15797903894065488,1,2000,2000,TRUE
2024,0,0,0,0,0,0,0,0,NA,NA,FALSE
2027,0.1892396350261419,0.1892396350261419,0,0.1892396350261419,0,0,0.1892396350261419,1,1993,1993,FALSE
2028,0.16261669723669417,0.16261669723669417,0,0.16261669723669417,0,0,0.16261669723669417,1,1993,1993,FALSE
2039,0.7629374055945218,0.7629374055945218,0,0.7629374055945218,0,0,0.7629374055945218,1,1995,1995,FALSE
2040,0.23860931332849797,0.23860931332849797,0,0.23860931332849797,0,0,0.23860931332849797,1,1995,1995,FALSE
2041,0,0,0,0,0,0,0,0,NA,NA,FALSE
2044,0,0,0,0,0,0,0,0,NA,NA,FALSE
2045,0,0,0,0,0,0,0,0,NA,NA,FALSE
2046,0,0,0,0,0,0,0,0,NA,NA,FALSE
2047,0,0,0,0,0,0,0,0,NA,NA,FALSE
2048,0,0,0,0,0,0,0,0,NA,NA,FALSE
2049,0,0,0,0,0,0,0,0,NA,NA,FALSE
2050,0.08893631818619095,0.02612147251119975,0.06281484567499121,0.08666440150279399,0,0.08666440150279399,0.08893631818619095,3,1980,1980,FALSE
2051,0.0472460841186117,0.04660715570800977,6.389284106019266e-4,0.0472460841186117,0,0.0472460841186117,0.0472460841186117,2,1986,1986,FALSE
2052,7.871334458017924e-4,7.871334458017924e-4,0,0,0,7.871334458017924e-4,7.871334458017924e-4,1,1997,NA,FALSE
2053,0,0,0,0,0,0,0,0,NA,NA,FALSE
2054,0.12723028564315,0.12723028564314998,0,0.12723028564314998,0,0.12723028564314998,0.12723028564315,2,1982,1982,FALSE
2055,0,0,0,0,0,0,0,0,NA,NA,FALSE
2056,0.05159104757082219,0.05159104757082219,0,0.05159104757082219,0,0.05159104757082219,0.05159104757082219,1,1999,1999,FALSE
2057,0.009267249529832322,0.009267249529832322,0,0.009267249529832322,0,0.009267249529832322,0.009267249529832322,1,1999,NA,FALSE
2058,0.06991881491680921,0.012678156165207479,0.05724065875160173,0.05724065875160173,0.012678156165207479,0,0.06991881491680921,2,1996,1996,FALSE
2059,0.013534603905484962,0.013534603905484962,0,0,0.013534603905484962,0,0.013534603905484962,1,1996,1996,FALSE
2060,0.025887667009238134,0.025887667009238134,0,0.025887667009238134,0,0.01873982527356471,0.025887667009238134,3,1982,1983,FALSE
2061,0.029020283436945873,0.029020283436945873,0,0.029020283436945873,0,0,0.029020283436945873,2,1982,1982,FALSE
2062,0.02544016013625226,0.02544016013625226,0,0.02544016013625226,0,0,0.02544016013625226,1,1982,1982,FALSE
2063,0,0,0,0,0,0,0,0,NA,NA,FALSE
2064,0,0,0,0,0,0,0,0,NA,NA,FALSE
2065,0,0,0,0,0,0,0,0,NA,NA,FALSE
2066,0,0,0,0,0,0,0,0,NA,NA,FALSE
2067,0,0,0,0,0,0,0,0,NA,NA,FALSE
2068,0,0,0,0,0,0,0,0,NA,NA,FALSE
2069,0,0,0,0,0,0,0,0,NA,NA,FALSE
2111,0.4639952556662864,0.4639952556662864,0,0.4639952556662864,0,0,0.4639952556662864,1,1995,1995,FALSE
2112,0,0,0,0,0,0,0,0,NA,NA,FALSE
2113,0,0,0,0,0,0,0,0,NA,NA,FALSE
2114,0,0,0,0,0,0,0,0,NA,NA,FALSE
2116,0,0,0,0,0,0,0,0,NA,NA,FALSE
2117,0,0,0,0,0,0,0,0,NA,NA,FALSE
2118,0,0,0,0,0,0,0,0,NA,NA,FALSE
2119,0,0,0,0,0,0,0,0,NA,NA,FALSE
2120,0,0,0,0,0,0,0,0,NA,NA,FALSE
2121,0,0,0,0,0,0,0,0,NA,NA,FALSE
2122,0.08869294222340995,0.002074625622787697,0.08661831660062225,0.08869294222340995,0,0.08869294222340995,0.08869294222340995,3,1982,2005,TRUE
2123,0.10545580172740532,0.01766983873882604,0.08967424685497578,0.10545580172740532,0,0.10415954756107795,0.10545580172740532,6,1982,1982,FALSE
2124,0.007750663916360035,0,0.007750663916360035,0.007750663916360035,0,0,0.007750663916360035,1,2005,NA,FALSE
2125,0.0017342301576476378,0,0.0017342301576476378,0.0017342301576476378,0,0,0.0017342301576476378,1,2010,NA,FALSE
2126,0.011368589831459384,0.00149745809906052,0.009871131732399044,0.011368589831459384,0,0.00149745809906052,0.011368589831459384,4,1982,NA,FALSE
2127,0,0,0,0,0,0,0,0,NA,NA,FALSE
2128,0,0,0,0,0,0,0,0,NA,NA,FALSE
2129,0,0,0,0,0,0,0,0,NA,NA,FALSE
2130,0.12408992625270002,0.07033408011281793,0.057060198760652714,0.057060198760652714,0.07033408011281793,0,0.12408992625270002,6,1995,1996,FALSE
2131,0.05053673446511871,0.02478641296489336,0.032167581841340755,0.05053673446511871,0.02478641296489336,0,0.05053673446511871,4,1995,1995,FALSE
2132,0.038513777252775376,0.038513777252775376,0,0.038513777252775376,0.015924073684577874,0,0.038513777252775376,2,1982,1982,FALSE
2133,0.07306019019941526,0.07306019019941525,0,0.07306019019941525,0.028860483400066646,0,0.07306019019941526,3,1982,1982,FALSE
2134,0,0,0,0,0,0,0,0,NA,NA,FALSE
2135,0.04472019371019504,0.04472019371019504,0,0.04472019371019499,0.04472019371019499,0,0.04472019371019504,2,1988,1988,FALSE
2136,0,0,0,0,0,0,0,0,NA,NA,FALSE
2137,0,0,0,0,0,0,0,0,NA,NA,FALSE
2138,0,0,0,0,0,0,0,0,NA,NA,FALSE
2139,0.0014857227932931459,0.0014857227932931459,0,0,0,0.0014857227932931459,0.0014857227932931459,1,1996,NA,FALSE
2140,0.007435731070479144,0.007435731070479144,0,0,0,0.007435731070479144,0.007435731070479144,1,1981,NA,FALSE
2171,0.9999999999999994,0.9999999999999994,0,0.9999999999999994,0,0,0.9999999999999994,1,1993,1993,FALSE
2182,0.1341680712177725,0.1341680712177725,0,0.1341680712177725,0,0,0.1341680712177725,1,1995,1995,FALSE
2183,0.04826739569627544,0.04826739569627544,0,0.04826739569627544,0,0,0.04826739569627544,1,1995,1995,FALSE
2184,0,0,0,0,0,0,0,0,NA,NA,FALSE
2186,0,0,0,0,0,0,0,0,NA,NA,FALSE
2187,0,0,0,0,0,0,0,0,NA,NA,FALSE
2188,0.20637326572798764,0.20637326572798764,0,0.20637326572798764,0,0,0.20637326572798764,1,1997,1997,FALSE
2189,0.25787322595299833,0.25787322595299833,0,0.25787322595299833,0,0,0.25787322595299833,1,1997,1997,FALSE
2191,0,0,0,0,0,0,0,0,NA,NA,FALSE
2193,0.213323630042455,0.213323630042455,0,0.213323630042455,0,0.1637364649794813,0.213323630042455,2,1982,1982,FALSE
2194,0.4597177193373361,0.28662163442594285,0.17314068825776227,0.4160054720278704,0.08124780956002348,0.334757662467847,0.4597177193373361,6,1965,1982,FALSE
2195,0.34226306857391875,0,0.34226306857391875,0.1931428777059418,0.0024151997746700597,0.1931428777059418,0.34226306857391875,12,2003,2004,TRUE
2196,0.0012637245265732626,0,0.0012637245265732626,0.0012637245265732626,0,0,0.0012637245265732626,1,2005,NA,FALSE
2197,0.018680169604236147,0.01624796526970243,0.0024322043345337157,0.0024322043345337157,0,0.01624796526970243,0.018680169604236147,2,1992,1992,FALSE
2198,0,0,0,0,0,0,0,0,NA,NA,FALSE
2199,0.10586960199909876,0.08851737804591953,0.02108495662266847,0.10575091256100301,0,0.07657832238049803,0.10586960199909876,22,1965,1965,FALSE
2200,0.044260981772888265,0.044260981772888265,0,0.044260981772888265,0,0.006479710770538784,0.044260981772888265,2,1965,1988,FALSE
2201,0.025158294368164053,0.025158294368164053,0,0.025158294368164053,0,0,0.025158294368164053,1,1988,1988,FALSE
2202,0.6352724637919511,1.460835471187754e-4,0.6351263802448324,0.6351263802448324,0,0,0.6352724637919511,2,1987,2001,TRUE
2203,0.3175294806560775,0.06488405102104391,0.2526454296350336,0.25364696605440007,0,0.001001536419366484,0.3175294806560775,3,1982,1982,FALSE
2204,0.0028940717221830154,0.0028940717221830154,0,0.0028940717221830154,0,0.0028940717221830154,0.0028940717221830154,1,1982,NA,FALSE
2205,0.0020446229021136306,0.0020446229021136306,0,0,0,0,0.0020446229021136306,2,1995,NA,FALSE
2206,0,0,0,0,0,0,0,0,NA,NA,FALSE
2207,0,0,0,0,0,0,0,0,NA,NA,FALSE
2208,0,0,0,0,0,0,0,0,NA,NA,FALSE
2209,0,0,0,0,0,0,0,0,NA,NA,FALSE
2210,0,0,0,0,0,0,0,0,NA,NA,FALSE
2211,0,0,0,0,0,0,0,0,NA,NA,FALSE
2212,0,0,0,0,0,0,0,0,NA,NA,FALSE
2213,0.037309339733638626,0.037309339733638626,0,0.037309339733638626,0,0,0.037309339733638626,1,1983,1983,FALSE
2214,0.21179483407389788,0.21179483407389788,0,0.21179483407389788,0,0,0.21179483407389788,1,1983,1983,FALSE
2240,0,0,0,0,0,0,0,0,NA,NA,FALSE
2241,0.18245548794988867,0.18245548794988867,0,0.18245548794988867,0,0,0.18245548794988867,1,1993,1993,FALSE
2250,1,1,0,1,0,0,1,1,1993,1993,FALSE
2254,0,0,0,0,0,0,0,0,NA,NA,FALSE
2255,0,0,0,0,0,0,0,0,NA,NA,FALSE
2257,0,0,0,0,0,0,0,0,NA,NA,FALSE
2258,0,0,0,0,0,0,0,0,NA,NA,FALSE
2259,0.01546805563025137,0.01546805563025137,0,0.01546805563025137,0,0,0.01546805563025137,1,1986,1986,FALSE
2260,0.17018390408100173,0.17018390408100173,0,0.17018390408100173,0,0,0.17018390408100173,1,1997,1997,FALSE
2261,0.34902287427922857,0.34902287427922857,0,0.34902287427922857,0,0,0.34902287427922857,1,1997,1997,FALSE
2262,0,0,0,0,0,0,0,0,NA,NA,FALSE
2263,0,0,0,0,0,0,0,0,NA,NA,FALSE
2264,0.08635228234057346,0,0.08635228234057346,0.08632933295986052,0.08632933295986052,0,0.08635228234057346,3,2000,2000,TRUE
2265,0.25153552132731627,0.22273276517683305,0.028802756150483205,0.23348157559124613,0.01074881041441308,0,0.25153552132731627,4,1995,1995,FALSE
2266,0.40608005613875264,0.17403228836688758,0.2320477677718651,0.17403228836688758,0.21775343047385415,0,0.40608005613875264,5,1994,1994,FALSE
2267,0.32386994851360124,0.13261327926910985,0.19125666924449142,0.09174847466037836,0.09710340229103706,0,0.32386994851360124,22,1963,1963,FALSE
2268,0.08375524423411614,0,0.08375524423411614,0,0,0,0.08375524423411614,1,2006,2006,TRUE
2269,0.020648652365918053,0.0024572436436810217,0.018191408722237033,0,0,0,0.020648652365918053,2,1986,2002,TRUE
2270,0.07489638590144997,0.04637069481298175,0.02918571205315915,0.06942111276225511,0,0,0.07489638590144997,6,1982,1982,FALSE
2271,0.16197642979414742,0.13069513804375787,0.03256599434926695,0.16172195462287683,0,0,0.16197642979414742,20,1978,1978,FALSE
2272,0.15279668843814984,0.06400186935397842,0.0908216497311662,0.1527944320085919,0,0,0.15279668843814984,10,1978,1978,FALSE
2273,4.4315464188045923e-4,4.4315464188045923e-4,0,4.072696948723968e-4,0,0,4.4315464188045923e-4,2,1988,NA,FALSE
2274,0.11383681625936158,0,0.11383681625936158,0.11383681625936158,0,0,0.11383681625936158,1,2001,2001,TRUE
2275,0.16913837692217412,0.15018870095590509,0.018949675966269036,0.10289203757579352,0.011098970521125323,0.006834740186917078,0.16913837692217412,14,1982,1982,FALSE
2276,0.336884944974279,0.3360902199688172,7.947250054618308e-4,0.2530930125342804,7.947250054618308e-4,0.10855768489510662,0.336884944974279,13,1980,1980,FALSE
2277,0,0,0,0,0,0,0,0,NA,NA,FALSE
2278,0,0,0,0,0,0,0,0,NA,NA,FALSE
2279,0,0,0,0,0,0,0,0,NA,NA,FALSE
2280,0,0,0,0,0,0,0,0,NA,NA,FALSE
2281,0,0,0,0,0,0,0,0,NA,NA,FALSE
2282,0,0,0,0,0,0,0,0,NA,NA,FALSE
2283,0.12111068105647116,0.12111068105647116,0,0.12111068105647116,0.12111068105647116,0,0.12111068105647116,1,1985,1985,FALSE
2284,0.12732363433822402,0.12732363433822402,0,0.12732363433822402,0.12732363433822402,0,0.12732363433822402,1,1985,1985,FALSE
2285,0,0,0,0,0,0,0,0,NA,NA,FALSE
2286,0.16238135012327404,0.16238135012327404,0,0.16238135012327404,0,0,0.16238135012327404,1,1983,1983,FALSE
2312,0,0,0,0,0,0,0,0,NA,NA,FALSE
2313,0,0,0,0,0,0,0,0,NA,NA,FALSE
2320,0.9334931174579462,0.9334931174579462,0,0.9334931174579462,0,0,0.9334931174579462,1,1993,1993,FALSE
2326,0,0,0,0,0,0,0,0,NA,NA,FALSE
2327,0,0,0,0,0,0,0,0,NA,NA,FALSE
2328,0,0,0,0,0,0,0,0,NA,NA,FALSE
2329,0,0,0,0,0,0,0,0,NA,NA,FALSE
2330,0,0,0,0,0,0,0,0,NA,NA,FALSE
2331,0,0,0,0,0,0,0,0,NA,NA,FALSE
2332,0,0,0,0,0,0,0,0,NA,NA,FALSE
2333,0,0,0,0,0,0,0,0,NA,NA,FALSE
2334,0.06008049154369463,0,0.06008049154369463,0,0,0,0.06008049154369463,1,2003,2003,TRUE
2335,0.04594225649454991,0,0.04594225649454991,0,0,0,0.04594225649454991,1,2000,2000,TRUE
2336,0.2977572867426139,0,0.2977572867426139,0.05084707081883802,0.05084707081883802,0,0.2977572867426139,4,2000,2000,TRUE
2337,0.2097370214083202,0,0.2097370214083202,0.002495155996075263,0.002495155996075263,0,0.2097370214083202,3,2000,2001,TRUE
2338,0.06283016752210942,0,0.06283016752210942,0,0,0,0.06283016752210942,2,2000,2000,TRUE
2339,0.16530791416805182,0.16530791416805182,0,0.14871958334513544,0,0,0.16530791416805182,9,1963,1963,FALSE
2340,0.3064378950098026,0.28758415510221413,0.026142101283424205,0.23697448252052264,0,0,0.3064378950098026,9,1963,1963,FALSE
2341,0.20987025791720793,0.08705695287376697,0.12281330504344097,0.09400090332252946,0.05287088083228486,0,0.20987025791720793,9,1963,1963,FALSE
2342,0.04128461661126366,0.03726327257181263,0.004021344039451029,0.03306443669576155,0.004021344039451029,0.03306443669576155,0.04128461661126366,3,1991,1999,FALSE
2343,0.06649984492287048,0.005611418054769909,0.06088842686810057,0.05351564601663384,0,0.050062392019051,0.06649984492287048,9,1991,2003,TRUE
2344,0,0,0,0,0,0,0,0,NA,NA,FALSE
2345,0,0,0,0,0,0,0,0,NA,NA,FALSE
2346,0,0,0,0,0,0,0,0,NA,NA,FALSE
2347,0.05091169020301727,0.033424584198121464,0.017487106004895805,0.05091169020301727,0.017487106004895805,0.033424584198121464,0.05091169020301727,3,1987,1987,FALSE
2348,0.062251114511300026,0.001420669722737436,0.06083044478856259,0.062251114511300026,0.06083044478856259,0,0.062251114511300026,3,1998,2001,TRUE
2349,0,0,0,0,0,0,0,0,NA,NA,FALSE
2350,0,0,0,0,0,0,0,0,NA,NA,FALSE
2351,0,0,0,0,0,0,0,0,NA,NA,FALSE
2352,0,0,0,0,0,0,0,0,NA,NA,FALSE
2353,0,0,0,0,0,0,0,0,NA,NA,FALSE
2354,0,0,0,0,0,0,0,0,NA,NA,FALSE
2355,0.005825023685603259,0.005825023685603259,0,0.00491347117530178,0.00491347117530178,9.115525103014794e-4,0.005825023685603259,2,1985,NA,FALSE
2356,0.001740705652510877,0.001740705652510877,0,0.001740705652510877,0.001740705652510877,0,0.001740705652510877,1,1985,NA,FALSE
2357,0,0,0,0,0,0,0,0,NA,NA,FALSE
2358,0.014413021631737442,0.014413021631737442,0,0.014413021631737442,0,0,0.014413021631737442,4,1983,NA,FALSE
2359,0,0,0,0,0,0,0,0,NA,NA,FALSE
2384,0,0,0,0,0,0,0,0,NA,NA,FALSE
2385,0,0,0,0,0,0,0,0,NA,NA,FALSE
2386,0,0,0,0,0,0,0,0,NA,NA,FALSE
2390,0,0,0,0,0,0,0,0,NA,NA,FALSE
2392,0.10624917332364757,0.10624917332364757,0,0.10624917332364757,0,0,0.10624917332364757,1,1993,1993,FALSE
2393,0.2094494234391022,0.2094494234391022,0,0.2094494234391022,0,0,0.2094494234391022,2,1993,1993,FALSE
2394,0.6044028279307457,0.6044028279307457,0,0.6044028279307457,0,0,0.6044028279307457,2,1993,1993,FALSE
2395,0.39545271570709295,0.39545271570709295,0,0.39545271570709295,0,0,0.39545271570709295,1,1993,1993,FALSE
2397,0.3355698188667265,0.3355698188667265,0,0.3355698188667265,0,0,0.3355698188667265,1,1993,1993,FALSE
2398,0.04595628230447677,0.04595628230447677,0,0.04595628230447677,0,0,0.04595628230447677,1,1993,1993,FALSE
2399,0,0,0,0,0,0,0,0,NA,NA,FALSE
2400,0,0,0,0,0,0,0,0,NA,NA,FALSE
2401,0,0,0,0,0,0,0,0,NA,NA,FALSE
2402,0.0015540026672746388,0.0015540026672746388,0,0.0015540026672746388,0,0,0.0015540026672746388,2,1993,NA,FALSE
2403,0.008006511595897686,0.008006511595897686,0,0.008006511595897686,0,0,0.008006511595897686,2,1993,NA,FALSE
2405,0,0,0,0,0,0,0,0,NA,NA,FALSE
2406,0,0,0,0,0,0,0,0,NA,NA,FALSE
2407,0,0,0,0,0,0,0,0,NA,NA,FALSE
2408,5.252370460500826e-4,5.252370460500826e-4,0,0,0,5.252370460500826e-4,5.252370460500826e-4,1,1998,NA,FALSE
2409,0,0,0,0,0,0,0,0,NA,NA,FALSE
2410,0.04892025045635412,0,0.04892025045635412,0,0,0,0.04892025045635412,1,2001,2001,TRUE
2411,0.11290728636412568,0.11290728636412568,0,0.0035243054780001335,0,0,0.11290728636412568,5,1993,1994,FALSE
2412,0,0,0,0,0,0,0,0,NA,NA,FALSE
2413,0.0589096425605882,0,0.0589096425605882,0,0.05789731007155164,0.0010123324890365592,0.0589096425605882,2,2003,2005,TRUE
2414,0.012461552355932486,0,0.012461552355932486,0,0,0.011018676220123046,0.012461552355932486,2,2000,2003,TRUE
2415,0.08329270739987643,0,0.08329270739987643,0.004126440077451889,0.04896557689007248,0,0.08329270739987643,7,2001,2001,TRUE
2416,0.0902339141035739,0.08044029035972051,0.010170242953056725,0.0902339141035739,0,0.0902339141035739,0.0902339141035739,3,1979,1979,FALSE
2417,0.17318325595354445,0.1132976927700062,0.06026244534606865,0.17318325595354445,0,0.1731832559535443,0.17318325595354445,3,1979,1979,FALSE
2418,0.09948366333917982,0.09134587051485343,0.008137792824326374,0.03611337045004186,0,0.02797557762571548,0.09948366333917982,4,1986,1986,FALSE
2419,0.01735276166127394,0.01735276166127394,0,1.2220202334850308e-4,0,0.005432933605107885,0.01735276166127394,3,1986,1986,FALSE
2420,0,0,0,0,0,0,0,0,NA,NA,FALSE
2421,0,0,0,0,0,0,0,0,NA,NA,FALSE
2422,3.735779042540257e-6,3.735779042540257e-6,0,3.735779042540257e-6,0,3.735779042540257e-6,3.735779042540257e-6,1,1982,NA,FALSE
2423,0.08413219074298502,0.08413219074298502,0,0.08413219074298502,0,0.017450672494680533,0.08413219074298502,2,1982,1982,FALSE
2424,0.01477975992404146,0,0.01477975992404146,0.01477975992404146,0,0.01477975992404146,0.01477975992404146,1,2011,2011,TRUE
2425,0,0,0,0,0,0,0,0,NA,NA,FALSE
2426,0,0,0,0,0,0,0,0,NA,NA,FALSE
2427,0,0,0,0,0,0,0,0,NA,NA,FALSE
2428,4.161953637373476e-6,4.161953637373476e-6,0,0,0,0,4.161953637373476e-6,1,1984,NA,FALSE
2429,4.0062922931454186e-4,0,4.0062922931454186e-4,0,0,0,4.0062922931454186e-4,1,2002,NA,FALSE
2430,0,0,0,0,0,0,0,0,NA,NA,FALSE
2431,0,0,0,0,0,0,0,0,NA,NA,FALSE
2456,0,0,0,0,0,0,0,0,NA,NA,FALSE
2457,0,0,0,0,0,0,0,0,NA,NA,FALSE
2458,0,0,0,0,0,0,0,0,NA,NA,FALSE
2462,0,0,0,0,0,0,0,0,NA,NA,FALSE
2464,0,0,0,0,0,0,0,0,NA,NA,FALSE
2466,0.37480610005937864,0.37480610005937864,0,0.37480610005937864,0,0,0.37480610005937864,1,1993,1993,FALSE
2468,0.12760690159230192,0.05575981509381592,0.07184708649848602,0.05575981509381592,0.07184708649848602,0,0.12760690159230192,2,1993,1993,FALSE
2469,0.43940201555372393,0.3794025557729697,0.059999459780754216,0.3794025557729697,0.059999459780754216,0,0.43940201555372393,2,1993,1993,FALSE
2470,0.16901177738661086,0.16901177738661086,0,0.16901177738661086,0,0,0.16901177738661086,1,1993,1993,FALSE
2471,0,0,0,0,0,0,0,0,NA,NA,FALSE
2472,0,0,0,0,0,0,0,0,NA,NA,FALSE
2473,0,0,0,0,0,0,0,0,NA,NA,FALSE
2474,0.01470564287994805,0.01470564287994805,0,0.01470564287994805,0,0,0.01470564287994805,2,1993,1993,FALSE
2475,0.14606684691430968,0.14606684691430968,0,0.14606684691430968,0,0,0.14606684691430968,2,1993,1993,FALSE
2476,0,0,0,0,0,0,0,0,NA,NA,FALSE
2478,0.1466367275900455,0.1466367275900455,0,0.1466367275900455,0,0,0.1466367275900455,1,1995,1995,FALSE
2479,0.07745476719171544,0,0.07745476719171544,0,0,0,0.07745476719171544,1,2000,2000,TRUE
2480,0.18437962685274575,0.18348397013041212,0.001015051664302587,0,8.956567223336264e-4,0.18348397013041212,0.18437962685274575,4,1998,1998,FALSE
2481,0.050619928333385925,0.022519306273288353,0.028100622060097575,0.022519306273288353,0,0.028100622060097575,0.050619928333385925,3,1995,1995,FALSE
2482,0.3250354011134456,0.27087337197766403,0.054162029135781525,0.27087337197766403,0,0.054162029135781525,0.3250354011134456,5,1963,1963,FALSE
2483,0.1321343788527461,0.1321343788527461,0,0.09723334979962052,0,0.07466908419332256,0.1321343788527461,6,1963,1963,FALSE
2484,0.10376551306218602,0.10376551306218602,0,0,0,0,0.10376551306218602,1,1998,1998,FALSE
2485,0.03340499635808806,0.014897055991216364,0.018507940366871693,0,0,0,0.03340499635808806,2,1987,1987,FALSE
2486,0.006987732488290544,0.006987732488290544,0,0,0,0.006987732488290544,0.006987732488290544,1,1998,NA,FALSE
2487,0.02127347095939407,2.291790197221489e-4,0.02104429193967192,0,0.02104429193967192,0,0.02127347095939407,2,1992,2003,TRUE
2488,0.004984374282479071,0,0.004984374282479071,0,0.004984374282479071,0,0.004984374282479071,1,2008,NA,FALSE
2489,0,0,0,0,0,0,0,0,NA,NA,FALSE
2490,0.13724699606045127,0.063197628342022,0.07466693764828672,0.0859958226075904,0,0.11395034789001986,0.13724699606045127,4,1986,1986,FALSE
2491,0.009705315394736581,0.009705315394736581,0,0.009705315394736581,0,0.009705315394736581,0.009705315394736581,1,1986,NA,FALSE
2492,4.913516522988733e-4,4.913516522988733e-4,0,0,0,0,4.913516522988733e-4,1,1986,NA,FALSE
2493,0,0,0,0,0,0,0,0,NA,NA,FALSE
2494,0.007441689180968344,0.007441689180968344,0,0,0,0,0.007441689180968344,1,1989,NA,FALSE
2495,1.4173874783147546e-4,1.4173874783147546e-4,0,1.4173874783147546e-4,0,1.4173874783147546e-4,1.4173874783147546e-4,1,1982,NA,FALSE
2496,0.039661247287830395,0.039661247287830395,8.75717275230088e-4,0.039661247287830395,0,0.039661247287830395,0.039661247287830395,3,1982,1982,FALSE
2497,0.018298141897412915,0.018298141897412915,0,0.018298141897412915,0,0.018298141897412915,0.018298141897412915,2,1982,1991,FALSE
2498,0,0,0,0,0,0,0,0,NA,NA,FALSE
2499,0.20419530448592962,0.006800230993898332,0.20419530448592962,0.006800230993898332,0,0.20419530448592962,0.20419530448592962,5,1982,2006,TRUE
2500,0.61310986176845,0.02105360193314292,0.6099725989417569,0.017916339106450022,0,0.6099725989417569,0.61310986176845,6,1982,1982,FALSE
2501,0.0777735150200314,0.015723482552070667,0.06205003246796073,0,0,0.06221791509190935,0.0777735150200314,4,1981,1994,FALSE
2502,0.004796352978646923,0.004796352978646923,0,0,0,0.004796352978646923,0.004796352978646923,1,1981,NA,FALSE
2503,0,0,0,0,0,0,0,0,NA,NA,FALSE
2530,0,0,0,0,0,0,0,0,NA,NA,FALSE
2531,0,0,0,0,0,0,0,0,NA,NA,FALSE
2532,0,0,0,0,0,0,0,0,NA,NA,FALSE
2535,0,0,0,0,0,0,0,0,NA,NA,FALSE
2539,0.11927851974973988,0.11927851974973988,0,0.11927851974973988,0,0,0.11927851974973988,1,1993,1993,FALSE
2540,0.11511152663408246,0,0.11511152663408246,0,0.11511152663408246,0,0.11511152663408246,1,2001,2001,TRUE
2541,0.025795706211877625,0.007456576393356217,0.018339129818521406,0.007456576393356217,0.018339129818521406,0,0.025795706211877625,2,1993,2001,TRUE
2542,0.0013792317840962869,0.0013792317840962869,0,0.0013792317840962869,0,0,0.0013792317840962869,1,1993,NA,FALSE
2544,0,0,0,0,0,0,0,0,NA,NA,FALSE
2545,0.15900098681140729,0.15900098681140729,0,0.15900098681140729,0,0.15900098681140729,0.15900098681140729,1,1985,1985,FALSE
2546,0.005241804242216063,0.005241804242216063,0,0.005241804242216063,0,0.005241804242216063,0.005241804242216063,1,1985,NA,FALSE
2547,0,0,0,0,0,0,0,0,NA,NA,FALSE
2548,0,0,0,0,0,0,0,0,NA,NA,FALSE
2549,0,0,0,0,0,0,0,0,NA,NA,FALSE
2550,0.12395333834696985,0.06884365534702262,0.055875156659283484,0.06884365534702262,0.002451098529882303,0.055875156659283484,0.12395333834696985,5,1995,1995,FALSE
2551,0.051928070398278986,0.027656675458801468,0.024271394939477522,0.027656675458801468,0.026824948277215564,0,0.051928070398278986,5,1995,1995,FALSE
2552,0.08971987762911277,0.032596088272807765,0.057123789356304994,0.032596088272807765,0.057123789356304994,0,0.08971987762911277,2,1995,1995,FALSE
2553,0.004016021280919459,0.004016021280919459,0,0.004016021280919459,0,0,0.004016021280919459,2,1995,NA,FALSE
2554,0.05918037063828046,0.05918037063828046,0,0.05847113404069576,7.092365975847044e-4,0,0.05918037063828046,4,1975,1975,FALSE
2555,0,0,0,0,0,0,0,0,NA,NA,FALSE
2556,0.00713354710793476,0.004029510556546818,0.0031040365513879406,0,0.004029510556546818,0.0031040365513879406,0.00713354710793476,2,1998,NA,FALSE
2557,0,0,0,0,0,0,0,0,NA,NA,FALSE
2558,0,0,0,0,0,0,0,0,NA,NA,FALSE
2559,0,0,0,0,0,0,0,0,NA,NA,FALSE
2560,0.030895953482007067,0.024629493470264992,0.006266460011742072,0.024629493470264992,0.006266460011742072,0.024629493470264992,0.030895953482007067,2,1981,1981,FALSE
2561,0.06280845129996994,0.06280845129996994,0,0.06280845129996994,0,0.06280845129996994,0.06280845129996994,1,1981,1981,FALSE
2562,0.046510791160877564,0.046510791160877564,0,0.046510791160877564,0,0.046510791160877564,0.046510791160877564,5,1982,1983,FALSE
2563,0.08036417503778416,0.08036417503778417,0,0.08036417503778416,0,0.08036417503778416,0.08036417503778416,5,1982,1982,FALSE
2564,0,0,0,0,0,0,0,0,NA,NA,FALSE
2565,0,0,0,0,0,0,0,0,NA,NA,FALSE
2566,4.380903137741674e-5,4.380903137741674e-5,0,4.380903137741674e-5,0,0,4.380903137741674e-5,1,1987,NA,FALSE
2567,0.004298324763045339,0.004298324763045339,0,0,0.004298324763045339,0,0.004298324763045339,1,1998,NA,FALSE
2568,0,0,0,0,0,0,0,0,NA,NA,FALSE
2569,0.00530407780763591,0.00530407780763591,0,0.00530407780763591,0.00530407780763591,0,0.00530407780763591,1,1988,NA,FALSE
2570,0.054518922014951204,0.054518922014951204,0,0.054518922014951204,0,0.009342988540112548,0.054518922014951204,3,1982,1986,FALSE
2571,0.2565442908707193,0.01568903579437735,0.2565442908707193,0.01568903579437735,0,0.2565442908707193,0.2565442908707193,5,1982,1982,FALSE
2572,0.16214238803310368,0.022145344747843913,0.1399946624803109,0.022145344747843913,0,0.1563035908866055,0.16214238803310368,10,1979,2006,TRUE
2573,9.363120772038079e-4,9.46978673817983e-5,8.416142098220097e-4,0,0,9.363120772038079e-4,9.363120772038079e-4,2,1991,NA,FALSE
2574,0,0,0,0,0,0,0,0,NA,NA,FALSE
2575,1.5179696305180009e-4,1.5179696305180009e-4,0,0,0,0,1.5179696305180009e-4,1,1999,NA,FALSE
2576,0,0,0,0,0,0,0,0,NA,NA,FALSE
2605,0,0,0,0,0,0,0,0,NA,NA,FALSE
2606,0.009470414247956202,0.009470414247956202,0,0.009470414247956202,0,0.009470414247956202,0.009470414247956202,1,1988,NA,FALSE
2607,0,0,0,0,0,0,0,0,NA,NA,FALSE
2608,0,0,0,0,0,0,0,0,NA,NA,FALSE
2609,0.09365603954885439,0.09365603954885439,0,0.09365603954885439,0,0,0.09365603954885439,1,1993,1993,FALSE
2610,0.14688425549265444,0.14688425549265444,1.8512642791224001e-4,0.14688425549265444,0,0,0.14688425549265444,3,1993,1993,FALSE
2611,0.09626604053167322,0.09626604053167322,0,0.09626604053167322,0,0,0.09626604053167322,1,1993,1993,FALSE
2612,0,0,0,0,0,0,0,0,NA,NA,FALSE
2613,0.1853638547940114,0.1853638547940114,0,0.1853638547940114,0.0028171737962994024,0,0.1853638547940114,2,1993,1993,FALSE
2614,0.031641974785703554,0.031641974785703554,0,0.031641974785703554,0,0,0.031641974785703554,1,1993,1993,FALSE
2615,0,0,0,0,0,0,0,0,NA,NA,FALSE
2616,0,0,0,0,0,0,0,0,NA,NA,FALSE
2617,0.4460851673471266,0.4460851673471266,0,0.4460851673471266,0,0.4460851673471266,0.4460851673471266,1,1985,1985,FALSE
2618,0.6055984901585818,0.6055984901585818,0,0.6055984901585818,0,0.6055984901585818,0.6055984901585818,1,1985,1985,FALSE
2619,0,0,0,0,0,0,0,0,NA,NA,FALSE
2620,0,0,0,0,0,0,0,0,NA,NA,FALSE
2621,0.13146694528292788,0.13146694528292788,0,0.13146694528292788,0,0,0.13146694528292788,1,1993,1993,FALSE
2622,0.06656659740819366,0.06656624685540358,0.008858647829542187,0.06656624685540358,0.06484388104002682,0.008858647829542187,0.06656659740819366,7,1993,1995,FALSE
2623,0.5230162570225453,0.5016128031845198,0.07876224115947841,0.5016128031845198,0.4989025020143243,0.25664668464043194,0.5230162570225453,10,1995,1995,FALSE
2624,0.36933179599827537,0.3165910356752203,0.052740760323055094,0.3165910356752203,0.052740760323055094,0.27547041755351775,0.36933179599827537,3,1995,1995,FALSE
2625,0.5106369644904518,0.5106369644904518,0,0.5106369644904518,0,0.5106369644904518,0.5106369644904518,1,1996,1996,FALSE
2626,0.043178167545919376,7.420296989635931e-4,0.04262412788311329,0,0,0,0.043178167545919376,5,1993,2003,TRUE
2627,0.0028526890278428993,1.3591192347503622e-4,0.0027167771043678634,0,0,0,0.0028526890278428993,2,1986,NA,FALSE
2628,0,0,0,0,0,0,0,0,NA,NA,FALSE
2629,0,0,0,0,0,0,0,0,NA,NA,FALSE
2630,0.02474338328370707,0.02474338328370707,0,0.022759966243960775,0,0.011714015992255841,0.02474338328370707,3,1979,1979,FALSE
2631,1.7140297134181397e-4,1.7140297134181397e-4,0,1.7140297134181397e-4,0,0,1.7140297134181397e-4,1,1979,NA,FALSE
2632,7.095597761717153e-4,0,7.095597761717153e-4,0,7.095597761717153e-4,0,7.095597761717153e-4,1,2011,NA,FALSE
2633,0.018568086998240526,0.017448198880260744,0.0011198881179797797,0.00810682046280891,0.0011198881179797797,0.005618241716811486,0.018568086998240526,5,1981,NA,FALSE
2634,0.07976645387022277,0.0791264722625741,6.399816076487234e-4,0.07795703417693066,0,0.06763971516262947,0.07976645387022277,5,1986,1986,FALSE
2635,0.03419494531901757,0.03419494531901757,0,0.03419494531901757,0,0.022467407965036178,0.03419494531901757,2,1982,1982,FALSE
2636,0,0,0,0,0,0,0,0,NA,NA,FALSE
2637,0.21373236335080423,0.2137323633508041,0,0.2137323633508042,0.203364092927767,0,0.21373236335080423,5,1984,1984,FALSE
2638,0.07451844158214604,0.07451844158214604,0,0.017675687611116028,0.0655610326983655,0,0.07451844158214604,3,1984,1996,FALSE
2639,0.023418387137498307,0.023418387137498307,0,0.023418387137498307,0,0.023418387137498307,0.023418387137498307,1,1981,1981,FALSE
2640,1.262599560818691e-4,1.1303847790267559e-4,1.3221478179193506e-5,0,0,1.262599560818691e-4,1.262599560818691e-4,2,1981,NA,FALSE
2641,0.08130064006272947,0.07928692472308346,0.002013715339645997,0.04794829314102207,0.02084193726136902,0.033349700861182156,0.08130064006272947,8,1981,1981,FALSE
2642,0,0,0,0,0,0,0,0,NA,NA,FALSE
2643,0.016649326854577602,0.016649326854577602,0,0.015348162569686566,0,0,0.016649326854577602,3,1975,1975,FALSE
2644,0,0,0,0,0,0,0,0,NA,NA,FALSE
2645,0,0,0,0,0,0,0,0,NA,NA,FALSE
2646,0,0,0,0,0,0,0,0,NA,NA,FALSE
2647,5.840886966855387e-4,0,5.840886966855387e-4,5.840886966855387e-4,5.840886966855387e-4,0,5.840886966855387e-4,2,2003,NA,FALSE
2648,0.030277908416867803,0,0.030277908416867803,0.030277908416867803,0.030277908416867803,0,0.030277908416867803,2,2003,2003,TRUE
2678,0.7671832196076825,0.7671832196076825,0,0.7671832196076825,0,0.7671832196076825,0.7671832196076825,1,1988,1988,FALSE
2679,0.8070052748945877,0.8070052748945877,0,0.8070052748945877,0,0.8070052748945877,0.8070052748945877,1,1988,1988,FALSE
2680,0.8806744687898417,0.8806744687898417,0,0.8806744687898417,0,0.8806744687898417,0.8806744687898417,1,1988,1988,FALSE
2681,0.30580411173488853,0.30580411173488853,0,0.30580411173488853,0,0.2918985853919278,0.30580411173488853,2,1988,1988,FALSE
2682,0.06579649823062234,0.06579649823062234,0,0.06579649823062234,0,0.06567136613228756,0.06579649823062234,2,1988,1988,FALSE
2683,0,0,0,0,0,0,0,0,NA,NA,FALSE
2684,0.09537362466747167,0.09537362466747167,0,0.09537362466747167,0,0,0.09537362466747167,1,1993,1993,FALSE
2685,0.14525807666170334,0.14525807666170334,0,0.14525807666170334,0,0,0.14525807666170334,1,1993,1993,FALSE
2686,0,0,0,0,0,0,0,0,NA,NA,FALSE
2687,0,0,0,0,0,0,0,0,NA,NA,FALSE
2688,0,0,0,0,0,0,0,0,NA,NA,FALSE
2689,0.0836405873419926,0.0836405873419926,0,0.0836405873419926,0,0.0836405873419926,0.0836405873419926,1,1985,1985,FALSE
2691,0.04378929035367534,0.04378929035367534,0,0.04378929035367534,0,0.04378929035367534,0.04378929035367534,1,1985,1985,FALSE
2692,0.08474194451648527,0.08474194451648527,0,0.08474194451648527,0,0.08474194451648527,0.08474194451648527,1,1985,1985,FALSE
2693,0.060383934536367055,0.060383934536367055,0,0.060383934536367055,0,0,0.060383934536367055,1,1993,1993,FALSE
2694,0.10775566890496062,0.09699616363892977,0.010759505266030844,0.09699616363892977,0,0.046347132730908576,0.10775566890496062,4,1984,1984,FALSE
2695,0.11010986632511127,0.0211825835447839,0.08892728278032737,0.0211825835447839,0.0211825835447839,0.03591794243824619,0.11010986632511127,7,1995,1995,FALSE
2696,0.013792263465772463,0.013786628139059929,5.635326712534158e-6,0.013786628139059929,0,0.013792263465772463,0.013792263465772463,2,1996,1996,FALSE
2697,0.03451715747537567,0.031912842805374285,0.0026043146700013855,0.00106537206927516,0,0.00106537206927516,0.03451715747537567,3,1993,1993,FALSE
2698,0.18928690547036736,0.14254865117573118,0.047261905108018705,0.14254865117573118,0,0.07535432915675758,0.18928690547036736,18,1978,1978,FALSE
2699,0.040440034321486976,0.03390658746457443,0.006679691765077444,0.03812773841561089,0,0.002458540814040983,0.040440034321486976,7,1978,1978,FALSE
2700,0.07152351801777146,0.07152351801777146,0,0.07152351801777146,0,0.02264887125323368,0.07152351801777146,2,1996,1996,FALSE
2701,0.09357733128564635,0.0931516105192231,0.0013021598700424096,0.0931516105192231,0,0.0043680321295387564,0.09357733128564635,14,1984,1984,FALSE
2702,0.0559188751581029,0.0550502199584982,8.686551996046905e-4,0.0550502199584982,0,0.04759147883823528,0.0559188751581029,4,1994,1994,FALSE
2703,0.06500366172999321,0.06500366172999321,0,0.05824813969058234,0,0.007002517403861273,0.06500366172999321,4,1979,1979,FALSE
2704,0.04235193322789816,0.04235193322789816,0,0.04235193322789816,0,0,0.04235193322789816,1,1987,1987,FALSE
2705,0.026273499873705402,0.026273499873705402,0,0.026273499873705402,0,0.026273499873705402,0.026273499873705402,1,1998,1998,FALSE
2706,0.06375938637663534,0.06375938637663534,0,0.06375938637663534,0,0.06375938637663534,0.06375938637663534,3,1982,1982,FALSE
2707,0.04346235383500718,0.036943053699721666,0,0.036943053699721666,0,0.036943053699721666,0.04346235383500718,3,1998,1998,FALSE
2708,0.018770394214817257,0.009339384228849055,0.006813397018578487,0.009339384228849055,0,0.016152781247427542,0.018770394214817257,4,1998,NA,FALSE
2709,0.25985716259264685,0.25985716259264685,0,0.11779622464447716,0.25985716259264685,0,0.25985716259264685,4,1984,1984,FALSE
2710,0.0025746173705225197,0.0025746173705225197,0,0,0,0.001923099705082039,0.0025746173705225197,2,1982,NA,FALSE
2711,0.021711846453498385,0.021711846453498385,0,0.014787831932737886,0,0.021711846453498385,0.021711846453498385,2,1981,1981,FALSE
2712,0.01732053245813533,0.014484155909751346,0.0028363765483839848,0.014484155909751346,0,0.01732053245813533,0.01732053245813533,5,1997,1997,FALSE
2713,0.07262307926911583,0.07262307926911575,0,0.07262307926911583,0.04230760989960194,0,0.07262307926911583,3,1988,1988,FALSE
2714,0.0017372956013549724,0.0017372956013549724,0,0,0,0.0017372956013549724,0.0017372956013549724,1,1993,NA,FALSE
2715,0.005181646637316483,0.005181646637316483,0,0.005124723130833927,0,0,0.005181646637316483,2,1975,NA,FALSE
2716,5.928586126973866e-5,5.928586126973866e-5,0,5.928586126973866e-5,0,5.928586126973866e-5,5.928586126973866e-5,1,1983,NA,FALSE
2717,0,0,0,0,0,0,0,0,NA,NA,FALSE
2718,0.007553454617023371,0.007553454617023371,0,0,0,0.007553454617023371,0.007553454617023371,1,1994,NA,FALSE
2719,0,0,0,0,0,0,0,0,NA,NA,FALSE
2750,0.9999999999999778,0.9999999999999778,0,0.9999999999999778,0,0.9999999999999778,0.9999999999999778,1,1988,1988,FALSE
2751,0.9826295622257419,0.9826295622257419,0,0.9826295622257419,0,0.9826295622257419,0.9826295622257419,1,1988,1988,FALSE
2752,0.989684342162594,0.989684342162594,0,0.989684342162594,0,0.989684342162594,0.989684342162594,1,1988,1988,FALSE
2753,0.9923264758034654,0.9923264758034654,0,0.9923264758034654,0,0.9923264758034654,0.9923264758034654,1,1988,1988,FALSE
2755,0,0,0,0,0,0,0,0,NA,NA,FALSE
2756,0,0,0,0,0,0,0,0,NA,NA,FALSE
2757,0,0,0,0,0,0,0,0,NA,NA,FALSE
2758,0,0,0,0,0,0,0,0,NA,NA,FALSE
2759,0,0,0,0,0,0,0,0,NA,NA,FALSE
2765,0,0,0,0,0,0,0,0,NA,NA,FALSE
2766,0.309497932209705,0.2844981057685696,0.02499982644113537,0.2844981057685696,0,0.309497932209705,0.309497932209705,2,1984,1984,FALSE
2767,0.03265531201358688,0,0.03265531201358688,0,0,0,0.03265531201358688,1,2006,2006,TRUE
2768,0.03767790012106462,0.010360945698096966,0.027595049686047594,0,0.010360945698096827,0.027316954422967787,0.03767790012106462,4,1986,1986,FALSE
2769,0,0,0,0,0,0,0,0,NA,NA,FALSE
2770,0.00782620749345264,0,0.00782620749345264,0,0,0.00782620749345264,0.00782620749345264,1,2001,NA,FALSE
2771,0.02961105534426954,0.021118744976387542,0.008492310367882,0.021118744976387542,0,0.02961105534426954,0.02961105534426954,2,1984,1984,FALSE
2773,0.12103509234178782,0.12103509234178782,0,0.12103509234178782,0,0.022946468475947075,0.12103509234178782,7,1984,1994,FALSE
2774,0.04185883796513676,0.04184729271022774,1.154525490901892e-5,0.04184729271022774,0,0.006120798106022999,0.04185883796513676,4,1994,1997,FALSE
2775,0.03366104233940061,0.03366104233940061,0,0.03366104233940061,0,0.03366104233940061,0.03366104233940061,1,1989,1989,FALSE
2776,0.028734245402067902,0.028734245402067902,0,0.028734245402067902,0,0.028734245402067902,0.028734245402067902,1,1986,1986,FALSE
2777,0.025663941167088714,0.025663941167088714,0,0.025663941167088714,0,0.025663941167088714,0.025663941167088714,1,1986,1986,FALSE
2778,0.014621531123384244,0.014621531123384244,0,0.013560369442480204,0,0.014621531123384244,0.014621531123384244,2,1985,1998,FALSE
2779,0.018840630841141494,0.018840630841141494,0,0.018840630841141494,0,0.018840630841141494,0.018840630841141494,1,1999,1999,FALSE
2780,0,0,0,0,0,0,0,0,NA,NA,FALSE
2781,0,0,0,0,0,0,0,0,NA,NA,FALSE
2782,9.501198828864724e-4,9.501198828864724e-4,0,0,0,9.501198828864724e-4,9.501198828864724e-4,1,1982,NA,FALSE
2783,0.008196655606006704,0.0020623127916029457,0.006134342814403759,0,0,0.005567175079840491,0.008196655606006704,6,1982,NA,FALSE
2784,0,0,0,0,0,0,0,0,NA,NA,FALSE
2785,1.1033794661538541e-4,1.1033794661538541e-4,0,0,0,0,1.1033794661538541e-4,1,1972,NA,FALSE
2786,0.07635372954700444,0.07430186431607338,0.002051865230931053,0.07430186431607338,0,0.05762848682665424,0.07635372954700444,7,1979,1979,FALSE
2787,0.06098279340361499,0.04699984702645797,0.013982946377157007,0.046205507005787766,0,0.06098279340361499,0.06098279340361499,8,1979,1979,FALSE
2788,0.02081807101131163,0.02081807101131163,0,0.02081807101131163,0,0.02081807101131163,0.02081807101131163,2,1975,1975,FALSE
2789,0.02391990052086737,0.02391990052086737,0,0.02391990052086737,0,0.02391990052086737,0.02391990052086737,1,1974,1974,FALSE
2790,0,0,0,0,0,0,0,0,NA,NA,FALSE
2791,0,0,0,0,0,0,0,0,NA,NA,FALSE
2826,0,0,0,0,0,0,0,0,NA,NA,FALSE
2827,0,0,0,0,0,0,0,0,NA,NA,FALSE
2838,0.042497420722344754,0.042497420722344754,0,0.042497420722344754,0,0.042497420722344754,0.042497420722344754,1,1984,1984,FALSE
2839,0.0077192456494828594,0.0077192456494828594,0,0,0.0077192456494828594,0,0.0077192456494828594,1,1997,NA,FALSE
2840,0.0052191943290476805,0,0.0052191943290476805,0,0,0,0.0052191943290476805,1,2002,NA,FALSE
2841,0.08961041328117812,0,0.08961041328117812,0,0,0,0.08961041328117812,1,2002,2002,TRUE
2842,0.0351544561545684,0.0351544561545684,0,0.03515444542244237,0,0.026934255117187653,0.0351544561545684,4,1982,1982,FALSE
2843,0.018156532371663956,0.018156532371663956,0,0.018156532371663956,0.0023014513733461274,0,0.018156532371663956,4,1985,1990,FALSE
2844,0.01786243075088187,0.01786243075088187,0,0.01786243075088187,0.009531152100941036,0,0.01786243075088187,3,1985,NA,FALSE
2845,0.009660916813548357,0.009660916813548357,0,0.009660916813548357,0,0,0.009660916813548357,1,1997,NA,FALSE
2846,0.003427637138262177,0.003427637138262177,0,0,0,0.003427637138262177,0.003427637138262177,1,1992,NA,FALSE
2847,1.2647936024230609e-5,1.2647936024230609e-5,0,0,0,0,1.2647936024230609e-5,1,1988,NA,FALSE
2848,0,0,0,0,0,0,0,0,NA,NA,FALSE
2849,0,0,0,0,0,0,0,0,NA,NA,FALSE
2850,0.03207916871818047,0.03207916871818047,0,0.017143690860916275,0,0.017143690860916275,0.03207916871818047,2,1996,1996,FALSE
2851,0,0,0,0,0,0,0,0,NA,NA,FALSE
2852,0,0,0,0,0,0,0,0,NA,NA,FALSE
2853,0.0217238760523217,0.0217238760523217,0,0.0217238760523217,0,0.0217238760523217,0.0217238760523217,1,1984,1984,FALSE
2854,0,0,0,0,0,0,0,0,NA,NA,FALSE
2855,0.002225480522032575,0.0013909068995549847,8.345736224775903e-4,0,0,0.002225480522032575,0.002225480522032575,2,1997,NA,FALSE
2856,9.272820625243189e-5,0,9.272820625243189e-5,0,0,0,9.272820625243189e-5,1,2006,NA,FALSE
2857,0.032327372595388405,0.032327372595388405,0,0,0,0,0.032327372595388405,1,1992,1992,FALSE
2858,0.007021084253315681,0.006560003292300162,4.61080961015519e-4,0.007021084253315681,0,0.007021084253315681,0.007021084253315681,2,1979,NA,FALSE
2859,2.3895201049873682e-4,2.3895201049873682e-4,0,0,0,2.3895201049873682e-4,2.3895201049873682e-4,1,1957,NA,FALSE
2860,0,0,0,0,0,0,0,0,NA,NA,FALSE
2861,0.0020679970962698725,0.0020679970962698725,0,0.0020679970962698725,0,0.0020679970962698725,0.0020679970962698725,1,1974,NA,FALSE
2862,0,0,0,0,0,0,0,0,NA,NA,FALSE
2909,0.18784936498965518,0.18784936498965518,0,0.18784936498965518,0,0.18784936498965518,0.18784936498965518,1,1983,1983,FALSE
2910,0.00991501301045764,0.00991501301045764,0,0.00991501301045764,0,0.00991501301045764,0.00991501301045764,1,1983,NA,FALSE
2911,0.005506529734649898,0.00463392194501526,8.726077896346381e-4,0,0.002166300867985947,0.0033402288666639504,0.005506529734649898,4,1988,NA,FALSE
2912,0,0,0,0,0,0,0,0,NA,NA,FALSE
2913,0.0017557632709493147,0.0017557632709493147,0,0.0017557632709493147,0,0,0.0017557632709493147,1,1983,NA,FALSE
2914,0.02813802536971721,0.02813802536971721,0,0.02813802536971721,0,0.020736475733776537,0.02813802536971721,3,1994,1994,FALSE
2915,0.012799713003719723,0.012799713003719723,0,0.012799713003719723,5.685302569418535e-4,0,0.012799713003719723,3,1985,1994,FALSE
2916,4.084286517251298e-4,4.084286517251298e-4,0,4.084286517251298e-4,4.084286517251298e-4,0,4.084286517251298e-4,2,1985,NA,FALSE
2917,0,0,0,0,0,0,0,0,NA,NA,FALSE
2918,0,0,0,0,0,0,0,0,NA,NA,FALSE
2919,0,0,0,0,0,0,0,0,NA,NA,FALSE
2920,0.057857459811880375,0.057857459811880375,0,0.057234111203490916,0,0.057234111203490916,0.057857459811880375,2,1982,1982,FALSE
2921,0,0,0,0,0,0,0,0,NA,NA,FALSE
2922,0.04160537320184085,0.025026520402130378,0.016578852799710466,0.039091624670917875,0,0.039091624670917875,0.04160537320184085,4,1981,1982,FALSE
2923,0.05477091169365272,0.04633197767861316,0.008673692253587884,0.033691920934242114,0,0.05477091169365273,0.05477091169365272,10,1982,1982,FALSE
2924,0.020340097325349117,0.020340097325349117,0,0.014829918869347659,0,0.01807999049072984,0.020340097325349117,7,1984,1984,FALSE
2925,0,0,0,0,0,0,0,0,NA,NA,FALSE
2926,0.041795654630098,0.041795654630098,0,0.040733616472807176,0,0.040733616472807176,0.041795654630098,7,1981,1982,FALSE
2927,0.03164146632175744,0.029148160128499086,0.0024933061932583514,0.02914816012849909,0,0.03164146632175744,0.03164146632175744,6,1981,1981,FALSE
2928,0.001662285726833266,0,0.001662285726833266,0,0,0.001662285726833266,0.001662285726833266,1,2007,NA,FALSE
2929,0.012181784201872681,2.493053262429912e-4,0.011932478875629688,6.324784807573274e-4,0,0.011932478875629688,0.012181784201872681,4,1997,2001,TRUE
2930,0.06647301280887094,0.05015314487781607,0.01631986793105487,0.06055726875460272,0,0.06055726875460272,0.06647301280887094,5,1964,1984,FALSE
2931,0,0,0,0,0,0,0,0,NA,NA,FALSE
2932,0.015571366967060846,0.015571366967060846,0,0.015571366967060846,0,0.015571366967060846,0.015571366967060846,1,1985,1985,FALSE
2933,0.016732041335381927,0.01662797315533078,1.0406818005114536e-4,0,0.016732041335381927,0,0.016732041335381927,3,1985,1985,FALSE
2981,0.2288707057095602,0.22520255471365178,0.003668150995908401,0.22520255471365178,0.003668150995908401,0.22520255471365178,0.2288707057095602,2,1983,1983,FALSE
2982,0.008220103888464938,0.008220103888464938,0,0.008220103888464938,0,0.008220103888464938,0.008220103888464938,1,1983,NA,FALSE
2983,0.09206938397312242,0.09074142889599315,0.0013279550771292635,0.07866664827603312,0.07866664827603312,0.013320350125191198,0.09206938397312242,7,1981,1981,FALSE
2984,0,0,0,0,0,0,0,0,NA,NA,FALSE
2985,0.0044802092102841015,0.002030696188181206,0.002449513022102895,0,0,0.002030696188181206,0.0044802092102841015,3,1982,NA,FALSE
2986,6.539289089281275e-6,6.539289089281275e-6,0,6.539289089281275e-6,0,6.539289089281275e-6,6.539289089281275e-6,2,1994,NA,FALSE
2987,0.0016564014895865244,0,0.0016564014895865244,0,0,0.0016564014895865244,0.0016564014895865244,4,2000,NA,FALSE
2988,0.006780519223146454,0.006780519223146454,0,0,0,0.00367031387644813,0.006780519223146454,9,1985,NA,FALSE
2989,0,0,0,0,0,0,0,0,NA,NA,FALSE
2990,0.023522498898722734,0,0.023522498898722734,0,0,0,0.023522498898722734,1,2000,2000,TRUE
2991,0.0031886123528165437,0.0031886123528165437,0,0,0,0.0031886123528165437,0.0031886123528165437,1,1982,NA,FALSE
2992,0.03363673489402746,0.03363673489402746,0,0.03363673489402746,0,0.03363673489402746,0.03363673489402746,3,1982,1986,FALSE
2993,0.010736897378789356,0.010736897378789356,0,0.0064879867520128125,0,0.0064879867520128125,0.010736897378789356,3,1982,NA,FALSE
2994,0.03707989768372158,0.03707989768372158,0,0.03244145628359669,0,0.03244145628359669,0.03707989768372158,3,1961,1961,FALSE
2995,0.04247606582355144,0.04247606582355168,0,0.04100450286785198,0,0.04247606582355168,0.04247606582355144,7,1976,1982,FALSE
2996,2.1721505723620713e-4,2.1721505723620713e-4,0,2.1721505723620713e-4,0,2.1721505723620713e-4,2.1721505723620713e-4,2,1982,NA,FALSE
2997,0,0,0,0,0,0,0,0,NA,NA,FALSE
2998,0.025414298640868523,0.025414298640868523,0,0.025414298640868523,0,0.025414298640868523,0.025414298640868523,2,1982,1997,FALSE
2999,0.0028941439278332417,0.0028941439278332417,0,0.0028941439278332417,0,0.0028941439278332417,0.0028941439278332417,1,1997,NA,FALSE
3000,0.0011205297457408533,0.0011205297457408533,0,0,0,0.0011205297457408533,0.0011205297457408533,1,1982,NA,FALSE
3001,0.032970324149513855,0.012263623573430337,0.020706700576083516,0.02433640669220131,0,0.032970324149513855,0.032970324149513855,4,1985,1995,FALSE
3002,0.04264410755243698,0.04264410755243698,0,0.04264410755243698,0,0.04264410755243698,0.04264410755243698,2,1985,1985,FALSE
3003,0.01797854414376809,0.01797854414376809,0,0.01797854414376809,0,0.01797854414376809,0.01797854414376809,1,1985,1985,FALSE
3004,2.7492989986092446e-5,2.7492989986092446e-5,0,0,0,0,2.7492989986092446e-5,1,1995,NA,FALSE
3005,0.04126292495183214,0.04126292495183214,0,0,0.04126292495183214,0,0.04126292495183214,2,1985,1985,FALSE
3052,0,0,0,0,0,0,0,0,NA,NA,FALSE
3053,0.005602656725241949,0.005602656725241949,0,0.005602656725241949,0,0.005602656725241949,0.005602656725241949,1,1983,NA,FALSE
3054,0,0,0,0,0,0,0,0,NA,NA,FALSE
3055,0.0012190962539155197,0.0012190962539155197,0,0,0,5.6611010828528735e-6,0.0012190962539155197,2,1988,NA,FALSE
3056,0,0,0,0,0,0,0,0,NA,NA,FALSE
3057,0.0012133400006196719,0.0012133400006196719,0,0,0,0,0.0012133400006196719,1,1987,NA,FALSE
3058,0.28823343022578896,0.28823343022578896,0,0.27710823740858076,0,0.008941213687303941,0.28823343022578896,7,1981,1981,FALSE
3059,3.676288443492082e-4,0,3.676288443492082e-4,0,0,3.676288443492082e-4,3.676288443492082e-4,1,2000,NA,FALSE
3060,0.02984166719686961,0.02984166719686961,0,0.025014800510552777,0,0.025014800510552777,0.02984166719686961,3,1982,1982,FALSE
3061,0.006350423623974429,0.006350423623974429,0,0,0,0.006350423623974429,0.006350423623974429,1,1990,NA,FALSE
3062,0.05613976400204354,0.02849308682915267,0.027646677172890873,0.05000306078526418,0,0.02849308682915267,0.05613976400204354,4,1982,1982,FALSE
3063,0.053360351386478044,0.05336035138647804,0,0,0,0.05334579152963475,0.053360351386478044,3,1982,1982,FALSE
3064,0.023023906007937977,0.023023906007937977,0,0.023023906007937977,0,0.023023906007937977,0.023023906007937977,3,1982,1996,FALSE
3065,0.01991293545110992,0.01991293545110992,0,0.018288041017146768,0,0.018288041017146768,0.01991293545110992,2,1982,1982,FALSE
3066,0.011457726412072437,0.011457726412072437,0,0,0,0,0.011457726412072437,2,1982,1982,FALSE
3067,0.0010920098466577757,0,0.0010920098466577757,0.0010920098466577757,0,0.0010920098466577757,0.0010920098466577757,1,2002,NA,FALSE
3068,0,0,0,0,0,0,0,0,NA,NA,FALSE
3069,0.10763850601654333,0.10763850601654336,0,0.10763850601654336,0,0.10763850601654336,0.10763850601654333,3,1982,1982,FALSE
3070,0.06300701442283342,0.056058402057329544,0.0069486123655040114,0.03456341514552042,0,0.03456341514552042,0.06300701442283342,4,1998,1998,FALSE
3071,0.02517693170944256,0.02517693170944256,0,0.02517693170944256,0,0.02517693170944256,0.02517693170944256,2,1981,1981,FALSE
3072,0.009184225715395088,0.003832116581313304,0.005352109134081784,0,0,0.009184225715395088,0.009184225715395088,5,1992,NA,FALSE
3073,0.014055730440875396,0.014055730440875396,0,0.010607106551860293,0,0.014055730440875396,0.014055730440875396,3,1984,1995,FALSE
3074,0.048335079732088414,0.048335079732088414,0,0,0,0.048335079732088414,0.048335079732088414,2,1995,1999,FALSE
3075,4.93514423049866e-4,4.93514423049866e-4,0,4.93514423049866e-4,4.93514423049866e-4,0,4.93514423049866e-4,2,1991,NA,FALSE
3076,0,0,0,0,0,0,0,0,NA,NA,FALSE
3078,0,0,0,0,0,0,0,0,NA,NA,FALSE
3079,0,0,0,0,0,0,0,0,NA,NA,FALSE
3124,0,0,0,0,0,0,0,0,NA,NA,FALSE
3125,0,0,0,0,0,0,0,0,NA,NA,FALSE
3126,0.030150899581389366,0.030150899581389366,0,0.02146941035284157,0,0.030150899581389366,0.030150899581389366,2,1984,1986,FALSE
3127,2.0286581372590205e-4,2.0286581372590205e-4,0,2.0286581372590205e-4,0,2.0286581372590205e-4,2.0286581372590205e-4,1,1986,NA,FALSE
3128,0,0,0,0,0,0,0,0,NA,NA,FALSE
3129,0.009387438545657038,0.009387438545657038,0,0.009387438545657038,0,0.009387438545657038,0.009387438545657038,1,1989,NA,FALSE
3130,0,0,0,0,0,0,0,0,NA,NA,FALSE
3131,0,0,0,0,0,0,0,0,NA,NA,FALSE
3133,0.06159909454387342,0.06159909454387342,0,0,0,0.06159909454387342,0.06159909454387342,1,1982,1982,FALSE
3134,0.01429411278908114,0.01429411278908114,0,0.0011020803127548854,0,0.01429411278908114,0.01429411278908114,2,1982,1982,FALSE
3135,0,0,0,0,0,0,0,0,NA,NA,FALSE
3136,3.272754569399048e-4,3.272754569399048e-4,0,3.272754569399048e-4,0,3.272754569399048e-4,3.272754569399048e-4,1,1981,NA,FALSE
3137,0,0,0,0,0,0,0,0,NA,NA,FALSE
3138,0.03183617856444579,0.03183617856444579,0,0.03182180896662884,0,0.03182180896662884,0.03183617856444579,2,1982,1982,FALSE
3139,0.016008478719963585,0,0.016008478719963585,0.016008478719963585,0,0.016008478719963585,0.016008478719963585,1,2002,2002,TRUE
3140,0.0046109898167388625,0,0.0046109898167388625,0,0,0,0.0046109898167388625,1,2005,NA,FALSE
3141,5.846830344815749e-4,5.846830344815749e-4,0,0,0,0,5.846830344815749e-4,1,1990,NA,FALSE
3142,0.002134501327174373,3.381462816025216e-4,0.0017963550455718513,3.381462816025216e-4,0,0.002134501327174373,0.002134501327174373,2,1998,NA,FALSE
3143,0.002048995622552275,0.001796595290132929,2.524003324193461e-4,0,0,0.0017967482394951808,0.002048995622552275,3,1999,NA,FALSE
3144,0.011813828698745863,4.32348373398185e-4,0.011381480325347679,0,0,0.0024841671588887075,0.011813828698745863,3,1997,NA,FALSE
3145,0,0,0,0,0,0,0,0,NA,NA,FALSE
3146,0.003184236260936536,0.003184236260936536,0,0.003184236260936536,0.003184236260936536,0,0.003184236260936536,1,1992,NA,FALSE
3147,0,0,0,0,0,0,0,0,NA,NA,FALSE
3150,0,0,0,0,0,0,0,0,NA,NA,FALSE
3151,0,0,0,0,0,0,0,0,NA,NA,FALSE
3199,0,0,0,0,0,0,0,0,NA,NA,FALSE
3200,0,0,0,0,0,0,0,0,NA,NA,FALSE
3202,0.013511579954268728,0.013511579954268755,0,1.8868910333137522e-4,0,0.013511579954268755,0.013511579954268728,3,1986,1994,FALSE
3203,0.06663865764481312,0.06663865764481312,0,0.04063161419747747,0,0.06663865764481312,0.06663865764481312,4,1981,1981,FALSE
3204,0.019170668659050257,0.013040939307535096,0.006129729351515159,0,0,0.019170668659050257,0.019170668659050257,3,1981,NA,FALSE
3205,0,0,0,0,0,0,0,0,NA,NA,FALSE
3206,0.03213298747494464,0.022894546213165595,0.009238441261779045,0.009238441261779045,0,0.022894546213165595,0.03213298747494464,3,1982,1982,FALSE
3207,0.04687332725878034,0.04687332725878034,0,0.04687332725878034,0,0.04687332725878034,0.04687332725878034,1,1981,1981,FALSE
3208,0.02083856235691299,0.02083856235691299,0,0.02083856235691299,0,0.02083856235691299,0.02083856235691299,1,1981,1981,FALSE
3209,5.912878335656959e-6,5.912878335656959e-6,0,0,0,0,5.912878335656959e-6,1,1983,NA,FALSE
3210,0,0,0,0,0,0,0,0,NA,NA,FALSE
3211,0,0,0,0,0,0,0,0,NA,NA,FALSE
3212,0,0,0,0,0,0,0,0,NA,NA,FALSE
3213,0.0010905085378882051,3.193669852079725e-4,7.711415526802326e-4,0,0,7.711415526802326e-4,0.0010905085378882051,2,1990,NA,FALSE
3214,3.1141474954956194e-4,3.065087583223058e-4,4.905991227256119e-6,0,0,3.065087583223058e-4,3.1141474954956194e-4,2,1999,NA,FALSE
3215,0.018152546144436586,0.015777639123868033,0.002374907020568554,0.015777639123868033,0,0.01773731174164777,0.018152546144436586,4,1992,1998,FALSE
3216,0.0025627831604989057,0.0025627831604989057,0,0,0,0.0025627831604989057,0.0025627831604989057,1,1995,NA,FALSE
3217,3.1237922573952267e-4,3.1237922573952267e-4,0,0,0,3.1237922573952267e-4,3.1237922573952267e-4,1,1985,NA,FALSE
3218,0.007536660473931494,0.007536660473931494,0,0,0,0,0.007536660473931494,1,1990,NA,FALSE
3221,0,0,0,0,0,0,0,0,NA,NA,FALSE
3222,0,0,0,0,0,0,0,0,NA,NA,FALSE
3270,0,0,0,0,0,0,0,0,NA,NA,FALSE
3271,0.011773282647676419,0.011773282647676419,0,0.011773282647676419,0,0.011773282647676419,0.011773282647676419,1,1958,1958,FALSE
3272,0.1649550474144899,0.1649550474144899,0,0.1649550474144899,0,0.1649550474144899,0.1649550474144899,2,1958,1958,FALSE
3273,0.060051610545326504,0.060051610545326504,0,0.060051610545326504,0,0.060051610545326504,0.060051610545326504,1,1983,1983,FALSE
3275,0.2676698307676709,0.2676698307676709,0,0.2676698307676709,0,0.2676698307676709,0.2676698307676709,3,1982,1982,FALSE
3278,0.10145331528267965,0.10145331528267965,0,0.007684343327152875,0,0.10145331528267965,0.10145331528267965,2,1978,1982,FALSE
3279,0.039674450867844886,0.039674450867844886,0,0.039674450867844886,0,0.012597146842321867,0.039674450867844886,3,1978,1978,FALSE
3280,0.027079251221965174,0.027079251221965174,0,0.027079251221965174,0,0.020895862417774178,0.027079251221965174,2,1980,1982,FALSE
3281,0,0,0,0,0,0,0,0,NA,NA,FALSE
3282,9.346134266495339e-6,9.346134266495339e-6,0,0,0,0,9.346134266495339e-6,1,1983,NA,FALSE
3283,0.01407846269217683,0,0.01407846269217683,0,0,0.01407846269217683,0.01407846269217683,1,2010,2010,TRUE
3284,0.0010547716037862904,0,0.0010547716037862904,0,0,0.0010547716037862904,0.0010547716037862904,1,2010,NA,FALSE
3285,0.0011465661304591252,0,0.0011465661304591252,0,0,0.0011465661304591252,0.0011465661304591252,1,2000,NA,FALSE
3286,0.0018614094263171479,0,0.0018614094263171479,0,0,0.0018614094263171479,0.0018614094263171479,1,2000,NA,FALSE
3287,0.013829793187159212,0.013829793187159212,0,9.517347070926282e-4,0,0,0.013829793187159212,2,1983,1983,FALSE
3293,0,0,0,0,0,0,0,0,NA,NA,FALSE
3294,0,0,0,0,0,0,0,0,NA,NA,FALSE
3295,0,0,0,0,0,0,0,0,NA,NA,FALSE
3343,0,0,0,0,0,0,0,0,NA,NA,FALSE
3344,0.11676051299640974,0.11676051299640974,0,0.11676051299640974,0,0.11676051299640974,0.11676051299640974,1,1958,1958,FALSE
3345,0.4579501264157888,0.4579501264157888,0,0.4579501264157888,0,0.4579501264157888,0.4579501264157888,1,1958,1958,FALSE
3351,0.13718252327777888,0.13718252327777888,0,0.13718252327777888,0,0.13718252327777888,0.13718252327777888,1,1982,1982,FALSE
3352,0.09482062051200267,0.09482062051200267,0,0.09482062051200267,0,0.06114136143931026,0.09482062051200267,2,1982,1982,FALSE
3353,0.1520950715451116,0.1520950715451116,0,0.1520950715451116,0,0,0.1520950715451116,1,1986,1986,FALSE
3354,0.016534977708300393,0.015883454233756998,6.515234745433948e-4,0.015883454233756998,0.015883454233756998,0,0.016534977708300393,3,1990,1990,FALSE
3355,1.4806646581305935e-4,1.4806646581305935e-4,0,1.4806646581305935e-4,1.4806646581305935e-4,0,1.4806646581305935e-4,1,1990,NA,FALSE
3356,0,0,0,0,0,0,0,0,NA,NA,FALSE
3357,0,0,0,0,0,0,0,0,NA,NA,FALSE
3426,0.01407871814315433,0.01308448166225341,0.0016867916046942474,0.013070892877037542,0.01308448166225341,0,0.01407871814315433,9,1983,NA,FALSE
3427,0.11522248119849726,0.1123012540251514,0.0029212271733458635,0.0944348515389788,0.0944348515389788,0,0.11522248119849726,4,1980,1980,FALSE
3497,0.0701043066048627,0.0701043066048627,0,0,8.54884776822633e-4,0,0.0701043066048627,2,1983,1983,FALSE
3498,0.008699629449125224,0.008699629449125224,0,1.1534076327628983e-5,1.1534076327628983e-5,0,0.008699629449125224,3,1988,NA,FALSE
3499,0.01652717971804884,0.01652717971804884,0,0.003155323488284262,0.003155323488284262,0,0.01652717971804884,3,1983,1983,FALSE
3568,0,0,0,0,0,0,0,0,NA,NA,FALSE
3569,0.06733958088236781,0.06733958088236781,0,0.0635265549372662,0,0.027534488588342117,0.06733958088236781,5,1976,1976,FALSE
3570,0.04785587808370706,0.047855878083707004,0,0.03743509513196405,0,0.04676699877010376,0.04785587808370706,8,1980,1984,FALSE
3571,0.017640566529945594,0.017640566529945594,0,0,0,0,0.017640566529945594,2,1983,1983,FALSE
3641,0.005674260313173721,0.005674260313173721,0,0.0038730576138362076,0.005219286845795731,3.810269189312901e-4,0.005674260313173721,5,1990,NA,FALSE
3642,0.022909659403076172,0.022909659403076172,0,0,0.0011578895531385812,0.012747614940187127,0.022909659403076172,3,1976,1996,FALSE
