species,trend_class,trend_slope,bio4,bio7,bio11,bio13,elev_mean,hfi_mean,landcover_built,landcover_cropland
Passer montanus,expanding,0.024902108302817118,301.3155011675627,33.105243866626886,21.470643154624042,13.117557335080972,802.5759399106828,4.281239802998439,0.010416890901743733,0.0499236666273972
Pycnonotus sinensis,expanding,0.023467781998621696,204.12566065694054,17.69530200118584,12.064786239978806,7.7238383170819205,408.48551768964893,2.3691181380399366,0.00507084937365734,0.022132035092978647
Hirundo rustica,expanding,0.028579872271692407,316.32959513208783,35.486308103089975,22.497020289616128,14.019235837597252,877.0593515865717,4.542937061208277,0.011151520619906796,0.05397656286941267
Spilopelia chinensis,expanding,0.04681988365137539,198.00809318935362,15.764399814094693,12.60602297599817,6.9577247146905314,339.7811840625995,2.31805565360076,0.0058121486292889565,0.017972619439246603
Pica serica,expanding,0.07172795006820762,309.15222796198077,33.149493236432996,21.261654820408598,13.024611843177347,751.9884841474641,4.323423758887023,0.010443532619138789,0.05353863933307625
Motacilla alba,expanding,0.007821986217068118,293.9281506526188,31.8736511137303,21.117342820299186,12.681410053277691,771.8501773954792,4.128977812775412,0.00997959597969652,0.04756591771068799
Turdus mandarinus,expanding,0.02629555666748831,112.49170389510913,9.238260193463399,6.290389442323351,4.064633772779625,165.9457641854625,1.2328106118189326,0.002823205558502393,0.01007822697975518
Egretta garzetta,expanding,0.03891836926091709,198.64607660491438,18.675784156042997,13.153757597093607,7.919504677782419,460.0895193867345,2.4174361238757793,0.005720691088980032,0.023871531876326357
Parus minor,stable,0.013363947497524334,191.6591732806153,19.60575192033456,12.267584350646352,8.061712982852441,478.0003880603484,2.511399064479365,0.006407391220216089,0.028496968117794192
Cyanopica cyanus,expanding,0.021724440284457767,336.57660337116016,39.45993316131245,20.252266332154147,15.07008204666593,850.8319739458085,4.89642194553103,0.011344459733237399,0.06055210908389555
Streptopelia orientalis,expanding,0.02537725867183705,268.3992700648114,32.43470555127949,17.720651512956596,12.556008748913488,811.5901027422115,3.9635458939860415,0.009684379734814114,0.05001022144371303
Tachybaptus ruficollis,expanding,0.05995892957008525,310.98810363173396,32.602942113716715,22.357996554036376,13.025181177086752,798.8084145722099,4.240853797133895,0.01040857153068911,0.04946965597106642
Nycticorax nycticorax,expanding,0.057502064608214096,263.4114161754225,23.42655418377976,18.056740632865427,10.259118384911622,573.7590688175096,3.3221591290964283,0.008004969727145903,0.03597116039086266
Gallinula chloropus,expanding,0.06713404968326424,336.5817873849058,35.38094046604271,23.909295202641214,14.211064296343977,884.4900590510489,4.779306654637874,0.01165209905205381,0.05990786227737282
Sinosuthora webbiana,expanding,0.027919859526823628,238.32887287443887,22.5470330961229,13.620971423641837,9.465724650043517,515.205027150229,2.8527656941289603,0.0059971956661152475,0.021648839773420716
Chloris sinica,expanding,0.01004275204707235,317.9538350668446,29.66374699411547,22.21584479456587,11.817274567051522,571.4940564853954,4.535346968778966,0.011434755300367135,0.05774476318885308
Cecropis daurica,stable,-6.357988633352222e-5,214.34709253792795,26.540045264392802,13.320247502250878,10.433054039407276,700.7401890884125,3.1406197622185887,0.008011286554193489,0.04184040567597722
Acridotheres cristatellus,expanding,0.01795706111585599,104.58102738425423,7.728128423496639,5.566247217704435,3.480692324044264,128.31044537028035,1.0663820027613722,0.0027414915687452358,0.008865835519089996
Ardeola bacchus,expanding,0.014782619893414471,188.68510842198654,15.785296481148555,11.882254145597175,6.990331154324405,367.55744091736335,2.240706866756596,0.004912762790399059,0.02650794440425617
Copsychus saularis,expanding,0.011313461540772361,10.935558828307366,0.6147942942352872,0.9315036704582352,0.3028216353183475,7.713784091398156,0.13203511294615136,3.618812671152052e-4,0.0020900382868909674
Ardea cinerea,expanding,0.061641227908808105,334.83451898619376,36.647285083816456,23.807194623075905,14.50219300090329,883.5256023428087,4.780946678338127,0.011698010325491656,0.05745803034896165
Anas platyrhynchos,expanding,0.048700433408592744,339.64233808930516,37.44343017873275,24.22191100260194,14.837781354986607,911.6310132682192,4.8266565654490226,0.011695311605048317,0.056574382828859036
Lanius schach,expanding,0.02743045629833114,63.88209221974803,5.2137573978121825,3.829773716169359,2.3338029490963157,95.78438995180207,0.6471384073601614,0.0015922720722973056,0.004987504460072051
Spodiopsar cineraceus,expanding,0.062246361645840444,307.2375111102647,34.14550291410618,21.214426549987934,13.30734952261029,790.7236831982091,4.326514893078458,0.010417493574261664,0.054255010775676876
Alcedo atthis,expanding,0.017104781127878815,259.17777107089296,31.604093949344918,17.104186213510314,12.25719966106329,752.7361184054338,3.93700478133812,0.009784782360592518,0.055969940555725455
Anas zonorhyncha,expanding,0.04128827368339198,319.8592590094632,35.80429739852756,21.361973388661045,14.01519347612212,830.20998236903,4.5227901650499165,0.010409684547825778,0.058469450807844305
Phasianus colchicus,expanding,0.04966357686285207,357.56539730355956,37.844807072745155,25.500269981005268,14.985263567310842,893.3950155337947,4.9695467340625505,0.011860140077712241,0.05819234722129653
Zosterops simplex,expanding,0.010522813000489628,105.96438748726801,7.176387335847822,5.797066308268185,3.4580072144221377,136.39200238413625,1.0251312498283087,0.002452952778600474,0.00780496517460534
Cuculus canorus,expanding,0.036902456918044176,315.51494221377345,34.738822331160556,22.431942738203386,13.731958791430618,838.3845216499075,4.4880415167956285,0.010907678494418612,0.05235641847526936
Corvus macrorhynchos,stable,0.025719691847330556,231.1590257800035,25.141179525861023,14.962149868830311,10.073370111647202,568.2245603521111,3.211202394152195,0.0065940882810456595,0.038933368841923326
Upupa epops,expanding,0.037186669342119893,317.70886757992605,34.97189051198336,22.41602563779061,13.797229950161409,838.3670032355965,4.471457845706671,0.010633756438756636,0.05204875428966173
Dendrocopos major,stable,0.011871938926782968,337.60389713103007,36.08243532646274,22.1883816754917,14.050787168396717,728.5373464016021,4.836417484626045,0.011590962272229045,0.06163853295978325
Spodiopsar sericeus,expanding,0.03886431666359539,102.0502177373165,7.641920836654056,5.886351577062413,3.334148614973807,110.9802263410198,1.032254897539931,0.0026409251465055214,0.006374624028919689
Dicrurus macrocercus,stable,-0.00562915857017461,109.70811273530678,6.900077451706273,6.25454735738659,3.2285290111858354,101.03769926235725,1.199228511225546,0.0036785041245944307,0.007547828054417841
Spizixos semitorques,expanding,0.029018952097261578,48.19230233902939,4.988420086494908,2.4253526676004595,1.9764482483471482,76.05775556361276,0.5989259998802892,8.989712040849101e-4,0.004297703825553914
Phoenicurus auroreus,stable,0.004728220945161741,221.86970176444896,22.902881584720898,14.79356738790541,9.032871517426278,487.8124946298223,3.028305053508954,0.0073879508417601936,0.03673099959499655
Ardea alba,expanding,0.028735846643482735,355.8489598351409,38.60863775521422,25.600515872281594,15.436409186236773,963.6555213997162,5.125178924683439,0.01275065318747875,0.06096537899715348
Himantopus himantopus,expanding,0.07544087740969901,384.1291231934668,42.96728691796428,27.60794974722698,17.012748036509404,1075.1967564702243,5.312855244576511,0.011953476208784525,0.0643322875170371
Urocissa erythroryncha,expanding,0.04492261030232061,131.69549216871178,9.33685876306051,6.998398055945937,4.355300732252704,188.50741259431376,1.382110822306857,0.0035666694359334427,0.010433947129127787
Aegithalos concinnus,expanding,0.010445570980213634,9.166366839448408,1.1858753318646906,0.3782749827967809,0.49887997894860536,28.413235931447716,0.10309866657789495,1.6159625221636952e-4,8.284781252123469e-4
Lanius cristatus,stable,0.003929090874414779,286.94238029104025,31.509210964278164,19.859240905360135,12.31539156847501,719.4206565894624,4.123384724499498,0.010107917949587883,0.05317187392417608
Fulica atra,expanding,0.10823427540250338,322.10399298364626,36.253037362025196,22.6645469457702,14.366927264945483,881.2171818969595,4.512124996863258,0.01037250437224345,0.05568935024215588
Horornis fortipes,expanding,0.01682565972092447,19.260663351200243,2.281338607485912,0.8350384667981096,0.9562600259449441,43.94403034181442,0.238966815454003,5.020548932558275e-4,0.0022773040154475863
Eophona migratoria,stable,0.014224615442248801,219.93112960141505,23.774955314595935,11.962611584875418,9.540859455997337,530.7569858313155,2.867366231462709,0.005812028297530612,0.028944848394401968
Podiceps cristatus,expanding,0.06262411686854213,354.7073995020466,38.94124972569883,24.8827506483666,15.423742797489691,942.7554714125471,4.973487671196573,0.011431593739751241,0.05922975242357925
Picus canus,stable,0.002619582478139875,289.2385076109402,33.52111430951998,18.99398973333094,13.070973633799753,741.7311988532923,4.019065953066996,0.009082944528182193,0.048813003197507095
Phylloscopus inornatus,expanding,0.029946293109388303,225.10610726360412,27.194258898845547,14.32956698687664,10.590525703843788,675.8104329456736,3.3403723518627144,0.008458402645501416,0.04539958664000398
Pterorhinus sannio,expanding,0.03979843490414222,17.51184549301192,1.4547905658573308,0.9423757538168087,0.601046472756657,19.94030731290764,0.1730858775257436,3.2210602188574046e-4,0.001067986109094895
Motacilla cinerea,stable,0.018954340674876835,277.6770576167273,32.957745595000105,19.093839185118537,12.9625525489152,833.1175921387893,4.123697219708481,0.010127304156721846,0.05089458195739767
Sterna hirundo,expanding,0.04677174989918046,371.9169637108573,41.33595815303988,26.995320589742335,16.23494566200421,966.6789190359128,5.307339573076504,0.012377386261829293,0.0637273730106487
Falco tinnunculus,expanding,0.04156445399901182,311.1343867382667,34.367301635279155,22.21821537591895,13.612700787067231,840.4191562871815,4.413890000448574,0.010679228260961434,0.051450377404277145
Hypsipetes leucocephalus,stable,0.007587374260432648,2.3012048013390185,0.1964570597478751,0.13011666860488016,0.09172949771224173,5.000791609951343,0.027110262609345674,9.570805949933421e-5,2.6271121039967517e-4
Apus apus,stable,0.0061180412197892765,473.54977092092156,52.21903855411454,33.4621236798749,20.663287307541566,1263.1548924728365,6.878181957512631,0.016833322376715382,0.08073044641741117
Cuculus micropterus,expanding,0.02017712083237851,202.77865413392806,25.019488733743138,12.28953449976964,9.846063588970795,670.6460975143448,2.929296051615109,0.007597602241348142,0.03680387176466735
Phalacrocorax carbo,expanding,0.03518521860496223,357.60502168920806,39.731807689649905,25.693962196509855,15.702803766159091,978.7198271092517,5.065950568687677,0.012163354297762776,0.06027462519970338
Phoenicurus fuliginosus,expanding,0.025005519164875128,62.78571362027919,4.00643075882964,4.247229172322897,1.8331798932559755,48.7575347056049,0.8110317576581665,0.002663727396499537,0.0056986283426533075
Prinia inornata,expanding,0.024145358945431565,15.63355156739209,1.0651870397345253,0.6406134472938093,0.49019031254190976,16.131030858615933,0.19541061506362722,0.0011106510460613497,0.0011900397415552837
Milvus migrans,stable,0.02270791020112154,274.0326166732833,30.97400655837614,19.886184588957025,12.222524929002233,753.051899250582,3.820465506380348,0.008566268291775828,0.04534328179423001
Bubulcus coromandus,stable,4.2835498568601256e-4,131.819683888481,10.358376816197769,8.749583670486615,4.403659296521678,179.23883523258942,1.588200876831316,0.004300326431233226,0.021202381036379406
Phylloscopus proregulus,expanding,0.01359926209088199,247.9161664001504,28.827684672856467,16.01309508015442,11.043013588003925,658.031397069265,3.6643199046520136,0.009187911039581175,0.04920885861105802
Acrocephalus orientalis,expanding,0.05059972826961889,366.53862398087915,39.16199676746087,26.127621626663412,15.363630823000975,887.1418901001343,5.144851023686756,0.012601308696986035,0.06559634418242709
Aegithalos glaucogularis,expanding,0.03471180149948495,368.57031255888774,32.570918524920394,22.55922309593024,13.26384843722395,559.5502669702123,4.633909723003786,0.009777184486053705,0.04524845584983729
Eudynamys scolopaceus,expanding,0.021499097559278386,72.02310351519398,5.308219034550753,4.431752468258139,2.4896959987273664,91.70604823634444,0.916546734517951,0.002592166827095333,0.007942342729588776
Anthus hodgsoni,stable,-0.006196478263856291,188.9840520700997,20.82073774196925,11.887951755189137,7.936788569287508,402.3206479289699,2.8181836803235596,0.006945995991742797,0.03932016937332642
Pterorhinus perspicillatus,expanding,0.03859995768950752,31.453030683289192,3.5044733305807343,1.3742039422276409,1.4160776993078845,60.172246411226595,0.4223468375835799,8.449064195260184e-4,0.004401126894037281
Charadrius dubius,expanding,0.03655794493983804,368.3283107969442,41.46097485186174,26.543421281422894,16.316431163438722,1019.8232757534003,5.330343980376465,0.013247993208995845,0.06421629691744608
Poecile palustris,expanding,0.02646984020360371,503.96847911611434,58.758968783487326,30.736211339030778,22.533961763925035,1230.9621678152391,7.98783300026287,0.020625303133841165,0.10829438376903987
Actitis hypoleucos,expanding,0.026546608408911723,312.33971999455525,35.07475137920483,22.423929842359883,13.87163984844129,869.3942098866042,4.464281616896477,0.010842981688004072,0.05293009044685094
Tadorna ferruginea,expanding,0.048399600243507764,360.8882976599599,36.84802714484955,26.153191837991425,14.90986023146323,886.2711768524673,4.904550605989233,0.011587401022372603,0.05512525552049359
Passer cinnamomeus,expanding,0.03357887051706167,129.63740962050682,9.155124449426605,8.52745386821807,4.245820061332375,163.33966592186536,1.550334314500829,0.0038074225865623213,0.009310531524302891
Vanellus cinereus,expanding,0.07735462315445146,328.6003932652821,32.9485048641125,24.896503615200473,13.225328528310389,771.3352753757955,4.595872890845972,0.01143156528755104,0.05855719279123716
Pycnonotus xanthorrhous,expanding,0.03048576316608093,14.955212630658801,1.5783554701713896,0.684199956967702,0.6320073391912127,25.292280034830757,0.18329992452763946,3.0200752437214035e-4,0.001296811441980975
Emberiza spodocephala,stable,0.01723029082211342,259.1731017382355,31.028613864784003,15.80136180337221,11.707518562173341,653.5757982335069,4.050674496300342,0.010254811511953836,0.05590265794074826
Ixobrychus sinensis,expanding,0.03449280535132141,309.977458076458,29.20142885105686,21.788021250787544,11.949676755827761,694.9171270608963,4.084073601552319,0.010221928595373575,0.05114999076514205
Oriolus chinensis,expanding,0.015653123117140635,213.9627135603491,24.990798691415524,11.642022869682027,9.541532359867157,542.4210211131658,3.335601960504241,0.008394012261056436,0.046521822999023424
Emberiza pusilla,stable,0.016508643484511417,231.79973259004316,27.810423510596774,14.48162003081088,10.727962196694394,661.9713357903529,3.260115127975132,0.0076376029907284865,0.03936571999058616
Chroicocephalus ridibundus,expanding,0.06061749289086341,378.6081924256353,42.59860499612688,26.951702906775175,16.882170927267865,1084.0952788694826,5.249665721767991,0.012272998315753497,0.06327139777769224
Pycnonotus jocosus,expanding,0.016879675407843842,29.47407595241999,1.1497137103506976,3.1303163096761963,0.6893615733910393,17.537238000705695,0.22392567299696592,4.157512871162996e-4,0.0012687362268589588
Streptopelia decaocto,expanding,0.034918589366328294,506.7755461831081,51.4975797272494,36.85487229293344,20.937364631918093,1256.4259906529578,6.862382027046691,0.016498183648329594,0.0739315918531546
Pomatorhinus ruficollis,expanding,0.019182688049801132,3.310317068543274,0.29757195575959033,0.1794159802659735,0.13399356430602938,7.038163754036612,0.0361824155711746,1.1396904938018975e-4,2.622760498527936e-4
Bambusicola thoracicus,expanding,0.020215046440685686,17.061719135193915,2.18030223628647,0.810541601802969,0.7996052882120411,33.46380148694368,0.24782563671036478,5.014012438885505e-4,0.002195575797241149
Pardaliparus venustulus,stable,-0.003720027341801887,244.55829044303024,23.25545219527681,13.81055317816406,9.539014428391617,449.0344943957704,3.1516193319359176,0.007386244610938022,0.029778506842125425
Ficedula albicilla,stable,0.0057475027397325,279.4510673940564,30.82225859048016,19.872882668360837,12.079424508283143,702.897841985648,3.9597918916905197,0.009643183389178604,0.05094769247687507
Picoides canicapillus,expanding,0.08100947335415826,264.18998254109096,27.097122039690788,15.749436389616646,10.700119707906124,498.73271168503186,3.995368800397965,0.010345762318233429,0.048323129537629614
Hemixos castanonotus,expanding,0.02088289249913169,5.022847256702535,0.5000816010682703,0.2803608639278166,0.21523625205309008,10.697349695593289,0.06575250705888469,2.013039039055712e-4,7.173874049920829e-4
Tringa glareola,stable,0.022365071636930668,310.86482468899453,36.044029726737,21.335371893068412,14.08671860689388,863.6342496702235,4.477354932676834,0.009905722591917236,0.05828630445524364
Abroscopus albogularis,expanding,0.025671152215143114,14.02214974798163,1.4121231314788583,0.6132135431171494,0.5871663868425457,22.469649123925535,0.18492008717716069,4.978692361861461e-4,0.001936259043660519
Saxicola stejnegeri,expanding,0.04421700737182515,260.33178974506734,32.42403693045418,17.042206396730226,12.391190879361025,769.1605999599162,3.8293018852242895,0.008821657032729484,0.053625390461999
Garrulus glandarius,stable,0.004713752618709537,193.27792068240305,25.59368194696459,11.017990213485367,9.69797483523517,562.7235322436923,3.1214038559039214,0.008265835129381862,0.04045349253492806
Chlidonias hybrida,expanding,0.07738471593835042,368.2708234731696,41.233975379139004,26.519418220827966,16.12765473164543,1012.2342540997805,5.186602281451495,0.012351614178268104,0.06236190610188416
Corvus corone,expanding,0.03871383013385347,370.6304180525038,42.22152711650821,26.08670041306461,16.664021679911016,1048.8273182960384,5.328112380203712,0.012889954791046989,0.06325136956477741
Trochalopteron elliotii,stable,-0.006104914929865838,65.70161717466125,6.924020929067723,2.8112186159024484,2.631692033185623,88.86104839236903,0.8245082462304403,0.001175498839957127,0.004458679158441603
Parus monticolus,stable,0.00944163232907883,32.13816268399848,3.1577295028188788,1.6311798713502288,1.3510070626541588,65.48303197270724,0.3733809819855635,5.378446729250775e-4,0.0019358385291010677
Phylloscopus fuscatus,stable,0.021292767773206968,238.5324593221019,27.30961370397288,15.335953259024192,10.428149664153434,561.7492334073745,3.5945979571607323,0.008985913285650488,0.04944501711020558
Myophonus caeruleus,expanding,0.019702178983477116,36.24573538378589,2.655455192701731,1.8161746721250593,1.2434951349311045,49.31604216083688,0.4645385602518013,0.0013848532043202676,0.0038631681558722944
Pyrrhocorax pyrrhocorax,stable,0.003558117570078004,370.5102960313136,34.21599383561123,27.347549978825636,14.197120954983074,804.0596223282525,4.99495773260117,0.011837148334483353,0.0464929349792652
Ficedula zanthopygia,stable,0.011809576924644856,287.7460190174333,34.48621753775396,17.833709920813813,13.313513732658574,801.9161396384201,4.309685614189115,0.010108062703324146,0.05881097463399979
Pericrocotus cantonensis,stable,0.004887129166834582,18.650502133422474,2.045135340692514,0.9548033537598862,0.8210605259242817,31.35779785592224,0.286297318775047,7.267084220631817e-4,0.0038966877529374084
Ixos mcclellandii,expanding,0.031355004116225334,4.079104830083865,0.3358533059978821,0.22365864029168653,0.15170444771715194,6.813410273398756,0.04664559240180397,1.636199331807395e-4,3.5814695743204494e-4
Tringa nebularia,expanding,0.04424816891245742,292.3316034890511,36.61097030408045,19.04329614885674,14.27346200358161,925.0831228871621,4.369597994876047,0.00924946142626674,0.061606426149120125
Dicrurus hottentottus,stable,-0.004403065263914552,72.9278956334305,4.705047296023938,4.253354825825171,2.3323364267504028,82.66347147596258,0.8006930925741234,0.0025359402352479513,0.005202463629927703
Gracupica nigricollis,expanding,0.019877537355488577,18.76728689842362,1.849110836453923,0.8333031045068938,0.8013243128621955,33.37869167836494,0.21474596372063573,4.5929688923321917e-4,0.002214440414662634
Tringa totanus,expanding,0.04421881748883533,364.17940253878635,39.408086917536735,25.86088658612651,15.677705284339133,952.9498429451547,5.103029018570804,0.01202060412653322,0.05721046629314904
Hierococcyx sparverioides,expanding,0.042932995705632984,66.40873829743423,4.340993457393046,4.369484307521392,1.9977758256175717,64.52507766909679,0.8023761177974801,0.0025239409918558,0.005838980508054941
Leiothrix lutea,stable,-0.003780547644770624,25.642410145711676,2.2383465381777228,1.0589236700094153,0.9736862971736666,47.025477883672025,0.22464090993392433,3.873510000474135e-4,0.0015786064987043183
Charadrius alexandrinus,expanding,0.04681868063429454,339.1126796934945,40.58769723539347,22.89784861010771,16.00672108427463,1034.08171364186,5.077807829665897,0.011529653314508115,0.05986272591979944
Dendrocitta formosae,expanding,0.016826052682147468,15.840146958071836,1.4877845991515235,0.9511344070984601,0.6077059066987356,19.218631922774104,0.27149977800437664,8.545661340783657e-4,0.005440299318370104
Aix galericulata,expanding,0.04686703267668358,303.6787337843633,35.97138646446657,18.29775897076067,13.825747778491483,811.5216802279035,4.550385824471922,0.01052748813811095,0.061920933254289365
Motacilla tschutschensis,expanding,0.03285079948204407,289.3051316305177,34.73299354709018,19.84843528996952,13.593594240565436,851.8287220647209,4.400767357691604,0.01089415835045816,0.05463400792449299
Falco amurensis,expanding,0.05740096459241119,413.7387404653205,43.965369249452195,29.78289168691905,17.28080478690682,1001.9378530739406,5.747251535230051,0.01408719195153462,0.0722680130047706
Delichon dasypus,stable,-0.009652148347089202,112.12887992063257,9.459997161901594,6.988771142585134,3.837775218827027,128.2496731676189,1.4949243218893125,0.0030497696651719023,0.016895315226578177
Lonchura striata,expanding,0.010095940733350788,6.5189720488526435,0.4892644473233973,0.2932175752508644,0.24249814525851676,9.567314240215978,0.06285438190670091,1.5391638041847513e-4,5.88912166098392e-4
Garrulax canorus,expanding,0.020159490236599346,48.56919777494028,3.2103324699285474,2.7724244437154013,1.5131258493667703,59.29641626541304,0.4394350555099916,9.877925629448209e-4,0.0027813403746880885
Amaurornis phoenicurus,expanding,0.01621110060044387,79.10608784196204,5.248324628684137,4.8304482349883635,2.5216918384690508,89.4207142282323,0.7978211710474501,0.0016441218206992552,0.008349021365427466
Lanius tephronotus,stable,0.0021914751247374053,159.24098874440244,11.450699526989425,9.994671037170418,4.901759771071976,128.24791906089663,2.0949673408743936,0.005710777044086779,0.012021304344100996
Columba livia,contracting,-0.06315437260239982,335.7519509579889,38.85999701862251,23.73109526142763,15.3981091620133,969.0288660162124,4.636730924563761,0.010875458503651745,0.05047112492504836
Phylloscopus claudiae,stable,0.023555524656519423,226.87243582116096,14.51156964058533,15.104917882930115,6.930551368902165,193.63311363719086,2.8010792123131143,0.007188510122595516,0.023560762511515565
Emberiza elegans,stable,0.015939959686898562,295.3803852700146,33.94437747944437,16.932445565009527,13.19418201357837,772.4423304271406,4.4003868820616265,0.010916052822418986,0.0538023459237903
Gyps himalayensis,stable,0.003430621835724586,295.4158689035553,29.416884747801962,21.335666888754158,12.468936580240856,778.9711296039326,3.9633321645866406,0.00929255937116241,0.03217379358627753
Recurvirostra avosetta,expanding,0.06984175310458524,412.3285071565459,45.50235775855335,30.97032808591053,18.26410177531813,1151.7847798944445,5.824719591294618,0.013317152686096291,0.07031489954481816
Culicicapa ceylonensis,expanding,0.0292043527665016,21.4583753804789,1.5941051194062428,1.0833016437947622,0.7682457147715835,25.310319514037207,0.24456789234440515,4.78468600067864e-4,0.001792561108433928
Columba rupestris,expanding,0.018253363055623806,409.48610666955386,42.16436923093416,30.169267923626453,16.964738285394475,974.4713250187415,5.64071847921361,0.013403426736474633,0.06314712174616963
Apus nipalensis,expanding,0.030143857788785085,9.09604730931575,0.5209530899401071,0.5264080449773231,0.2613713927166237,8.25181210175807,0.07544321165505284,1.6804482595476935e-4,4.937675188052862e-4
Accipiter nisus,expanding,0.03253790431306104,314.84250317696603,34.71614964730311,22.439350838622993,13.748173674333637,846.2568324992274,4.468874943880574,0.010824648866879226,0.05196491708086182
Tringa ochropus,expanding,0.045829846903929564,302.5214846230428,33.38616442449961,21.026234623434938,13.211952346988346,799.9767945597746,4.3931624237730755,0.010772929746938421,0.05330224780360569
Phoenicurus ochruros,expanding,0.008444191591947536,301.42747471230166,28.036858031525544,22.330046090879314,11.873225034171973,665.1603722329503,3.8416332964171915,0.008559969896428562,0.02776515148896319
Turdus rubrocanus,stable,-0.006464311490360539,142.1441979497907,11.322929961504613,8.136240321757397,4.506681741161641,121.1904963567056,1.9255348101575804,0.004554078030495462,0.011004486757907507
Carpodacus erythrinus,stable,0.012771981007595901,324.2072002807311,33.9358066323424,24.133767210669514,13.967098893640346,852.3216869972426,4.263267550891788,0.009314030372780113,0.045495307265629906
Psilopogon virens,expanding,0.029735408426858335,14.360869960468934,1.0587273292230246,0.9353426134252539,0.4654448096595937,10.749339159339694,0.24093652003494165,7.871931403012846e-4,0.004960165173195797
Gallinago gallinago,expanding,0.0329140939309589,291.85196035610954,37.98258431015792,19.276288340837144,14.72226078975202,992.7291145846792,4.276497208827014,0.009665888190284876,0.05580743819439515
Prinia flaviventris,expanding,0.013556774538832946,6.881500523641109,0.5180537735449513,0.5828554434507293,0.20219817164094173,2.4637626224668407,0.15598506749364285,6.761385521075136e-4,0.004327296217824982
Motacilla citreola,expanding,0.03840226459013556,319.7859014324446,34.140543397776014,23.704986675940916,13.637325857144994,788.8457803181478,4.530663220603202,0.010678968624011105,0.05472581429673649
Accipiter soloensis,stable,0.00811630742706953,182.55771525081187,14.705962892160795,10.92991242085422,6.137889141021358,218.13661411099483,2.5398056509827587,0.00772807517054484,0.024658994788850138
Accipiter trivirgatus,expanding,0.022708265005757122,9.143885399709575,0.6953593741616542,0.4098585584187572,0.3364140055493024,13.285514298463893,0.09383144338543174,2.4153612025655118e-4,9.83607443151169e-4
Cisticola juncidis,stable,0.002421986413695133,175.53680999731094,13.322392263398982,10.466095278563737,5.611429047960604,197.04100148926085,2.1250858542177027,0.006111106460991101,0.01676384339339832
Dicrurus leucophaeus,expanding,0.01638173806479763,14.03083851936238,1.033388183621286,0.7205512049219831,0.5111928881258523,26.94870754149017,0.11989166735154116,2.462950587261167e-4,7.839656638550008e-4
Ardea intermedia,expanding,0.07581973426892323,236.70244093421744,20.734123621120062,15.723940755691297,8.905374862542464,484.4413321092824,2.9156121934070747,0.007168844183602764,0.02816419132003921
Lonchura punctulata,expanding,0.020450664777685295,9.555564073569732,0.6451340743852576,0.4369160671534294,0.3336791424295864,11.831289936353212,0.08751284163055564,2.106147714987084e-4,9.418605828044414e-4
Orthotomus sutorius,expanding,0.012787418075174776,0.8920854519614619,0.03988804824237166,0.10415705157715037,0.020906965044801648,0.7087460691757866,0.010679142277590557,5.4543695592218403e-05,9.647774248803153e-5
Falco subbuteo,expanding,0.029474079758301828,348.4813042010205,39.79393199092515,24.299928897180155,15.665513282303975,978.2726088185825,5.082236814036284,0.012461495705922983,0.06037465316712856
Pericrocotus ethologus,stable,0.003270756816163009,196.9159827027012,12.456600792436415,12.570186812188915,5.674781942029087,151.633338526299,2.532367429844523,0.008105964330708378,0.015062675339175777
Muscicapa sibirica,stable,0.006774801042102399,234.5023808422857,26.119110739521506,16.055147813206588,10.175120535328594,622.4185047464002,3.36321681094603,0.0083288707761112,0.04529361401529517
Picumnus innominatus,expanding,0.01580905012111773,5.339819008745734,0.5192393087058174,0.2794836701851245,0.2231880616641217,11.055320420815173,0.06616956853903651,1.9700354545748448e-4,6.194032922428532e-4
Sternula albifrons,expanding,0.03969769248738522,477.3406478685331,53.92084168398847,35.48273054031326,21.424305936910525,1425.9767515061799,6.875121577935493,0.016993379902237545,0.08620409252966622
Butorides striata,stable,0.015175668947832541,204.36084900813876,20.987303571791376,12.274070757444978,8.842467625012823,547.5580541278437,2.8160856967388144,0.006653540018587255,0.04166709178307725
Yungipicus canicapillus,expanding,0.03363831978811646,224.72961993343822,17.985750049285112,13.79711243230009,8.123648772702559,347.89444632486254,2.607482888598889,0.006060449566906278,0.0266119928679776
Periparus ater,stable,0.003294398095393764,374.3918345604601,42.606389217230564,24.008231717798104,17.539139848584366,1111.207063826853,5.031253792237666,0.01102572432820294,0.05539040548083077
Phylloscopus magnirostris,stable,-0.005233232540159587,133.36760256088743,10.108584116569231,8.379318958306985,4.082897195391897,100.91785925585944,1.8049581400660946,0.004476774752819607,0.01042153758523263
Tarsiger cyanurus,stable,0.016752107628566472,221.64417562059,28.076962606380576,14.007267060337687,10.683610573656502,622.7575448649224,3.1786088577701594,0.00694947995167418,0.04614446671082647
Cuculus sparverioides,stable,-0.007653398213502595,51.528388968192985,4.2375739344423575,2.383882864214494,2.0000732744909144,72.97923529915985,0.5680127940853485,0.0012321997707375114,0.0055150599423309295
Cyanoderma ruficeps,expanding,0.0316504375868587,13.223763084281664,0.9387921409630032,0.9886961992201724,0.39028597711713586,6.5693887858755184,0.2433514859598325,9.069079181382144e-4,0.005439381773717135
Eurystomus orientalis,stable,0.013056777411339591,189.65884194062536,22.83165538867735,10.4310571547013,9.427811700303268,574.7310525547423,2.666638119248555,0.005839089609947309,0.03715351938425742
Anas carolinensis,expanding,0.05740827671828183,275.9913525643351,35.50227374812483,16.867775515990452,13.620368286116534,888.7231381636178,3.894854664941,0.008000817005213311,0.04978396197639236
Acrocephalus bistrigiceps,expanding,0.05484156989550274,311.62589251963686,41.85389739656498,18.96487594818385,15.820596858017147,1016.386355745273,4.743102831682452,0.010583189117527586,0.07028403529188058
Centropus sinensis,expanding,0.019643946581267852,7.693616450632246,0.5094988931677659,0.6657256620209365,0.20938611496612117,1.733154923352408,0.15963544090756224,6.514424592537031e-4,0.004472764292824502
Buteo hemilasius,stable,0.008856138340933694,378.37562816884906,41.41574852515931,27.02610017977508,16.569029980693106,1026.0573491029718,5.2111117746434505,0.011731764015490842,0.05926197820094428
Pycnonotus aurigaster,expanding,0.017081953978515356,1.628614625721684,0.08386766675960683,0.17397334861701935,0.0457205931670459,2.032529547762089,0.016405770247528248,5.7998828197359017e-5,9.790245728660156e-5
Fringilla montifringilla,expanding,0.06664073944516005,315.17593212982695,38.69557956887708,20.52778815153935,15.040392630114011,962.3489975927505,4.538253438159171,0.010343070228102071,0.057287514106877185
Phylloscopus humei,stable,0.012724471795158418,353.32551733552884,31.549378219196015,27.26218452864886,13.442585417373534,733.5523642490763,4.680545804490984,0.011351496749977649,0.04767385012613167
Apus pacificus,stable,0.005071972758286426,234.51464529866087,29.28573010514228,15.546300146177085,11.301357260272674,704.5618082217867,3.4937369837679007,0.007802692745323667,0.04649508014615163
Emberiza godlewskii,stable,-7.572293084729202e-4,367.6459704719459,30.339714650579072,27.936778447484308,13.043654421509826,625.9189224947922,4.976009708199474,0.012656352742652584,0.04954858423166806
Tringa erythropus,expanding,0.054512233600106645,334.67350684849987,41.14319153562583,24.122907466306174,16.109720230132666,1031.9108602129998,4.934763415203706,0.010929786756416475,0.06657937763079515
Enicurus leschenaulti,expanding,0.01734104751654326,10.939565023142483,1.268172832580744,0.5328661157838595,0.48699408619509,21.58889905493652,0.14726197397917995,3.224459507210495e-4,0.0010755451030040489
Phylloscopus borealis,stable,-0.007651530109962065,288.7053718051545,33.69909880275014,19.416047333482894,12.929461685907281,769.9715332847034,4.275978059733551,0.01063681276996727,0.05805990377329697
Cuculus poliocephalus,stable,4.49082623357341e-4,92.85821170678862,8.114305238423237,6.0380883881843905,3.4127180491050253,132.03616607977867,1.3304030290871556,0.003627625490958852,0.016516398812283103
Phylloscopus coronatus,stable,-0.008819149295632728,296.9490419984492,32.508898958598614,19.096005712850946,13.052653565707423,855.5633366725189,4.204231291938268,0.010306559215121924,0.05398728182364412
Phylloscopus trochiloides,stable,0.0056422526743541155,259.3546993612174,27.27640774327962,17.426000981723966,11.202551475675286,672.1165541688613,3.6906218157335946,0.008928057408950052,0.034763046133276645
Pericrocotus solaris,expanding,0.024588313585132315,2.665431549475488,0.2166912909098198,0.16378312238483117,0.10043864975162539,5.2320565983651734,0.03212319584576837,1.388984551916196e-4,2.6893677428008184e-4
Aethopyga gouldiae,stable,0.009913728651368515,31.633585969751195,2.361913562498664,1.9207103883057834,1.0729327404585414,32.9463227833931,0.36849725767060154,7.462230344246388e-4,0.0022799742501883563
Tringa stagnatilis,expanding,0.03429157992490053,325.38265470174383,43.489790821332214,21.529535707351048,16.87507399210842,1140.0007740188462,4.971459510262073,0.010915296031049656,0.07241693729552193
Muscicapa dauurica,expanding,0.05368636692416788,237.4489185835108,27.0544349967678,15.214673794526266,10.47404351902804,622.4334072677312,3.448683624564116,0.008688084688450424,0.04402746473737426
Buteo japonicus,expanding,0.04047977451094634,287.5542550356031,33.0310710248584,19.589401375534543,13.018915055774253,809.0396873782479,4.135600474863926,0.010006162758145198,0.05168775850977143
Gelochelidon nilotica,expanding,0.04707241208762203,467.7618734021559,51.65466665951266,34.55317749202089,20.374092604451224,1295.5479816598179,6.805108983789077,0.017189225052009052,0.08833857097397427
Eumyias thalassinus,expanding,0.020780979181293284,5.423591256553023,0.4110116487204448,0.35267198375243797,0.19311175265662,8.034429109250983,0.06732385208240592,2.085891939277613e-4,6.374828574305164e-4
Sitta villosa,stable,-0.012980155928312571,565.9385912119558,47.58225199831404,35.978504497003804,20.60640189071966,959.6801467776139,6.8498337564171985,0.014502520814217495,0.06285424190177785
Alauda gulgula,stable,-0.012697399659120465,94.57540943939753,8.415989226475208,5.7588331466947045,3.38389810242788,116.8857061340496,1.256302909163218,0.002416766373345854,0.011083978115241673
Calidris ruficollis,expanding,0.029386627262952006,317.69696819166995,39.90421297140559,18.713027378355516,15.536417545060923,865.4166189481896,5.142326574973233,0.011768360241287815,0.0873450289591005
Pernis ptilorhynchus,expanding,0.09071975239117097,257.5091787460948,27.0624557900038,16.78980014232974,10.704513573520686,560.4505217396788,3.700594098366407,0.008896381608031363,0.047915309851676746
Limosa limosa,expanding,0.05414537002920153,390.1617673421212,47.160588364819546,28.225648156854756,18.368699399502702,1148.098106435483,5.765766884963897,0.013488130552538054,0.07720819287343464
Phylloscopus pulcher,stable,0.0021073241967153322,192.4788554018342,11.447182998180546,15.287368083285022,5.0123918119166975,116.16892468068994,2.3364861422617462,0.006400626612172163,0.01343675014275135
Ardea purpurea,expanding,0.05973641238232527,398.2564498867305,42.91735656006388,29.010830910244422,16.88001980711722,1033.2750347946128,5.571562090424016,0.01377252385640032,0.07131642017850831
Phylloscopus armandii,stable,0.004606644045894586,388.85611487759434,29.607154677609795,30.159166947221564,12.627751136197517,557.5243392692012,5.070398440936397,0.013189135864857909,0.04820020895419964
Butastur indicus,stable,3.951344638887685e-4,240.3811069775103,24.904980528149714,14.904968138947638,9.819802499303801,545.9693187895573,3.6812352220824986,0.010120511834237742,0.05204310285344045
Platalea leucorodia,expanding,0.04852120535783228,406.9293761133676,46.66511739022467,30.403721853220162,18.18883182627335,1145.7051741202504,5.7637750815336695,0.013157013644538506,0.07465946938699507
Emberiza tristrami,expanding,0.02962701935319677,271.2046246988984,37.22795558049791,14.93609436193192,13.891607599537823,851.5034410980572,4.318625324908301,0.009877050167969446,0.06708101495536813
Spatula querquedula,expanding,0.03274972693639453,365.3742218853962,42.839557876741544,25.98668106244078,16.83656456315911,1089.5657323308174,5.1889889479169256,0.012005319888748709,0.06416757515917103
Alcippe hueti,expanding,0.013225200304657753,9.143057811481372,0.9605621494985881,0.5115815782015569,0.4069497484710447,20.159421899736827,0.11653938527793462,3.33736908522373e-4,0.0010646431773607835
Garrulax perspicillatus,expanding,0.02708613798119828,33.6423976507245,4.162620207755366,1.4881787167743898,1.6359459664649991,71.30882569567287,0.43844874967799663,7.796541914143782e-4,0.0036395594566847765
Cinclus pallasii,stable,5.3960407954687e-4,150.24633749255156,12.376978194829945,10.666931469215221,5.725924238638498,288.1633480659043,2.3122270341098288,0.006488283688725037,0.021691204221282186
Calidris ferruginea,expanding,0.0383175319787522,366.0077122251188,41.50733821723163,24.414248328914855,16.250338735942137,921.6066950217357,5.516072765022495,0.013006963145234042,0.07136083273969612
Tadorna tadorna,expanding,0.04613868709398138,458.60723046357316,50.49584755570458,33.363159847590936,19.90708662107536,1233.2539335922002,6.489733159555993,0.01477650757291866,0.08062434636953691
Chlidonias leucopterus,expanding,0.04055855963244581,381.03283116278834,48.91601194481777,25.694458711291126,18.652900186486107,1227.397265420162,5.713033482839818,0.013685584618887888,0.0753021300118813
Anthus roseatus,expanding,0.022137281267091545,246.76836687714325,17.648018644093305,18.116854339748652,7.712481312807871,307.98131299041535,3.1736560126867386,0.00886833684192805,0.021701547765750076
Phoenicurus frontalis,expanding,0.013472870835847339,146.7140132979757,11.042166215759405,9.331646554735695,4.53578307568993,124.50470432139623,1.8665217059104906,0.004178401954149719,0.011324715509825176
Mareca strepera,expanding,0.05192175517231665,355.24512168066485,41.03759181032234,24.757694416368487,16.07257558368242,1005.5060711176533,5.083474772744666,0.011851107707446722,0.061664000441006554
Periparus rubidiventris,contracting,-0.011947167144146403,100.01843393554721,8.38949824226351,4.983342151070008,3.506778453076952,99.45966366448867,1.2113736616635047,0.0021374759329094613,0.006489465186025892
Eremophila alpestris,stable,0.005265072786233764,396.5456890637721,43.300721540764386,30.19265342319183,17.350117058043026,1047.4428857046823,5.6122918500710215,0.012564658647896543,0.05970861230302737
Aythya nyroca,expanding,0.06022549927006254,354.18306617311214,35.39067164068784,25.618659156121144,14.187805546217804,826.7237638247517,4.734617078602321,0.01110860555833508,0.04811509258913238
Calidris acuminata,expanding,0.027156297756503606,366.54688336888137,51.47530475566961,21.85757076939052,19.64538315795672,1336.834430299259,5.724051548572389,0.012523044529675493,0.08496882181795878
Ceryle rudis,expanding,0.028599832041855077,70.27291201261927,6.437506420479016,3.9966357919321807,2.7374515682089355,103.20322212466202,0.8437620508167105,0.0016566418265412158,0.0069080962121138186
