species,diet_specialization,habitat_breadth,Habitat,Habitat.Density,Migration,Trophic.Level,Primary.Lifestyle,migration_score
Passer montanus,0.19999999999999996,5,Woodland,2,1,Omnivore,Terrestrial,1
Pycnonotus sinensis,0.2999999999999999,5,Human Modified,2,3,Herbivore,Insessorial,3
Hirundo rustica,0.6999999999999997,8,Human Modified,3,3,Carnivore,Aerial,3
Spilopelia chinensis,0.6,8,Woodland,3,1,Herbivore,Terrestrial,1
Pica serica,0.6,5,NA,NA,NA,NA,NA,2
Motacilla alba,1,8,Human Modified,3,3,Carnivore,Terrestrial,3
Turdus mandarinus,0.6,5,Forest,2,1,Omnivore,Generalist,1
Egretta garzetta,0.3999999999999998,8,Wetland,3,2,Carnivore,Terrestrial,2
Parus minor,0.6,5,NA,NA,NA,NA,NA,2
Cyanopica cyanus,0.6999999999999997,5,Woodland,2,1,Omnivore,Generalist,1
Streptopelia orientalis,0.19999999999999993,8,Woodland,3,3,Herbivore,Terrestrial,3
Tachybaptus ruficollis,0.6000000000000001,8,Wetland,3,1,Carnivore,Aquatic,1
Nycticorax nycticorax,0.1333333333333333,8,Wetland,3,3,Carnivore,Terrestrial,3
Gallinula chloropus,0.16,8,Wetland,3,1,Omnivore,Terrestrial,1
Sinosuthora webbiana,0.6,5,Shrubland,2,1,Herbivore,Insessorial,1
Chloris sinica,0.6,5,Shrubland,2,1,Herbivore,Generalist,1
Cecropis daurica,0.6,8,Grassland,3,3,Carnivore,Aerial,3
Acridotheres cristatellus,0.39999999999999986,8,Grassland,3,2,Omnivore,Generalist,2
Ardeola bacchus,0.5999999999999996,8,Wetland,3,2,Carnivore,Terrestrial,2
Copsychus saularis,0.6,2,Woodland,1,1,Carnivore,Terrestrial,1
Ardea cinerea,0.5333333333333333,8,Wetland,3,1,Carnivore,Terrestrial,1
Anas platyrhynchos,0.35,8,Wetland,3,2,Herbivore,Aquatic,2
Lanius schach,0.3999999999999998,5,Shrubland,2,2,Carnivore,Insessorial,2
Spodiopsar cineraceus,0.6,8,Grassland,3,1,Carnivore,Terrestrial,1
Alcedo atthis,0.39999999999999997,5,Riverine,2,1,Carnivore,Insessorial,1
Anas zonorhyncha,0.6,8,Wetland,3,2,Herbivore,Aquatic,2
Phasianus colchicus,0.19999999999999996,5,Human Modified,2,1,Herbivore,Terrestrial,1
Zosterops simplex,0.6,5,Forest,2,1,Omnivore,Insessorial,1
Cuculus canorus,0.8,5,Forest,2,3,Carnivore,Insessorial,3
Corvus macrorhynchos,0.2799999999999999,5,Woodland,2,1,Omnivore,Generalist,1
Upupa epops,0.6000000000000001,8,Grassland,3,3,Carnivore,Terrestrial,3
Dendrocopos major,0.4666666666666666,2,Woodland,1,1,Omnivore,Insessorial,1
Spodiopsar sericeus,0.6,5,Shrubland,2,2,Omnivore,Insessorial,2
Dicrurus macrocercus,0.36,5,Shrubland,2,1,Carnivore,Insessorial,1
Spizixos semitorques,0,5,Shrubland,2,1,Omnivore,Insessorial,1
Phoenicurus auroreus,0.49999999999999983,5,Forest,2,3,Omnivore,Insessorial,3
Ardea alba,0.6,8,Wetland,3,2,Carnivore,Terrestrial,2
Himantopus himantopus,1,8,Wetland,3,2,Carnivore,Terrestrial,2
Urocissa erythroryncha,0.6,2,Forest,1,1,Carnivore,Insessorial,1
Aegithalos concinnus,0.5999999999999996,2,Forest,1,1,Carnivore,Insessorial,1
Lanius cristatus,0.6999999999999997,8,Shrubland,3,3,Carnivore,Insessorial,3
Fulica atra,0.3199999999999999,8,Wetland,3,1,Herbivore,Generalist,1
Horornis fortipes,0.6,2,Forest,1,2,Carnivore,Generalist,2
Eophona migratoria,0.2999999999999999,5,Forest,2,1,Herbivore,Insessorial,1
Podiceps cristatus,0.49999999999999983,8,Wetland,3,1,Carnivore,Aquatic,1
Picus canus,0.6,2,Forest,1,1,Carnivore,Insessorial,1
Phylloscopus inornatus,0.8,2,Woodland,1,3,Carnivore,Insessorial,3
Pterorhinus sannio,0.6,5,NA,NA,NA,NA,NA,2
Motacilla cinerea,1,8,Riverine,3,2,Carnivore,Terrestrial,2
Sterna hirundo,0.6999999999999997,8,Marine,3,3,Carnivore,Aerial,3
Falco tinnunculus,0.8,8,Shrubland,3,3,Carnivore,Aerial,3
Hypsipetes leucocephalus,0.20000000000000004,2,Forest,1,3,Herbivore,Insessorial,3
Apus apus,1,2,Human Modified,1,3,Carnivore,Aerial,3
Cuculus micropterus,0.6000000000000001,2,Forest,1,1,Carnivore,Insessorial,1
Phalacrocorax carbo,0.6999999999999997,8,Wetland,3,2,Carnivore,Aquatic,2
Phoenicurus fuliginosus,0.6,8,Riverine,3,1,Carnivore,Insessorial,1
Prinia inornata,1,5,Shrubland,2,1,Carnivore,Generalist,1
Milvus migrans,0.6,8,Woodland,3,3,Omnivore,Aerial,3
Bubulcus coromandus,0.6,5,NA,NA,NA,NA,NA,2
Phylloscopus proregulus,1,2,Forest,1,3,Carnivore,Insessorial,3
Acrocephalus orientalis,0.6,8,Wetland,3,3,Carnivore,Insessorial,3
Aegithalos glaucogularis,0.6,5,Forest,2,1,Carnivore,Insessorial,1
Eudynamys scolopaceus,0.6999999999999997,5,Woodland,2,2,Herbivore,Insessorial,2
Anthus hodgsoni,1,8,Grassland,3,3,Carnivore,Terrestrial,3
Pterorhinus perspicillatus,0.6,5,NA,NA,NA,NA,NA,2
Charadrius dubius,1,8,Wetland,3,3,Carnivore,Terrestrial,3
Poecile palustris,0.6,2,Forest,1,1,Omnivore,Insessorial,1
Actitis hypoleucos,0.39999999999999997,8,Wetland,3,3,Carnivore,Terrestrial,3
Tadorna ferruginea,0.5333333333333333,8,Wetland,3,2,Omnivore,Terrestrial,2
Passer cinnamomeus,0.6,5,Forest,2,1,Herbivore,Terrestrial,1
Vanellus cinereus,1,8,Wetland,3,3,Carnivore,Terrestrial,3
Pycnonotus xanthorrhous,0.3999999999999998,5,Shrubland,2,1,Herbivore,Insessorial,1
Emberiza spodocephala,0.39999999999999997,5,Shrubland,2,3,Carnivore,Terrestrial,3
Ixobrychus sinensis,0.6999999999999997,2,Wetland,1,3,Carnivore,Terrestrial,3
Oriolus chinensis,0.5333333333333333,5,Forest,2,2,Omnivore,Insessorial,2
Emberiza pusilla,0.39999999999999997,5,Forest,2,3,Herbivore,Generalist,3
Chroicocephalus ridibundus,0.6,5,NA,NA,NA,NA,NA,2
Pycnonotus jocosus,-7.222237291452133e-33,5,Shrubland,2,1,Herbivore,Insessorial,1
Streptopelia decaocto,0.3333333333333333,8,Human Modified,3,1,Herbivore,Terrestrial,1
Pomatorhinus ruficollis,0.6999999999999997,5,Forest,2,1,Carnivore,Generalist,1
Bambusicola thoracicus,0.2999999999999999,5,Forest,2,1,Herbivore,Terrestrial,1
Pardaliparus venustulus,0.6,5,Forest,2,1,Carnivore,Insessorial,1
Ficedula albicilla,1,5,Woodland,2,3,Carnivore,Insessorial,3
Picoides canicapillus,0.6,2,Forest,1,1,Carnivore,Insessorial,1
Hemixos castanonotus,0,2,Forest,1,2,Omnivore,Insessorial,2
Tringa glareola,1,8,Wetland,3,3,Carnivore,Terrestrial,3
Abroscopus albogularis,1,2,Forest,1,1,Carnivore,Insessorial,1
Saxicola stejnegeri,0.6,5,NA,NA,NA,NA,NA,2
Garrulus glandarius,0.3333333333333333,2,Forest,1,2,Omnivore,Insessorial,2
Chlidonias hybrida,0.09999999999999999,8,Wetland,3,3,Carnivore,Aerial,3
Corvus corone,0.2,8,Human Modified,3,1,Carnivore,Terrestrial,1
Trochalopteron elliotii,0.6,2,Forest,1,1,Carnivore,Generalist,1
Parus monticolus,0.39999999999999997,2,Forest,1,1,Omnivore,Insessorial,1
Phylloscopus fuscatus,0.6000000000000001,2,Wetland,1,3,Carnivore,Insessorial,3
Myophonus caeruleus,0.49999999999999983,2,Forest,1,1,Carnivore,Terrestrial,1
Pyrrhocorax pyrrhocorax,0.45000000000000007,8,Rock,3,2,Carnivore,Terrestrial,2
Ficedula zanthopygia,0.39999999999999997,2,Forest,1,3,Carnivore,Insessorial,3
Pericrocotus cantonensis,1,2,Forest,1,3,Carnivore,Insessorial,3
Ixos mcclellandii,0.6,2,Woodland,1,1,Omnivore,Insessorial,1
Tringa nebularia,0.6999999999999997,8,Wetland,3,3,Carnivore,Terrestrial,3
Dicrurus hottentottus,0.39999999999999986,2,Forest,1,1,Carnivore,Insessorial,1
Gracupica nigricollis,0.6,8,Grassland,3,1,Carnivore,Insessorial,1
Tringa totanus,0.6999999999999997,8,Wetland,3,3,Carnivore,Terrestrial,3
Hierococcyx sparverioides,0.6,2,Woodland,1,3,Carnivore,Insessorial,3
Leiothrix lutea,0.6999999999999997,2,Shrubland,1,1,Carnivore,Insessorial,1
Charadrius alexandrinus,1,8,Coastal,3,2,Carnivore,Terrestrial,2
Dendrocitta formosae,0.3,5,Forest,2,1,Omnivore,Insessorial,1
Aix galericulata,0.3333333333333333,8,Forest,3,3,Herbivore,Generalist,3
Motacilla tschutschensis,0.6,8,Grassland,3,3,Carnivore,Terrestrial,3
Falco amurensis,0.3999999999999998,8,Grassland,3,3,Carnivore,Insessorial,3
Delichon dasypus,1,5,Rock,2,3,Carnivore,Aerial,3
Lonchura striata,0.8,8,Shrubland,3,1,Herbivore,Insessorial,1
Garrulax canorus,0.6,5,Shrubland,2,1,Carnivore,Terrestrial,1
Amaurornis phoenicurus,0.20000000000000004,5,Wetland,2,1,Carnivore,Terrestrial,1
Lanius tephronotus,0.6999999999999997,8,Grassland,3,3,Carnivore,Insessorial,3
Columba livia,0.49999999999999983,8,Human Modified,3,1,Herbivore,Terrestrial,1
Phylloscopus claudiae,0.6000000000000001,5,Forest,2,2,Carnivore,Insessorial,2
Emberiza elegans,0.49999999999999983,8,Woodland,3,2,Omnivore,Terrestrial,2
Gyps himalayensis,1,8,Rock,3,1,Scavenger,Terrestrial,1
Recurvirostra avosetta,0.6999999999999997,8,Wetland,3,2,Carnivore,Terrestrial,2
Culicicapa ceylonensis,1,2,Woodland,1,1,Carnivore,Insessorial,1
Columba rupestris,0.5999999999999996,8,Rock,3,1,Herbivore,Terrestrial,1
Apus nipalensis,1,2,Human Modified,1,3,Carnivore,Aerial,3
Accipiter nisus,1,2,Forest,1,2,Carnivore,Insessorial,2
Tringa ochropus,0.5999999999999996,8,Wetland,3,3,Carnivore,Terrestrial,3
Phoenicurus ochruros,0.49999999999999983,8,Rock,3,2,Omnivore,Insessorial,2
Turdus rubrocanus,0,2,Forest,1,1,Omnivore,Generalist,1
Carpodacus erythrinus,0.3,5,Shrubland,2,3,Herbivore,Insessorial,3
Psilopogon virens,0.6,2,Forest,1,1,Herbivore,Insessorial,1
Gallinago gallinago,0.6999999999999997,8,Wetland,3,3,Carnivore,Terrestrial,3
Prinia flaviventris,1,8,Shrubland,3,1,Carnivore,Insessorial,1
Motacilla citreola,1,8,Wetland,3,3,Carnivore,Terrestrial,3
Accipiter soloensis,0.5999999999999996,2,Forest,1,3,Carnivore,Insessorial,3
Accipiter trivirgatus,0.3999999999999998,2,Forest,1,1,Carnivore,Insessorial,1
Cisticola juncidis,0.6000000000000001,8,Grassland,3,3,Carnivore,Generalist,3
Dicrurus leucophaeus,0.6999999999999997,2,Forest,1,1,Carnivore,Insessorial,1
Ardea intermedia,0.6,8,Wetland,3,2,Carnivore,Terrestrial,2
Lonchura punctulata,0.39999999999999997,5,Grassland,2,1,Herbivore,Generalist,1
Orthotomus sutorius,0.8,5,Shrubland,2,1,Carnivore,Insessorial,1
Falco subbuteo,0.39999999999999997,8,Woodland,3,3,Carnivore,Aerial,3
Pericrocotus ethologus,0.6999999999999997,2,Forest,1,3,Carnivore,Insessorial,3
Muscicapa sibirica,1,2,Forest,1,3,Carnivore,Insessorial,3
Picumnus innominatus,1,2,Forest,1,1,Carnivore,Insessorial,1
Sternula albifrons,0.6,8,Coastal,3,3,Carnivore,Aerial,3
Butorides striata,0.09999999999999999,8,Wetland,3,1,Carnivore,Terrestrial,1
Yungipicus canicapillus,0.6,5,NA,NA,NA,NA,NA,2
Periparus ater,0.6,2,Forest,1,1,Omnivore,Insessorial,1
Phylloscopus magnirostris,1,2,Forest,1,3,Carnivore,Insessorial,3
Tarsiger cyanurus,0.6999999999999997,2,Forest,1,3,Carnivore,Generalist,3
Cuculus sparverioides,0.8,5,NA,NA,NA,NA,NA,2
Cyanoderma ruficeps,0.6,2,Shrubland,1,1,Carnivore,Insessorial,1
Eurystomus orientalis,1,5,Woodland,2,3,Carnivore,Aerial,3
Anas carolinensis,0.6,8,Wetland,3,2,Omnivore,Aquatic,2
Acrocephalus bistrigiceps,1,8,Wetland,3,3,Carnivore,Insessorial,3
Centropus sinensis,0.1333333333333333,5,Woodland,2,1,Carnivore,Terrestrial,1
Buteo hemilasius,0.6999999999999997,8,Grassland,3,1,Carnivore,Generalist,1
Pycnonotus aurigaster,0.16,5,Shrubland,2,1,Herbivore,Insessorial,1
Fringilla montifringilla,0.19999999999999993,2,Forest,1,3,Herbivore,Generalist,3
Phylloscopus humei,1,2,Forest,1,3,Carnivore,Insessorial,3
Apus pacificus,1,2,Woodland,1,2,Carnivore,Aerial,2
Emberiza godlewskii,0.49999999999999983,5,Shrubland,2,2,Omnivore,Terrestrial,2
Tringa erythropus,0.6999999999999997,8,Grassland,3,3,Carnivore,Terrestrial,3
Enicurus leschenaulti,1,8,Riverine,3,1,Carnivore,Terrestrial,1
Phylloscopus borealis,1,2,Forest,1,3,Carnivore,Insessorial,3
Cuculus poliocephalus,1,2,Forest,1,3,Carnivore,Insessorial,3
Phylloscopus coronatus,1,5,Woodland,2,3,Carnivore,Insessorial,3
Phylloscopus trochiloides,0.6999999999999997,2,Forest,1,3,Carnivore,Insessorial,3
Pericrocotus solaris,1,5,Forest,2,1,Carnivore,Insessorial,1
Aethopyga gouldiae,0,2,Forest,1,2,Omnivore,Insessorial,2
Tringa stagnatilis,0.3999999999999998,8,Wetland,3,3,Carnivore,Terrestrial,3
Muscicapa dauurica,1,2,Woodland,1,3,Carnivore,Insessorial,3
Buteo japonicus,0.6,8,Grassland,3,2,Carnivore,Insessorial,2
Gelochelidon nilotica,0.6,8,Coastal,3,3,Carnivore,Aerial,3
Eumyias thalassinus,0.39999999999999997,2,Forest,1,1,Carnivore,Insessorial,1
Sitta villosa,0,2,Forest,1,1,Omnivore,Insessorial,1
Alauda gulgula,0,8,Grassland,3,2,Omnivore,Terrestrial,2
Calidris ruficollis,0.19999999999999996,8,Grassland,3,3,Carnivore,Terrestrial,3
Pernis ptilorhynchus,0.6,5,Woodland,2,1,Carnivore,Insessorial,1
Limosa limosa,0.5000000000000001,8,Wetland,3,3,Carnivore,Terrestrial,3
Phylloscopus pulcher,0.6000000000000001,2,Forest,1,1,Carnivore,Insessorial,1
Ardea purpurea,0.1333333333333333,8,Wetland,3,3,Carnivore,Terrestrial,3
Phylloscopus armandii,1,5,Shrubland,2,1,Carnivore,Insessorial,1
Butastur indicus,0,5,Woodland,2,3,Carnivore,Insessorial,3
Platalea leucorodia,0.6,8,Wetland,3,2,Carnivore,Terrestrial,2
Emberiza tristrami,0.49999999999999983,2,Forest,1,3,Omnivore,Terrestrial,3
Spatula querquedula,0.6,8,Wetland,3,3,Omnivore,Aquatic,3
Alcippe hueti,0.6,5,NA,NA,NA,NA,NA,2
Garrulax perspicillatus,0.6999999999999997,5,Shrubland,2,1,Carnivore,Terrestrial,1
Cinclus pallasii,1,8,Riverine,3,1,Carnivore,Generalist,1
Calidris ferruginea,0.6000000000000001,8,Coastal,3,3,Carnivore,Terrestrial,3
Tadorna tadorna,0.5999999999999996,8,Coastal,3,2,Carnivore,Generalist,2
Chlidonias leucopterus,0.6999999999999997,8,Wetland,3,3,Carnivore,Aerial,3
Anthus roseatus,1,8,Grassland,3,1,Carnivore,Terrestrial,1
Phoenicurus frontalis,1,2,Forest,1,2,Carnivore,Insessorial,2
Mareca strepera,0.6,8,Wetland,3,2,Herbivore,Aquatic,2
Periparus rubidiventris,0.6,2,Forest,1,1,Carnivore,Insessorial,1
Eremophila alpestris,0,8,Grassland,3,3,Omnivore,Terrestrial,3
Aythya nyroca,0.45000000000000007,8,Wetland,3,3,Herbivore,Aquatic,3
Calidris acuminata,0.6000000000000001,8,Wetland,3,3,Carnivore,Terrestrial,3
Ceryle rudis,0.6000000000000001,8,Wetland,3,1,Carnivore,Insessorial,1
