grid_cell,naive_trend,corrected_trend,trend_diff,direction_flipped
56,1.1999999999999995,2.8359510926432785,1.635951092643279,FALSE
57,2.5999999999999996,3.269944278797167,0.6699442787971672,FALSE
128,2.9,3.092097624574385,0.19209762457438506,FALSE
198,3.6,3.422310867289763,-0.177689132710237,FALSE
199,9.799999999999995,3.493114541849459,-6.3068854581505365,FALSE
203,4.999999999999999,1.8962802876536458,-3.1037197123463534,FALSE
270,10.8,3.352119794042684,-7.447880205957317,FALSE
271,9.900000000000002,3.471128157894858,-6.428871842105144,FALSE
272,1.7999999999999998,3.472291501784006,1.6722915017840063,FALSE
274,0.19999999999999996,3.5189890351653585,3.318989035165359,FALSE
276,2.2,2.8503963106885992,0.650396310688599,FALSE
341,5.4,3.4515540876926623,-1.948445912307338,FALSE
342,2.5999999999999996,2.7022321777741354,0.10223217777413574,FALSE
343,6.199999999999999,2.448466764295821,-3.751533235704178,FALSE
344,0.5999999999999998,2.9232228365411332,2.3232228365411336,FALSE
345,0,3.3760433457470005,3.3760433457470005,TRUE
347,4.599999999999999,3.2107382747115802,-1.3892617252884185,FALSE
412,1.9999999999999998,3.2490785394024853,1.2490785394024855,FALSE
413,7.4,3.690563133758897,-3.7094368662411035,FALSE
414,9.2,3.667391816008635,-5.532608183991364,FALSE
415,15.099999999999998,3.885656717475005,-11.214343282524993,FALSE
416,-4.999999999999999,3.8822623710627173,8.882262371062716,TRUE
417,0,2.5223258347687927,2.5223258347687927,TRUE
418,4,2.5910015560136745,-1.4089984439863255,FALSE
483,-2.9999999999999996,3.848878571917042,6.848878571917042,TRUE
484,7.9,3.645982263019462,-4.254017736980538,FALSE
485,0.900000000000002,3.6547949620522733,2.754794962052271,FALSE
486,1.9999999999999998,3.9288016706860445,1.9288016706860447,FALSE
487,8.4,3.7811215208743896,-4.618878479125611,FALSE
554,12.1,3.9031677937811877,-8.196832206218811,FALSE
555,10.999999999999998,3.8676232625179514,-7.132376737482047,FALSE
556,11.999999999999995,3.700298914142421,-8.299701085857574,FALSE
557,12.099999999999998,3.579183567199979,-8.520816432800018,FALSE
558,11.5,3.6635077178817212,-7.836492282118279,FALSE
559,25.399999999999995,3.902400641101932,-21.497599358898064,FALSE
560,3.7999999999999994,3.691184276022633,-0.10881572397736639,FALSE
561,1.8,2.2972783755215898,0.4972783755215897,FALSE
563,5.6,2.6869776678239483,-2.9130223321760513,FALSE
564,1.3999999999999997,2.4699025025322756,1.069902502532276,FALSE
592,16.699999999999992,2.660199998434107,-14.039800001565885,FALSE
593,7.599999999999999,2.525013374002282,-5.074986625997717,FALSE
625,1.1999999999999995,2.4952977482295866,1.295297748229587,FALSE
626,13.2,2.7350371090189562,-10.464962890981043,FALSE
627,1.3999999999999995,2.9038539969638038,1.5038539969638043,FALSE
628,13.899999999999999,2.772731916844167,-11.127268083155831,FALSE
629,19.499999999999996,3.025095007763757,-16.47490499223624,FALSE
630,5.800000000000001,3.073447044177505,-2.7265529558224957,FALSE
634,0,3.499728118932954,3.499728118932954,TRUE
635,4.999999999999999,2.9561341626044135,-2.0438658373955856,FALSE
636,7.499999999999997,2.481275715741228,-5.018724284258769,FALSE
637,1.599999999999999,2.7646392678570195,1.1646392678570205,FALSE
640,6,3.1649307441833527,-2.8350692558166473,FALSE
663,8.799999999999999,2.352505249354175,-6.447494750645824,FALSE
664,17.599999999999998,2.4862620998663103,-15.113737900133687,FALSE
665,11.299999999999999,2.5200854179248653,-8.779914582075133,FALSE
666,5.599999999999998,2.485695854372724,-3.114304145627274,FALSE
696,0.5999999999999998,3.352290014568445,2.7522900145684455,FALSE
698,16.9,3.056786478391141,-13.843213521608858,FALSE
699,8.999999999999996,3.3583867407247796,-5.641613259275217,FALSE
700,0.49999999999999994,3.2948262571979634,2.7948262571979634,FALSE
701,1.5999999999999996,3.4448018140718677,1.844801814071868,FALSE
702,1.4,2.949209503193576,1.549209503193576,FALSE
704,2.2,2.7866911128147955,0.5866911128147954,FALSE
705,3.6999999999999997,2.8704979313182317,-0.829502068681768,FALSE
706,3.1999999999999993,4.363415085047929,1.1634150850479301,FALSE
708,2.7999999999999994,3.928695433076366,1.1286954330763668,FALSE
710,4.2,3.880649129748626,-0.3193508702513741,FALSE
711,13.399999999999999,3.923243979997977,-9.476756020002021,FALSE
712,8.099999999999998,3.682353374212671,-4.417646625787327,FALSE
716,1.9999999999999998,3.8051653656715727,1.805165365671573,FALSE
717,5.999999999999999,3.4433551253650885,-2.5566448746349106,FALSE
735,5.999999999999999,2.307310895139348,-3.692689104860651,FALSE
736,18.9,2.531773487436253,-16.368226512563744,FALSE
737,17.7,2.4672675597674067,-15.232732440232592,FALSE
738,19.799999999999994,2.531760164757999,-17.268239835241996,FALSE
772,-1.800000000000001,2.811142591617432,4.611142591617433,TRUE
773,4.4,2.928893433245243,-1.4711065667547572,FALSE
774,4.4,3.23947987148017,-1.1605201285198303,FALSE
775,0.5999999999999998,3.1892997853660767,2.589299785366077,FALSE
776,3.9999999999999996,3.361865384442951,-0.6381346155570484,FALSE
777,15.899999999999999,3.686880143716806,-12.213119856283193,FALSE
778,2.8,3.226894463662128,0.42689446366212813,FALSE
783,3.1999999999999993,2.383827397065547,-0.8161726029344525,FALSE
784,5.199999999999999,2.286846642142808,-2.9131533578571913,FALSE
787,0.5999999999999998,2.6132631113867872,2.0132631113867876,FALSE
788,1.1999999999999995,2.526079457056525,1.3260794570565253,FALSE
804,14.799999999999997,1.955512487711538,-12.84448751228846,FALSE
805,12.599999999999996,2.28203048953392,-10.317969510466076,FALSE
806,4.699999999999999,2.294743399729038,-2.4052566002709614,FALSE
807,9.499999999999998,2.136222299544639,-7.363777700455359,FALSE
808,11.899999999999999,2.422348800457734,-9.477651199542265,FALSE
809,16.599999999999994,2.4528643469120213,-14.147135653087973,FALSE
810,10.999999999999996,2.5725195843180915,-8.427480415681906,FALSE
811,8.999999999999998,2.626674275206952,-6.373325724793046,FALSE
812,4.299999999999999,2.6315588178318907,-1.6684411821681082,FALSE
813,3.6,2.5083633879178056,-1.0916366120821945,FALSE
845,10.299999999999997,3.7811514863551214,-6.518848513644876,FALSE
846,-0.8000000000000006,2.958764371425518,3.7587643714255186,TRUE
847,3.6,3.533361114137197,-0.06663888586280331,FALSE
848,-0.39999999999999974,3.7988907549881206,4.1988907549881205,TRUE
849,15.299999999999999,3.752767350248289,-11.54723264975171,FALSE
850,19.699999999999996,3.4486042779434416,-16.251395722056554,FALSE
851,0.9999999999999999,2.8216926544490035,1.8216926544490035,FALSE
855,9.899999999999997,1.9489597306951707,-7.951040269304826,FALSE
856,5.4,1.9276394759553388,-3.4723605240446616,FALSE
857,8.7,2.2494575651442403,-6.450542434855759,FALSE
858,9.5,2.6843216713888705,-6.8156783286111295,FALSE
859,2.2240166446797083e-16,2.586705197339421,2.5867051973394206,FALSE
860,6.899999999999999,2.5381987698978032,-4.361801230102195,FALSE
876,15.099999999999996,2.0647648473642355,-13.03523515263576,FALSE
877,12.299999999999995,2.178790881151835,-10.12120911884816,FALSE
878,2.5999999999999996,2.216144443152671,-0.38385555684732875,FALSE
879,13.199999999999998,2.2426112554134328,-10.957388744586565,FALSE
881,3.8,2.3634972608683813,-1.4365027391316185,FALSE
882,3.8,2.4231088769229916,-1.3768911230770082,FALSE
883,5.699999999999999,2.419830562848685,-3.280169437151314,FALSE
884,6.199999999999998,2.7162969346248595,-3.483703065375139,FALSE
885,9.700000000000001,2.500654195279963,-7.199345804720038,FALSE
916,8.4,3.445548296930638,-4.9544517030693624,FALSE
917,4.599999999999999,3.4731915014702124,-1.1268084985297864,FALSE
918,2.399999999999999,3.361945636688527,0.9619456366885282,FALSE
920,6.6000000000000005,3.1166063046930925,-3.483393695306908,FALSE
921,10.999999999999998,2.79830492103024,-8.201695078969758,FALSE
922,10.199999999999998,2.64539532189444,-7.554604678105557,FALSE
923,16.099999999999998,2.7031741673994625,-13.396825832600536,FALSE
927,4.799999999999998,2.476724174667398,-2.3232758253326002,FALSE
929,0.7999999999999998,2.408194413820996,1.6081944138209963,FALSE
931,11.799999999999995,2.434095636575692,-9.365904363424303,FALSE
947,2.2,2.2931109440307638,0.09311094403076359,FALSE
948,7.1999999999999975,2.317681758786057,-4.882318241213941,FALSE
949,4.399999999999999,2.218697861375332,-2.1813021386246665,FALSE
950,14.799999999999997,2.4082029916455032,-12.391797008354494,FALSE
951,9.999999999999996,2.3661310944353766,-7.63386890556462,FALSE
952,1.1999999999999995,2.4721999587515424,1.272199958751543,FALSE
953,0.19999999999999996,2.5273394535462432,2.3273394535462435,FALSE
955,-0.2999999999999996,2.8733790768989254,3.173379076898925,TRUE
956,3,2.874853303711361,-0.12514669628863917,FALSE
985,0.4999999999999998,3.3708945978479457,2.870894597847946,FALSE
986,5.299999999999999,3.381205496734655,-1.9187945032653437,FALSE
987,1.5999999999999996,3.3745559624187424,1.7745559624187428,FALSE
988,4.599999999999999,3.2466308945852367,-1.353369105414762,FALSE
989,6.5,3.2574184033066294,-3.2425815966933706,FALSE
991,6.499999999999998,3.030436030943283,-3.4695639690567153,FALSE
992,11.899999999999999,3.070401426541822,-8.829598573458178,FALSE
993,7.799999999999998,3.0456705755131286,-4.754329424486869,FALSE
994,5.8,2.868721715030872,-2.9312782849691277,FALSE
995,4.2,2.908613760112669,-1.291386239887331,FALSE
996,21.699999999999992,2.899237050123166,-18.800762949876827,FALSE
997,19.2,2.6504427436969067,-16.549557256303093,FALSE
999,2.2999999999999994,2.586622344420611,0.2866223444206115,FALSE
1001,12.1,2.3858024946370184,-9.714197505362982,FALSE
1002,0.9999999999999999,2.032382175291982,1.032382175291982,FALSE
1003,0.3999999999999999,1.9817665933298514,1.5817665933298515,FALSE
1018,5.8,1.9666040475060318,-3.833395952493968,FALSE
1019,8.499999999999998,2.0132429433278025,-6.486757056672196,FALSE
1021,6.399999999999999,2.1391743146883626,-4.2608256853116355,FALSE
1022,10.499999999999998,2.227640132256884,-8.272359867743114,FALSE
1023,2.3999999999999995,2.3387808529613134,-0.06121914703868603,FALSE
1025,1.4,2.3807029730171436,0.9807029730171437,FALSE
1027,5.2,2.425835589692179,-2.7741644103078213,FALSE
1028,1.8999999999999997,2.4984498344079134,0.5984498344079137,FALSE
1029,3.9999999999999996,2.6327739779059454,-1.3672260220940542,FALSE
1055,3.6,3.3469585600980194,-0.2530414399019807,FALSE
1057,3.9999999999999987,3.469634459680039,-0.5303655403199596,FALSE
1058,3.1999999999999993,3.9917769180339824,0.7917769180339831,FALSE
1061,1.7999999999999992,2.7953495269374926,0.9953495269374935,FALSE
1063,7.3999999999999995,2.5250159654838917,-4.874984034516108,FALSE
1064,5.2,2.8497054557149655,-2.3502945442850347,FALSE
1065,5.699999999999998,2.8151084238413295,-2.884891576158669,FALSE
1066,13.999999999999998,2.689004778092601,-11.310995221907397,FALSE
1068,7.4,2.867692975821294,-4.5323070241787065,FALSE
1069,7.699999999999998,2.7089598579847167,-4.991040142015281,FALSE
1070,9.5,2.6434007624007747,-6.856599237599225,FALSE
1073,6.399999999999999,2.6059185250091423,-3.7940814749908562,FALSE
1075,7.999999999999999,2.5459588707189758,-5.454041129281023,FALSE
1076,2.1,2.4869375293048317,0.3869375293048316,FALSE
1089,0.3999999999999999,2.2085727566891116,1.8085727566891117,FALSE
1090,10.999999999999998,2.2792323997579054,-8.720767600242093,FALSE
1091,0.8999999999999999,2.401779963093214,1.501779963093214,FALSE
1092,7.799999999999998,2.480662854199902,-5.319337145800096,FALSE
1093,2.5999999999999996,2.5698562692291733,-0.030143730770826327,FALSE
1094,18.799999999999997,2.6677784904920214,-16.132221509507975,FALSE
1095,22.199999999999992,2.6886908459808976,-19.511309154019095,FALSE
1096,9,2.6257153936365447,-6.374284606363455,FALSE
1097,14.6,2.5732485164269097,-12.02675148357309,FALSE
1098,3.2999999999999985,2.565183654103495,-0.7348163458965034,FALSE
1100,0.2,2.5632282855089406,2.3632282855089404,FALSE
1101,1.7999999999999994,2.401206540112368,0.6012065401123685,FALSE
1103,0.7999999999999998,3.2886949757939186,2.4886949757939187,FALSE
1126,0.19999999999999996,3.54502781706043,3.34502781706043,FALSE
1127,3.9999999999999996,3.5880197736573827,-0.4119802263426169,FALSE
1128,3.799999999999999,3.5637468130194843,-0.23625318698051467,FALSE
1129,0.19999999999999996,3.6480809629669935,3.4480809629669933,FALSE
1130,1.9999999999999998,3.434313749860762,1.434313749860762,FALSE
1131,2.8,3.323384200095465,0.5233842000954652,FALSE
1133,7.099999999999997,3.2899988271472056,-3.8100011728527914,FALSE
1134,0.9999999999999996,3.186621348133773,2.1866213481337735,FALSE
1137,3.1999999999999993,2.9758702199879075,-0.22412978001209183,FALSE
1138,11.2,3.007390888776082,-8.192609111223916,FALSE
1139,6,2.9249745101100175,-3.0750254898899825,FALSE
1140,3.6,2.870307251336404,-0.729692748663596,FALSE
1142,3.8,2.4705208271763737,-1.3294791728236262,FALSE
1143,2.6999999999999997,2.493005654307895,-0.20699434569210462,FALSE
1144,6.199999999999998,2.861541882050679,-3.3384581179493193,FALSE
1145,2.399999999999999,3.2179931400421493,0.8179931400421503,FALSE
1161,10.499999999999998,1.9889744062472405,-8.511025593752757,FALSE
1162,17.1,1.9195828002425654,-15.180417199757436,FALSE
1163,5.6,1.9875969280673447,-3.612403071932655,FALSE
1164,5.800000000000001,2.220972009959813,-3.5790279900401876,FALSE
1165,8.4,2.3288032356261175,-6.071196764373883,FALSE
1166,6.699999999999998,2.312705151897475,-4.387294848102524,FALSE
1167,16.299999999999997,2.357720870035879,-13.942279129964119,FALSE
1168,4.799999999999998,2.4505086636388373,-2.3494913363611607,FALSE
1169,18.899999999999995,2.5378290364395757,-16.36217096356042,FALSE
1170,6.6000000000000005,2.540239394539717,-4.0597606054602835,FALSE
1171,5.799999999999998,2.6399493974632233,-3.1600506025367747,FALSE
1172,4.8999999999999995,2.701815359597238,-2.1981846404027614,FALSE
1173,1.599999999999999,2.73380933460652,1.1338093346065212,FALSE
1175,9.499999999999996,2.844954760238283,-6.655045239761714,FALSE
1196,2.8999999999999986,4.7812850627020005,1.881285062702002,FALSE
1197,0.9999999999999999,5.14541834122858,4.14541834122858,FALSE
1198,0.3999999999999999,5.250808737720725,4.850808737720724,FALSE
1199,19,5.205841946465703,-13.794158053534296,FALSE
1200,14.599999999999994,5.200900524429167,-9.399099475570829,FALSE
1201,17.899999999999995,3.3164940778881276,-14.583505922111868,FALSE
1202,16.199999999999996,2.958456453935834,-13.241543546064161,FALSE
1203,3.1999999999999993,3.5413506908140673,0.341350690814068,FALSE
1204,0.3999999999999999,2.6868457373833494,2.2868457373833495,FALSE
1205,7.799999999999997,2.7991085247409484,-5.000891475259049,FALSE
1206,6.8999999999999995,2.705117025524048,-4.194882974475951,FALSE
1207,3.1999999999999993,2.7668027652609912,-0.43319723473900806,FALSE
1208,6,2.709837554091941,-3.290162445908059,FALSE
1209,13.199999999999998,2.735340667955325,-10.464659332044672,FALSE
1210,6.399999999999999,2.6703996837388746,-3.729600316261124,FALSE
1211,30.099999999999998,2.6236265038814546,-27.476373496118544,FALSE
1212,22.9,2.8466523751820194,-20.05334762481798,FALSE
1213,11.8,2.6782668858151397,-9.121733114184861,FALSE
1214,3.4,2.5626089977056647,-0.8373910022943352,FALSE
1215,4.9,2.4069333461387767,-2.4930666538612236,FALSE
1216,0.19999999999999996,2.421884420210226,2.221884420210226,FALSE
1234,11.5,2.4226307168698575,-9.077369283130142,FALSE
1235,11.199999999999998,2.4715164335231212,-8.728483566476877,FALSE
1236,13.1,2.519660578937397,-10.580339421062602,FALSE
1237,12.200000000000001,2.585484426698402,-9.614515573301599,FALSE
1238,7.099999999999999,2.657075845058407,-4.442924154941592,FALSE
1239,1.1999999999999995,2.766062219240889,1.5660622192408893,FALSE
1240,5.8999999999999995,2.8581259658249567,-3.0418740341750428,FALSE
1241,11.299999999999999,2.826533185478492,-8.473466814521506,FALSE
1242,8.099999999999998,2.5520766213356163,-5.547923378664382,FALSE
1243,2.8,2.5076169864798796,-0.2923830135201202,FALSE
1244,0,2.4714965617789595,2.4714965617789595,TRUE
1246,1.1999999999999995,2.848752833588955,1.6487528335889554,FALSE
1247,1.4,3.0053561831848388,1.6053561831848389,FALSE
1248,4.999999999999999,3.183371696000767,-1.8166283039992321,FALSE
1249,1.5999999999999996,3.3789350111090366,1.778935011109037,FALSE
1268,0.3999999999999999,3.6614783278117473,3.2614783278117474,FALSE
1269,0.3999999999999999,3.854828545525842,3.4548285455258423,FALSE
1270,0.5999999999999998,3.9879079833841393,3.3879079833841397,FALSE
1271,24.499999999999993,3.9190295829963366,-20.580970417003655,FALSE
1272,25.399999999999995,3.7949322901371842,-21.605067709862812,FALSE
1273,17.200000000000003,3.78598903276067,-13.414010967239333,FALSE
1274,15.799999999999999,3.6740419075713113,-12.125958092428688,FALSE
1275,4.399999999999999,3.6546473095647154,-0.7453526904352832,FALSE
1276,13.499999999999996,3.546944978177789,-9.953055021822207,FALSE
1277,3.1999999999999993,3.2987315736112675,0.09873157361126816,FALSE
1279,1.5999999999999996,3.2835355205429604,1.6835355205429607,FALSE
1280,4.2,3.312954413785222,-0.8870455862147781,FALSE
1281,17.599999999999994,3.1832864410501918,-14.416713558949802,FALSE
1282,6.999999999999999,2.9624237864096936,-4.037576213590306,FALSE
1283,17.399999999999995,2.7368356460565173,-14.663164353943477,FALSE
1284,6.799999999999999,2.6207509635154085,-4.17924903648459,FALSE
1286,3.6,2.6015088794669254,-0.9984911205330746,FALSE
1287,2.2999999999999994,2.602714275104935,0.30271427510493565,FALSE
1288,5.9,2.7085954141946407,-3.1914045858053597,FALSE
1289,9.799999999999999,2.7459922159611083,-7.054007784038891,FALSE
1305,7.8,1.989203157842454,-5.810796842157545,FALSE
1306,3.1999999999999993,2.0497545281880405,-1.1502454718119588,FALSE
1307,4.699999999999998,2.162361447441966,-2.5376385525580325,FALSE
1308,4.199999999999999,2.1631592872621037,-2.0368407127378956,FALSE
1309,7.499999999999998,1.972006214615764,-5.5279937853842345,FALSE
1312,0.8,2.370502791201819,1.5705027912018188,FALSE
1313,4.599999999999999,2.3600472137105983,-2.2399527862894004,FALSE
1314,3.3999999999999995,2.6295395609814665,-0.770460439018533,FALSE
1315,7.499999999999999,2.6695331824460875,-4.830466817553912,FALSE
1316,2.6,2.8514682617174527,0.2514682617174526,FALSE
1319,0.5999999999999998,3.0880736219292904,2.4880736219292907,FALSE
1320,3.8,3.211647903936202,-0.5883520960637978,FALSE
1321,3.8,3.048728574939984,-0.7512714250600157,FALSE
1322,0.5999999999999998,3.0025904410544504,2.4025904410544507,FALSE
1328,9.2,3.4801674706200387,-5.719832529379961,FALSE
1339,0,4.040273479507053,4.040273479507053,TRUE
1340,0.5999999999999998,4.530782576048612,3.930782576048612,FALSE
1341,3.6999999999999997,4.506238257500954,0.8062382575009539,FALSE
1344,4.499999999999999,4.861337102666349,0.3613371026663499,FALSE
1345,13.699999999999996,4.784333159700216,-8.91566684029978,FALSE
1346,22.699999999999996,4.827373599579349,-17.872626400420646,FALSE
1348,14.8,2.9153391027987,-11.8846608972013,FALSE
1349,4,2.9058479996285644,-1.0941520003714356,FALSE
1351,2.8,3.7129450366104706,0.9129450366104708,FALSE
1352,18.499999999999996,3.3755203647416363,-15.12447963525836,FALSE
1353,16.599999999999994,3.5677354873353266,-13.032264512664668,FALSE
1354,8.999999999999998,3.6398843939330985,-5.3601156060669,FALSE
1355,3.8,3.6589578094077773,-0.14104219059222256,FALSE
1357,7.3,3.1818725309321154,-4.118127469067884,FALSE
1358,13,3.505278713200076,-9.494721286799924,FALSE
1359,5.199999999999999,3.69647818685199,-1.5035218131480095,FALSE
1360,11.499999999999996,2.323368036510338,-9.176631963489658,FALSE
1361,16.5,2.154831361634426,-14.345168638365575,FALSE
1377,2.8,2.2816875347266876,-0.5183124652733122,FALSE
1379,3.9999999999999987,2.450069884540128,-1.5499301154598708,FALSE
1380,6,2.4829327497049687,-3.5170672502950313,FALSE
1381,1.7999999999999998,2.534834439582171,0.7348344395821713,FALSE
1382,1.4999999999999998,2.2524079755102253,0.7524079755102255,FALSE
1383,8.9,2.4660535415247034,-6.4339464584752974,FALSE
1384,8.699999999999998,2.252548284408415,-6.4474517155915825,FALSE
1385,0.9999999999999999,2.213767509728974,1.213767509728974,FALSE
1386,0.4999999999999998,2.2714766033549174,1.7714766033549176,FALSE
1393,0,2.8184743994382067,2.8184743994382067,TRUE
1400,8.699999999999998,3.5302284782837003,-5.169771521716298,FALSE
1410,0,3.6142546076049857,3.6142546076049857,TRUE
1412,0.19999999999999996,3.5801198883077414,3.3801198883077417,FALSE
1413,5.5,3.7629139145040043,-1.7370860854959957,FALSE
1414,3.899999999999999,3.823060125919556,-0.076939874080443,FALSE
1415,12.999999999999996,3.7566780470838608,-9.243321952916135,FALSE
1416,18.699999999999996,3.760378408573451,-14.939621591426544,FALSE
1417,15.699999999999996,3.659272271551594,-12.040727728448402,FALSE
1418,14.7,3.8913596332306577,-10.808640366769342,FALSE
1419,8.199999999999998,3.679339454731416,-4.520660545268582,FALSE
1420,6.999999999999999,3.3892162064306235,-3.6107837935693756,FALSE
1421,4.8999999999999995,3.340019944520009,-1.5599800554799903,FALSE
1422,23.89999999999999,3.309351537923695,-20.590648462076295,FALSE
1423,7.4,3.359137999994785,-4.040862000005216,FALSE
1424,16.399999999999995,3.2305136760535746,-13.16948632394642,FALSE
1425,27.7,3.0763661011538836,-24.623633898846116,FALSE
1426,19.4,3.1335673460064672,-16.266432653993533,FALSE
1427,6,3.4218984501856635,-2.5781015498143365,FALSE
1428,7.4,4.2137536168228165,-3.186246383177184,FALSE
1429,14.4,3.6546080235181315,-10.74539197648187,FALSE
1430,12,3.551200419528578,-8.448799580471423,FALSE
1448,1.9999999999999998,1.8544358631313402,-0.14556413686865954,FALSE
1449,8.399999999999999,2.4436345102681916,-5.956365489731807,FALSE
1450,1.4,2.5465200233507748,1.1465200233507749,FALSE
1452,2.8,2.4030963875276443,-0.3969036124723555,FALSE
1453,7.699999999999998,2.3765742753847507,-5.323425724615248,FALSE
1454,0.9999999999999997,2.390161357913427,1.3901613579134273,FALSE
1455,6.099999999999999,2.5441148508998745,-3.555885149100124,FALSE
1456,8.599999999999998,2.648959570286861,-5.951040429713137,FALSE
1462,0,3.110023820081448,3.110023820081448,TRUE
1465,-1.7005545556384015e-17,3.6561640697544115,3.6561640697544115,TRUE
1466,0.3999999999999999,3.412717956070689,3.012717956070689,FALSE
1468,0.19999999999999996,3.4587214995953546,3.258721499595355,FALSE
1471,10.399999999999999,3.600781673808847,-6.799218326191152,FALSE
1476,0.5999999999999998,4.2794183182446135,3.679418318244614,FALSE
1479,1.5999999999999996,3.9724292340534166,2.372429234053417,FALSE
1480,0.19999999999999996,3.6194289176027072,3.4194289176027075,FALSE
1481,16.4,3.817115535633848,-12.58288446436615,FALSE
1482,0.3999999999999999,3.931345212523432,3.531345212523432,FALSE
1483,4.199999999999999,3.1777914282383573,-1.022208571761642,FALSE
1484,10.199999999999998,3.291948810810551,-6.908051189189447,FALSE
1485,12.899999999999997,3.3867811715723555,-9.513218828427641,FALSE
1486,12.699999999999998,3.57554568107215,-9.124454318927848,FALSE
1487,11.899999999999999,4.131903320190057,-7.768096679809942,FALSE
1488,19.299999999999994,4.640742566329734,-14.659257433670259,FALSE
1489,20.799999999999997,4.776035674910883,-16.023964325089114,FALSE
1490,0.8999999999999999,4.278263754677518,3.378263754677518,FALSE
1491,13.6,5.296881052739372,-8.303118947260629,FALSE
1492,5.199999999999999,3.2118297291705926,-1.9881702708294067,FALSE
1493,16.200000000000003,3.2791113993254433,-12.920888600674559,FALSE
1494,21.599999999999994,3.6791817627040415,-17.920818237295954,FALSE
1495,30.899999999999995,3.811581514204166,-27.088418485795827,FALSE
1496,24,3.731749977152458,-20.268250022847543,FALSE
1497,20.699999999999996,3.7220008517833203,-16.977999148216675,FALSE
1498,11.299999999999999,2.900613048993701,-8.399386951006298,FALSE
1499,0.19999999999999993,2.806581189165625,2.606581189165625,FALSE
1500,5.800000000000001,2.8202664166733293,-2.9797335833266714,FALSE
1502,1.2,2.8321703772831106,1.6321703772831107,FALSE
1518,1.8,1.9788108903372326,0.17881089033723252,FALSE
1520,0.5999999999999998,2.130132173748073,1.5301321737480733,FALSE
1521,6.399999999999999,2.100291199060088,-4.299708800939911,FALSE
1522,7.299999999999999,2.1323009668526334,-5.167699033147366,FALSE
1523,0.8,2.1618811980799424,1.3618811980799423,FALSE
1528,2.5999999999999996,2.7339667418072207,0.133966741807221,FALSE
1529,1.2999999999999998,2.83174495821825,1.5317449582182503,FALSE
1533,0.7999999999999998,3.114258803015395,2.314258803015395,FALSE
1536,3.199999999999999,3.2501992429310325,0.050199242931033616,FALSE
1537,0.09999999999999994,3.284770299656623,3.184770299656623,FALSE
1538,3.9999999999999987,3.1059654229650353,-0.8940345770349634,FALSE
1539,0.4999999999999998,3.178416597645376,2.678416597645376,FALSE
1540,6.399999999999999,3.2724257861117056,-3.127574213888293,FALSE
1542,4.4,3.9793520981309616,-0.4206479018690388,FALSE
1550,12.999999999999996,3.928630770379206,-9.07136922962079,FALSE
1551,10,3.9114837332048467,-6.088516266795153,FALSE
1552,2.399999999999999,4.169029836902665,1.7690298369026656,FALSE
1553,18.599999999999994,4.430271811365343,-14.16972818863465,FALSE
1554,18.599999999999994,4.568050188928274,-14.03194981107172,FALSE
1555,12.2,4.93784558386418,-7.262154416135819,FALSE
1556,26.299999999999997,6.003495703943606,-20.29650429605639,FALSE
1557,13.000000000000002,5.9989609374083015,-7.0010390625917,FALSE
1558,10.699999999999998,5.772774711391274,-4.9272252886087236,FALSE
1559,14.5,5.742219540654516,-8.757780459345483,FALSE
1560,26.699999999999996,5.848643763629861,-20.851356236370137,FALSE
1561,15.299999999999997,5.766347093194643,-9.533652906805354,FALSE
1562,24.599999999999998,5.673469506473081,-18.92653049352692,FALSE
1563,9.299999999999999,5.571549152381354,-3.728450847618645,FALSE
1564,20.59999999999999,5.461314540392191,-15.1386854596078,FALSE
1565,15.2,5.34338609667902,-9.85661390332098,FALSE
1566,11.899999999999995,3.376064089431267,-8.523935910568728,FALSE
1567,22.799999999999997,2.9356172276964876,-19.86438277230351,FALSE
1568,17.599999999999994,2.906937591469954,-14.69306240853004,FALSE
1569,3.5999999999999996,2.7646229616012272,-0.8353770383987724,FALSE
1570,12.799999999999997,2.9123659099440644,-9.887634090055933,FALSE
1571,0.5999999999999998,2.983431543496817,2.383431543496817,FALSE
1586,2.6,1.8862141262322323,-0.7137858737677678,FALSE
1587,3.4,1.9539146559716802,-1.4460853440283197,FALSE
1588,0.3999999999999999,2.0077133255478308,1.6077133255478309,FALSE
1589,0.3,2.0139841121150743,1.7139841121150743,FALSE
1590,3.6,1.9819574167553689,-1.6180425832446312,FALSE
1591,5.199999999999999,2.0569112520412514,-3.143088747958748,FALSE
1592,3,1.3992867059484306,-1.6007132940515694,FALSE
1593,4.599999999999999,1.7591939020669916,-2.840806097933007,FALSE
1594,0.6,2.234396052851456,1.6343960528514558,FALSE
1602,1.7999999999999992,2.879793016549806,1.0797930165498066,FALSE
1608,3.499999999999999,3.0939956524852974,-0.4060043475147017,FALSE
1609,8.700000000000001,3.4673450807475117,-5.232654919252489,FALSE
1610,3.1999999999999993,3.6050615129612615,0.40506151296126225,FALSE
1612,1.4,3.9281333020911045,2.5281333020911045,FALSE
1613,5.8,3.94664913874201,-1.8533508612579896,FALSE
1614,9.099999999999996,3.545623080661345,-5.554376919338651,FALSE
1616,1.1999999999999995,3.607518750945191,2.407518750945192,FALSE
1617,2.5999999999999996,3.848045066595597,1.2480450665955973,FALSE
1618,-0.9999999999999997,3.9440543502400898,4.94405435024009,TRUE
1619,0.7999999999999998,4.189909532155029,3.3899095321550288,FALSE
1620,7.499999999999999,4.16718113389088,-3.332818866109119,FALSE
1621,1.4,4.48140709976507,3.08140709976507,FALSE
1622,18.9,4.817227492119072,-14.082772507880927,FALSE
1623,3.4,4.93517069806246,1.5351706980624598,FALSE
1624,2.4,5.123357599545118,2.723357599545118,FALSE
1625,9.499999999999996,4.728672408624385,-4.771327591375611,FALSE
1626,11.999999999999995,4.725996327500013,-7.2740036724999815,FALSE
1627,9.2,3.13630435976646,-6.063695640233539,FALSE
1629,14.899999999999997,6.208840181547126,-8.69115981845287,FALSE
1630,26.599999999999994,6.1770277871368595,-20.422972212863137,FALSE
1631,16.9,6.125508436306032,-10.774491563693967,FALSE
1632,29.99999999999999,4.498428465081614,-25.501571534918376,FALSE
1633,19,4.218793622916341,-14.78120637708366,FALSE
1634,35.999999999999986,3.862629953224439,-32.137370046775544,FALSE
1635,18.799999999999997,3.7847322140925117,-15.015267785907486,FALSE
1636,1.700000000000005,3.5746785237365706,1.8746785237365655,FALSE
1637,9.6,3.457445990906972,-6.142554009093027,FALSE
1639,18.099999999999998,3.2287314949013592,-14.871268505098639,FALSE
1640,12.599999999999996,3.5821020973690945,-9.017897902630901,FALSE
1641,7.099999999999999,4.2805100284536906,-2.819489971546308,FALSE
1642,14.799999999999997,4.3432710663203125,-10.456728933679685,FALSE
1658,2.2,1.7411114231300593,-0.4588885768699409,FALSE
1659,6.299999999999999,1.7908566796415795,-4.50914332035842,FALSE
1660,8.699999999999998,2.3368643114942467,-6.363135688505751,FALSE
1661,0.09999999999999994,2.4092411644381384,2.3092411644381383,FALSE
1662,4.799999999999998,2.5196820972535217,-2.2803179027464764,FALSE
1666,0.8999999999999999,2.278162299766915,1.378162299766915,FALSE
1669,5.699999999999998,2.384094601953034,-3.3159053980469646,FALSE
1672,0.3999999999999999,2.551476161265073,2.151476161265073,FALSE
1674,3.9999999999999982,2.9447228696509047,-1.0552771303490935,FALSE
1675,0,2.674041873335002,2.674041873335002,TRUE
1676,2.8,2.5798434633730576,-0.22015653662694223,FALSE
1678,1.1999999999999995,3.3245043467572533,2.124504346757254,FALSE
1679,0,3.2348985532535828,3.2348985532535828,TRUE
1680,7.399999999999999,3.286946071725606,-4.113053928274393,FALSE
1681,0.2,3.32346799981032,3.1234679998103196,FALSE
1684,0.8,3.7842206083481114,2.984220608348111,FALSE
1685,0.6,4.421776139225079,3.821776139225079,FALSE
1686,3.4,4.476054961723102,1.0760549617231017,FALSE
1687,15.899999999999999,4.467245543761487,-11.432754456238513,FALSE
1688,2.2,4.5409908949845725,2.3409908949845724,FALSE
1689,4.599999999999999,4.646938078835231,0.04693807883523249,FALSE
1692,5.4,5.104669244974085,-0.29533075502591544,FALSE
1693,20.8,5.202571430252413,-15.597428569747589,FALSE
1694,16.399999999999995,4.813179426981114,-11.58682057301888,FALSE
1695,5.199999999999999,4.840932487129575,-0.35906751287042393,FALSE
1696,1.9999999999999993,5.277904346440975,3.277904346440976,FALSE
1697,4.399999999999999,5.4610376367561955,1.0610376367561969,FALSE
1698,16.599999999999998,5.450877908321519,-11.149122091678478,FALSE
1699,6.999999999999999,5.4120280376217345,-1.5879719623782647,FALSE
1700,12.599999999999998,5.470062568719774,-7.129937431280224,FALSE
1701,11.099999999999998,4.867361991269513,-6.2326380087304845,FALSE
1702,15.199999999999996,5.361206179351569,-9.838793820648426,FALSE
1703,17.5,5.275964384944229,-12.224035615055772,FALSE
1704,18.8,3.9917710795353534,-14.808228920464646,FALSE
1705,25.8,4.824049910042451,-20.97595008995755,FALSE
1706,39.1,3.473812097137428,-35.626187902862576,FALSE
1707,42.09999999999999,5.941519038863124,-36.15848096113686,FALSE
1708,1.0999999999999965,3.783795724197055,2.6837957241970583,FALSE
1710,20.799999999999997,3.7268914298349247,-17.073108570165072,FALSE
1711,29.099999999999998,4.680123374939643,-24.419876625060354,FALSE
1712,9.5,4.7101404750716345,-4.7898595249283655,FALSE
1731,8.799999999999999,1.8054292290958351,-6.994570770904164,FALSE
1732,2.2,2.044387826167784,-0.15561217383221626,FALSE
1733,7.2,2.5027389961460047,-4.6972610038539955,FALSE
1734,4.099999999999999,2.5203752577543086,-1.5796247422456902,FALSE
1738,0.3999999999999999,3.1531879227877053,2.7531879227877054,FALSE
1739,2.2,2.3132172247717127,0.11321722477171248,FALSE
1743,5.6,2.655083892288311,-2.9449161077116885,FALSE
1748,4.099999999999999,3.1880030099384356,-0.9119969900615632,FALSE
1749,2.7999999999999994,3.3110916293838324,0.511091629383833,FALSE
1753,0.19999999999999996,3.867040810683666,3.667040810683666,FALSE
1755,0.19999999999999987,4.182351184043699,3.9823511840436994,FALSE
1756,2.4,4.34730977496848,1.9473097749684798,FALSE
1757,5.399999999999999,4.5159627905768644,-0.8840372094231341,FALSE
1758,11.6,4.687799477397308,-6.912200522602691,FALSE
1759,16.9,4.8628676886362125,-12.037132311363786,FALSE
1760,10.7,5.041703826307239,-5.658296173692761,FALSE
1761,7.3999999999999995,5.224991475093567,-2.175008524906432,FALSE
1762,9.799999999999997,5.413002982979428,-4.386997017020569,FALSE
1764,5.6,5.797520035424986,0.19752003542498642,FALSE
1765,26.299999999999997,5.985589638137822,-20.314410361862176,FALSE
1766,30.499999999999986,6.161701836984404,-24.33829816301558,FALSE
1767,15.399999999999999,6.318352112786903,-9.081647887213094,FALSE
1769,12,6.551210084100794,-5.448789915899206,FALSE
1770,9.499999999999998,6.622223989744365,-2.8777760102556336,FALSE
1772,16.200000000000003,6.677489143601701,-9.522510856398302,FALSE
1773,20.399999999999995,6.667257302658539,-13.732742697341456,FALSE
1774,16.2,6.635232899078875,-9.564767100921124,FALSE
1775,23.200000000000003,6.582853477383604,-16.617146522616398,FALSE
1776,12.699999999999998,6.510750039902355,-6.1892499600976425,FALSE
1777,10.7,6.4195057949151195,-4.28049420508488,FALSE
1778,36.599999999999994,6.319074425062012,-30.28092557493798,FALSE
1779,1.5999999999999996,6.321803548083736,4.721803548083736,FALSE
1782,32.7,5.6642843563792376,-27.035715643620765,FALSE
1783,13.599999999999998,5.583035220409988,-8.01696477959001,FALSE
1803,10.499999999999998,1.8282691738851748,-8.671730826114823,FALSE
1804,3.6,1.8709657145334722,-1.729034285466528,FALSE
1805,4.799999999999998,1.9273787508878077,-2.87262124911219,FALSE
1806,6.199999999999999,1.9864525217915159,-4.213547478208484,FALSE
1807,2,2.0483934141426405,0.048393414142640534,FALSE
1809,3,2.1817139578764175,-0.8182860421235825,FALSE
1815,1.9999999999999998,2.672531351731721,0.6725313517317211,FALSE
1816,3.8,2.7699483297178844,-1.0300516702821154,FALSE
1819,1.4,3.0943541991509242,1.6943541991509243,FALSE
1820,3.6,3.214366279818112,-0.38563372018188824,FALSE
1821,1.9999999999999998,3.3409868042863478,1.340986804286348,FALSE
1823,1.5999999999999996,3.615790057164061,2.0157900571640615,FALSE
1824,3.6999999999999993,3.7647294358994055,0.06472943589940616,FALSE
1825,0,3.9216232207467145,3.9216232207467145,TRUE
1826,6.799999999999999,4.086320999502257,-2.7136790004977422,FALSE
1828,4.399999999999999,4.436664438852702,0.03666443885270354,FALSE
1829,1.1999999999999995,4.620435803738064,3.420435803738065,FALSE
1830,2.2999999999999994,4.8088106411791784,2.508810641179179,FALSE
1831,11.2,5.001481881548621,-6.1985181184513785,FALSE
1832,19.799999999999997,5.198658544165902,-14.601341455834095,FALSE
1833,10.8,5.4007350269812076,-5.399264973018793,FALSE
1834,10.799999999999999,5.607591841287056,-5.192408158712943,FALSE
1835,6.999999999999999,5.817585682419118,-1.1824143175808812,FALSE
1836,16.999999999999996,6.026558414120281,-10.973441585879716,FALSE
1837,18.199999999999996,6.227660173329891,-11.972339826670105,FALSE
1838,13.599999999999998,6.41261867828152,-7.187381321718478,FALSE
1839,15.799999999999999,6.5738275361051075,-9.22617246389489,FALSE
1840,9.199999999999998,6.705908307055162,-2.494091692944836,FALSE
1841,12.799999999999997,6.806310315100429,-5.993689684899568,FALSE
1842,2.5999999999999996,6.875182966601197,4.275182966601197,FALSE
1843,6.399999999999999,6.914575693777665,0.5145756937776662,FALSE
1844,21.299999999999994,6.92720783843634,-14.372792161563654,FALSE
1845,36.099999999999994,6.915369225441227,-29.18463077455877,FALSE
1846,16.5,6.880408683073261,-9.619591316926739,FALSE
1847,27.49999999999999,6.822961485315894,-20.677038514684096,FALSE
1848,25.699999999999996,6.743718961432765,-18.95628103856723,FALSE
1849,8.799999999999997,6.6442603712063,-2.1557396287936967,FALSE
1850,18.2,6.5274747912506514,-11.672525208749349,FALSE
1851,19,6.4088967949822875,-12.591103205017713,FALSE
1852,31.599999999999998,6.296972377488785,-25.303027622511213,FALSE
1853,1.8,6.13564230136407,4.335642301364071,FALSE
1854,13.299999999999997,6.037107721878279,-7.2628922781217184,FALSE
1855,23.8,5.930237466455087,-17.869762533544915,FALSE
1856,1.4,5.861336617251383,4.4613366172513835,FALSE
1875,5.999999999999999,1.8388939081603326,-4.161106091839667,FALSE
1876,3.1999999999999993,1.8917200817497863,-1.308279918250213,FALSE
1877,3,1.9482638901551386,-1.0517361098448614,FALSE
1878,1.8,2.0076402953463983,0.20764029534639827,FALSE
1879,2.2,2.069844110118413,-0.13015588988158733,FALSE
1880,11.999999999999998,2.1351017474538563,-9.864898252546142,FALSE
1881,7.799999999999998,2.203645190014425,-5.5963548099855736,FALSE
1882,6.999999999999999,2.2757112059214313,-4.724288794078568,FALSE
1884,3.4,2.4313838686099087,-0.9686161313900912,FALSE
1892,3,3.249684220125914,0.24968422012591418,FALSE
1895,1.0999999999999996,3.6653793291800665,2.565379329180067,FALSE
1896,0,3.8213154115594903,3.8213154115594903,TRUE
1897,1.8,3.9866551036699285,2.1866551036699287,FALSE
1899,15.699999999999996,4.3453448239219785,-11.354655176078017,FALSE
1900,10.399999999999999,4.537521570786885,-5.862478429213113,FALSE
1901,16.099999999999998,4.736894651230746,-11.363105348769253,FALSE
1902,7.499999999999999,4.942433131438394,-2.5575668685616053,FALSE
1903,8.799999999999997,5.153525175269235,-3.6464748247307623,FALSE
1904,25,5.370093571939912,-19.62990642806009,FALSE
1905,13.899999999999993,5.592231749330858,-8.307768250669135,FALSE
1906,12.999999999999996,5.819274859949032,-7.180725140050964,FALSE
1907,2.899999999999999,6.048497333385289,3.1484973333852904,FALSE
1908,8.7,6.27413611587406,-2.4258638841259392,FALSE
1909,5.4,6.487792064776053,1.0877920647760524,FALSE
1910,7.8999999999999995,6.680463091273662,-1.2195369087263375,FALSE
1911,1.4,6.844906299879197,5.444906299879197,FALSE
1912,11.399999999999999,6.976935238586207,-4.423064761413792,FALSE
1913,2.5999999999999996,7.075505380306217,4.475505380306218,FALSE
1914,8.999999999999996,7.141937828379012,-1.8580621716209844,FALSE
1916,29.099999999999994,7.1879476454386095,-21.912052354561386,FALSE
1917,20.099999999999994,7.171412270299717,-12.928587729700277,FALSE
1918,16.2,7.130004089220881,-9.069995910779118,FALSE
1919,17.399999999999995,7.064740464875748,-10.335259535124248,FALSE
1920,9.999999999999998,6.977444933220636,-3.022555066779362,FALSE
1921,13.299999999999999,6.87111102652515,-6.428888973474849,FALSE
1922,26.500000000000004,6.749711239352463,-19.750288760647543,FALSE
1923,22.899999999999995,6.617614163556631,-16.282385836443364,FALSE
1924,23.899999999999995,6.51105035428617,-17.388949645713826,FALSE
1925,23.4,6.343338941318515,-17.056661058681485,FALSE
1926,21.2,6.1938623223798785,-15.00613767762012,FALSE
1927,21.8,6.03907819662079,-15.760921803379212,FALSE
1928,22.099999999999998,5.932930415276728,-16.16706958472327,FALSE
1950,0.3999999999999999,2.034675153241847,1.6346751532418469,FALSE
1951,0.9999999999999999,2.097414909263778,1.0974149092637782,FALSE
1952,1.6,2.1631882792789074,0.5631882792789074,FALSE
1953,1.4,2.2322485454451617,0.8322485454451618,FALSE
1967,0.3999999999999999,3.72693900444304,3.32693900444304,FALSE
1968,0.19999999999999996,3.8903405727703,3.6903405727703005,FALSE
1969,9.2,4.064555095987493,-5.135444904012506,FALSE
1970,-1.6,4.249825414950714,5.849825414950715,TRUE
1971,4.399999999999999,4.445950155805861,0.04595015580586281,FALSE
1972,3.4999999999999996,4.652222315443538,1.1522223154435385,FALSE
1973,5.299999999999999,4.867552235269975,-0.432447764730024,FALSE
1974,6.1000000000000005,5.09080707649609,-1.0091929235039103,FALSE
1975,10.399999999999999,5.321215972910336,-5.078784027089663,FALSE
1976,11.699999999999994,5.5584970059228205,-6.1415029940771735,FALSE
1977,21.199999999999996,5.802341785686518,-15.397658214313477,FALSE
1978,11.299999999999999,6.051159989978317,-5.248840010021682,FALSE
1979,30.199999999999992,6.300560233003346,-23.899439766996647,FALSE
1980,6.199999999999999,6.542724531896354,0.342724531896355,FALSE
1981,10.199999999999998,6.767745568325009,-3.4322544316749886,FALSE
1982,11.999999999999998,6.96640246491315,-5.033597535086848,FALSE
1983,1.9999999999999998,7.132423880198741,5.132423880198741,FALSE
1984,15.799999999999995,7.263115029285154,-8.53688497071484,FALSE
1985,16.8,7.358708189281682,-9.441291810718319,FALSE
1986,11.799999999999999,7.421126381811322,-4.378873618188677,FALSE
1987,4.2,7.452741513867106,3.2527415138671056,FALSE
1988,36.7,7.4555874395153445,-29.24441256048466,FALSE
1989,36.69999999999999,7.43124395571469,-29.268756044285297,FALSE
1990,18.400000000000006,7.38128031427763,-11.018719685722376,FALSE
1991,25.7,7.307847838548183,-18.39215216145182,FALSE
1992,6.499999999999998,7.213973320209622,0.7139733202096235,FALSE
1993,19.9,7.103379693099504,-12.796620306900493,FALSE
1994,35.999999999999986,6.979987188903236,-29.02001281109675,FALSE
1995,20.6,6.847375253677466,-13.752624746322535,FALSE
1996,28.499999999999993,6.708407394115402,-21.791592605884592,FALSE
1997,36.59999999999999,6.562868461077773,-30.037131538922214,FALSE
1998,34.39999999999999,6.416532088475559,-27.983467911524432,FALSE
2024,0.09999999999999994,2.1980215530330107,2.0980215530330106,FALSE
2027,0.09999999999999994,2.4188016669253076,2.3188016669253075,FALSE
2028,0,2.5004087309343137,2.5004087309343137,TRUE
2039,8.299999999999999,3.8028151968796564,-4.4971848031203425,FALSE
2040,5.099999999999998,3.9743436966426873,-1.1256563033573106,FALSE
2041,4.300000000000001,4.1580181114352905,-0.14198188856471017,FALSE
2044,10.499999999999998,4.783685536198107,-5.716314463801891,FALSE
2045,11.699999999999996,5.015434449439545,-6.684565550560451,FALSE
2046,2.2,5.257204896752276,3.0572048967522756,FALSE
2047,10.999999999999998,5.508247340291792,-5.491752659708206,FALSE
2048,11.399999999999999,5.768053680111941,-5.6319463198880575,FALSE
2049,14.499999999999998,6.035541489092223,-8.464458510907775,FALSE
2050,19.299999999999994,6.307489601625311,-12.992510398374684,FALSE
2051,26,6.577124703330335,-19.422875296669666,FALSE
2052,17.200000000000003,6.834358676641968,-10.365641323358034,FALSE
2053,1.6999999999999995,7.06827003910289,5.368270039102891,FALSE
2054,29.29999999999999,7.270221038591588,-22.029778961408404,FALSE
2055,19.199999999999996,7.435422295809322,-11.764577704190675,FALSE
2056,31.499999999999993,7.562628793275467,-23.937371206724528,FALSE
2057,8.4,7.652972775419033,-0.7470272245809673,FALSE
2058,10.199999999999998,7.7087302592486315,-2.491269740751366,FALSE
2059,12.999999999999996,7.732397358506894,-5.267602641493102,FALSE
2060,19.099999999999994,7.7262789865271495,-11.373721013472846,FALSE
2061,24.79999999999999,7.692606913144688,-17.107393086855303,FALSE
2062,19.399999999999995,7.633909102807202,-11.766090897192793,FALSE
2063,19.5,7.553225557939386,-11.946774442060615,FALSE
2064,8.399999999999999,7.453974525904687,-0.946025474095312,FALSE
2065,24.599999999999998,7.339582058737094,-17.260417941262904,FALSE
2066,25.799999999999994,7.213109837962237,-18.586890162037758,FALSE
2067,22.4,7.077031721296487,-15.322968278703511,FALSE
2068,29.999999999999996,6.933110074609589,-23.066889925390406,FALSE
2069,33.800000000000004,6.774087311688505,-27.0259126883115,FALSE
2111,0.39999999999999986,3.895625584619468,3.495625584619468,FALSE
2112,4.8999999999999995,4.076147132179079,-0.8238528678209205,FALSE
2113,4.199999999999999,4.270057478894768,0.07005747889476854,FALSE
2114,0,4.477901981829696,4.477901981829696,TRUE
2116,4.299999999999998,4.9356749007167435,0.6356749007167455,FALSE
2117,3.200000000000001,5.184799828581383,1.984799828581382,FALSE
2118,-2.7999999999999994,5.446548256791349,8.246548256791348,TRUE
2119,2.2,5.720231787018632,3.5202317870186315,FALSE
2120,5.6,6.004774978027096,0.4047749780270964,FALSE
2121,9.399999999999997,6.2975483821762595,-3.1024516178237374,FALSE
2122,18.299999999999997,6.592761391978618,-11.70723860802138,FALSE
2123,25.299999999999994,6.880732389486543,-18.41926761051345,FALSE
2124,7.999999999999999,7.149460129408656,-0.8505398705913434,FALSE
2125,12.899999999999997,7.388017732294455,-5.511982267705542,FALSE
2126,14.5,7.589229315073772,-6.910770684926228,FALSE
2127,5.800000000000001,7.750067610897084,1.950067610897083,FALSE
2128,6.599999999999999,7.87059981582996,1.2705998158299616,FALSE
2129,27.499999999999993,7.9527266635869545,-19.54727333641304,FALSE
2130,21.799999999999997,7.999162851920097,-13.8008371480799,FALSE
2131,35.1,8.012770376207511,-27.08722962379249,FALSE
2132,19.499999999999996,7.996341730912292,-11.503658269087705,FALSE
2133,32.699999999999996,7.952725058307143,-24.74727494169285,FALSE
2134,45.499999999999986,7.884966780569006,-37.61503321943098,FALSE
2135,31.999999999999996,7.796244582520399,-24.2037554174796,FALSE
2136,19.799999999999997,7.689637076346097,-12.1103629236539,FALSE
2137,19.199999999999992,7.567906707541537,-11.632093292458455,FALSE
2138,22.199999999999996,7.433398382504155,-14.76660161749584,FALSE
2139,25.400000000000002,7.288037253403958,-18.111962746596042,FALSE
2140,36.79999999999999,7.147817644794432,-29.652182355205557,FALSE
2171,-0.2,2.5193157946827465,2.7193157946827466,TRUE
2182,7.599999999999999,3.8313693169613408,-3.768630683038658,FALSE
2183,0.8,4.008301670333731,3.2083016703337313,FALSE
2184,1.4,4.198906354027637,2.7989063540276367,FALSE
2186,6.299999999999999,4.624572163822101,-1.6754278361778976,FALSE
2187,2,4.86085393273802,2.86085393273802,FALSE
2188,-3.5999999999999996,5.113178822597444,8.713178822597444,TRUE
2189,1.5999999999999996,5.381545185021971,3.7815451850219715,FALSE
2191,4.699999999999998,5.964471180637573,1.2644711806375746,FALSE
2193,19.4,6.593777896776499,-12.8062221032235,FALSE
2194,24.799999999999997,6.909801220401475,-17.89019877959852,FALSE
2195,10.999999999999998,7.211198291140213,-3.7888017088597854,FALSE
2196,14.299999999999997,7.4851767843039925,-6.814823215696005,FALSE
2197,24.999999999999993,7.722143643738207,-17.277856356261786,FALSE
2198,17.099999999999998,7.9171309414970805,-9.182869058502916,FALSE
2199,24.4,8.069007028837113,-16.330992971162885,FALSE
2200,33.49999999999999,8.179070306133413,-25.32092969386658,FALSE
2201,35.8,8.24990395669345,-27.550096043306546,FALSE
2202,17.7,8.28455859649764,-9.41544140350236,FALSE
2203,29.4,8.28610221435998,-21.11389778564002,FALSE
2204,35.699999999999996,8.257545880392579,-27.44245411960742,FALSE
2205,31.399999999999988,8.20192878170656,-23.19807121829343,FALSE
2206,26.199999999999992,8.122321236514699,-18.077678763485295,FALSE
2207,9.4,8.021715905423685,-1.3782840945763155,FALSE
2208,16.8,7.902918838475912,-8.897081161524088,FALSE
2209,18.299999999999997,7.768502418354942,-10.531497581645056,FALSE
2210,35.900000000000006,7.62078390628335,-28.279216093716656,FALSE
2211,15.6,7.461775178406323,-8.138224821593678,FALSE
2212,19.799999999999997,7.293099507741051,-12.506900492258946,FALSE
2213,20.8,7.132043995265136,-13.667956004734865,FALSE
2214,1.6999999999999995,7.0576960955438715,5.357696095543872,FALSE
2240,6.399999999999999,2.3463665920621355,-4.053633407937863,FALSE
2241,1.4,2.421074246295101,1.0210742462951012,FALSE
2250,1.4,3.3335903153870885,1.9335903153870886,FALSE
2254,0.20000000000000023,3.956799016193002,3.7567990161930016,FALSE
2255,1.4999999999999993,4.144107582320968,2.644107582320969,FALSE
2257,2.6999999999999997,4.564086047442188,1.8640860474421879,FALSE
2258,3,4.798837419044732,1.798837419044732,FALSE
2259,12.600000000000001,5.051418676459907,-7.548581323540095,FALSE
2260,10.6,5.322693718535449,-5.277306281464551,FALSE
2261,5.899999999999998,5.613162549333583,-0.28683745066641464,FALSE
2262,9.125901431107472e-16,5.922437733300068,5.922437733300067,FALSE
2263,0.7999999999999998,6.248388273061177,5.448388273061177,FALSE
2264,8.799999999999997,6.58600242460927,-2.213997575390727,FALSE
2265,9.399999999999997,6.926360887070088,-2.4736391129299085,FALSE
2266,17.5,7.256751366853803,-10.243248633146198,FALSE
2267,10.199999999999983,7.563001786065355,-2.6369982139346284,FALSE
2268,15.399999999999999,7.83328821375697,-7.566711786243029,FALSE
2269,11.8,8.060652925040385,-3.739347074959616,FALSE
2270,19.9,8.24276366695479,-11.657236333045208,FALSE
2271,31.4,8.380283659755428,-23.01971634024457,FALSE
2272,23.4,8.475448594614674,-14.924551405385325,FALSE
2273,12.599999999999998,8.531159511199242,-4.068840488800756,FALSE
2274,4.999999999999999,8.55046280449715,3.5504628044971502,FALSE
2275,19.599999999999998,8.53637971648123,-11.063620283518768,FALSE
2276,24.199999999999996,8.491954545293229,-15.708045454706767,FALSE
2277,25.1,8.420305484824388,-16.679694515175612,FALSE
2278,22.5,8.324589966243497,-14.175410033756503,FALSE
2279,18.999999999999996,8.20793368596907,-10.792066314030926,FALSE
2280,8.600000000000001,8.073358604197637,-0.5266413958023648,FALSE
2281,11.2,7.923680138733992,-3.276319861266007,FALSE
2282,13,7.761350524087687,-5.238649475912313,FALSE
2283,16.999999999999996,7.5882882447721745,-9.411711755227822,FALSE
2284,30.7,7.405774779515235,-23.294225220484766,FALSE
2285,27.2,7.2144838229763915,-19.98551617702361,FALSE
2286,26.2,7.090749113155712,-19.109250886844286,FALSE
2312,3.6,2.4186347435771447,-1.1813652564228554,FALSE
2313,2.5999999999999996,2.4885225861975724,-0.11147741380242726,FALSE
2320,0.9999999999999999,3.1816352370338175,2.1816352370338175,FALSE
2326,0.09999999999999985,4.107298879063778,4.007298879063779,FALSE
2327,1.4,4.3066964585611585,2.9066964585611585,FALSE
2328,0.2999999999999999,4.522087512495042,4.222087512495042,FALSE
2329,3.4999999999999996,4.754809244699077,1.2548092446990773,FALSE
2330,10.1,5.006333700290229,-5.093666299709771,FALSE
2331,10.199999999999996,5.278203759759065,-4.921796240240931,FALSE
2332,10.199999999999998,5.571733059791327,-4.628266940208671,FALSE
2333,10.200000000000001,5.887351297531635,-4.312648702468366,FALSE
2334,3.4,6.223590719316122,2.823590719316122,FALSE
2335,5.099999999999999,6.575880422935376,1.4758804229353775,FALSE
2336,-1.299999999999999,6.935539445763852,8.235539445763852,TRUE
2337,14.699999999999998,7.289712314630891,-7.410287685369107,FALSE
2338,5.9999999999999964,7.623203813405294,1.623203813405298,FALSE
2339,25.599999999999994,7.922201020370218,-17.677798979629777,FALSE
2340,40.800000000000004,8.177695186899838,-32.622304813100165,FALSE
2341,26.599999999999994,8.386129313181714,-18.213870686818282,FALSE
2342,15.499999999999996,8.547678301688316,-6.95232169831168,FALSE
2343,22.599999999999998,8.66433286166673,-13.935667138333267,FALSE
2344,13.6,8.738794141123773,-4.861205858876227,FALSE
2345,11.399999999999999,8.773987528545028,-2.6260124714549704,FALSE
2346,10.599999999999998,8.772919031817931,-1.8270809681820666,FALSE
2347,25.799999999999994,8.738714737627395,-17.0612852623726,FALSE
2348,28.099999999999998,8.67467426799486,-19.42532573200514,FALSE
2349,26.899999999999995,8.584238820218372,-18.315761179781624,FALSE
2350,18.599999999999998,8.470888636470304,-10.129111363529693,FALSE
2351,12.299999999999997,8.338002791192835,-3.961997208807162,FALSE
2352,17.200000000000003,8.188679347706271,-9.011320652293731,FALSE
2353,19.999999999999996,8.025526803273586,-11.97447319672641,FALSE
2354,25.99999999999999,7.8504889248968555,-18.149511075103135,FALSE
2355,25.599999999999994,7.664785461225634,-17.93521453877436,FALSE
2356,38.899999999999984,7.469015001122708,-31.43098499887728,FALSE
2357,23.1,7.263404546267604,-15.836595453732397,FALSE
2358,35.1,7.077712304338838,-28.022287695661163,FALSE
2359,11.6,6.920828791418944,-4.679171208581056,FALSE
2384,2.399999999999999,2.482544732558203,0.08254473255820383,FALSE
2385,2.5999999999999996,2.5645773011442077,-0.03542269885579197,FALSE
2386,0,2.651136054290238,2.651136054290238,TRUE
2390,-0.20000000000000004,3.0535102791295614,3.2535102791295616,TRUE
2392,0.7999999999999998,3.2977116048373842,2.4977116048373844,FALSE
2393,3.9,3.433349381580111,-0.4666506184198891,FALSE
2394,1.4999999999999998,3.579247021159046,2.0792470211590466,FALSE
2395,0.5999999999999998,3.7364107370484265,3.136410737048427,FALSE
2397,1.1,4.088871956009151,2.988871956009151,FALSE
2398,0.6000000000000001,4.286510036541812,3.686510036541812,FALSE
2399,-3.2,4.500146853195161,7.700146853195161,TRUE
2400,2.1999999999999997,4.731285803972352,2.5312858039723527,FALSE
2401,2.6,4.98166627095379,2.3816662709537897,FALSE
2402,4.399999999999999,5.253216207834824,0.8532162078348255,FALSE
2403,4.599999999999999,5.547754240916024,0.9477542409160256,FALSE
2405,1.0999999999999996,6.2080867031168765,5.108086703116877,FALSE
2406,4.3,6.569137466992369,2.269137466992369,FALSE
2407,10.299999999999995,6.94132443144555,-3.358675568554445,FALSE
2408,9.599999999999996,7.312029676347781,-2.287970323652215,FALSE
2409,10.6,7.665539604286453,-2.934460395713547,FALSE
2410,16.7,7.986423616293104,-8.713576383706895,FALSE
2411,26.799999999999994,8.263541111364125,-18.53645888863587,FALSE
2412,33.89999999999999,8.491885817768352,-25.40811418223164,FALSE
2413,24.099999999999994,8.671257832856154,-15.42874216714384,FALSE
2414,14.8,8.80378740944374,-5.9962125905562615,FALSE
2415,21.199999999999996,8.89232336300194,-12.307676636998055,FALSE
2416,18.399999999999995,8.939878706833559,-9.460121293166436,FALSE
2417,15.999999999999995,8.949579179721768,-7.050420820278227,FALSE
2418,26.29999999999999,8.924736994900499,-17.37526300509949,FALSE
2419,35.49999999999999,8.868873755273961,-26.631126244726033,FALSE
2420,26.699999999999996,8.785631923857611,-17.914368076142384,FALSE
2421,14.999999999999998,8.678608313308786,-6.3213916866912125,FALSE
2422,33.29999999999999,8.551164674213078,-24.748835325786914,FALSE
2423,43.3,8.406240230450981,-34.893759769549014,FALSE
2424,23.700000000000006,8.246187550211143,-15.453812449788863,FALSE
2425,32.2,8.072679789632652,-24.12732021036735,FALSE
2426,43.79999999999998,7.8867420604618905,-35.91325793953809,FALSE
2427,36.599999999999994,7.688923673848862,-28.911076326151132,FALSE
2428,36.39999999999999,7.479578472030492,-28.9204215279695,FALSE
2429,42.099999999999994,7.259847646392331,-34.840152353607664,FALSE
2430,36.599999999999994,7.032015899249863,-29.56798410075013,FALSE
2431,22.09999999999999,6.836460755241587,-15.263539244758404,FALSE
2456,5.199999999999999,2.5506258622944706,-2.6493741377055287,FALSE
2457,4.1,2.649886746494369,-1.4501132535056307,FALSE
2458,2.6,2.7418984436525085,0.14189844365250837,FALSE
2462,1.9999999999999998,3.1717749128168093,1.1717749128168096,FALSE
2464,2.399999999999999,3.433869355886714,1.033869355886715,FALSE
2466,1.8,3.7366229370491766,1.9366229370491765,FALSE
2468,1.8,4.088229227292687,2.288229227292687,FALSE
2469,2.5999999999999988,4.285234016649595,1.6852340166495958,FALSE
2470,3.1999999999999993,4.498138377859498,1.298138377859499,FALSE
2471,1.1999999999999995,4.7285121424243135,3.528512142424314,FALSE
2472,3.6,4.978193327414077,1.3781933274140772,FALSE
2473,0.7999999999999998,5.249233541730658,4.449233541730658,FALSE
2474,4.1000000000000005,5.543595063164149,1.4435950631641488,FALSE
2475,4.199999999999999,5.862492846132764,1.662492846132765,FALSE
2476,2.3,6.205387143969102,3.9053871439691026,FALSE
2478,4.2,6.945255894759779,2.7452558947597785,FALSE
2479,7.199999999999999,7.322939192586465,0.12293919258646557,FALSE
2480,7.8999999999999995,7.686519054017603,-0.2134809459823961,FALSE
2481,8.899999999999999,8.019850239037197,-0.8801497609628015,FALSE
2482,14.499999999999991,8.309968428914665,-6.190031571085326,FALSE
2483,29.399999999999995,8.550118889862523,-20.849881110137474,FALSE
2484,37.2,8.739546650148423,-28.46045334985158,FALSE
2485,17.5,8.880851504657553,-8.619148495342447,FALSE
2486,17.799999999999994,8.977583448295066,-8.822416551704928,FALSE
2487,21.499999999999996,9.033269972994438,-12.466730027005559,FALSE
2488,25.400000000000002,9.051368117784316,-16.348631882215685,FALSE
2489,16.599999999999994,9.035416491751016,-7.564583508248978,FALSE
2490,38.49999999999999,8.98905241828834,-29.510947581711655,FALSE
2491,38.9,8.915864246185425,-29.984135753814574,FALSE
2492,32.59999999999999,8.819178920885214,-23.780821079114773,FALSE
2493,39.8,8.701881472888273,-31.098118527111723,FALSE
2494,32.09999999999999,8.56630267523162,-23.53369732476837,FALSE
2495,45.099999999999994,8.414176593510902,-36.68582340648909,FALSE
2496,36.39999999999999,8.246674770404057,-28.153325229595936,FALSE
2497,31.599999999999998,8.06452944700725,-23.53547055299275,FALSE
2498,35.49999999999999,7.868242494624683,-27.63175750537531,FALSE
2499,36.699999999999996,7.658349692436867,-29.041650307563128,FALSE
2500,35.2,7.435687883827607,-27.764312116172395,FALSE
2501,45.79999999999999,7.201603658245956,-38.59839634175403,FALSE
2502,41.2,6.958067247422311,-34.24193275257769,FALSE
2503,22.599999999999994,6.755952135646746,-15.844047864353248,FALSE
2530,6.8999999999999995,2.8222289928484887,-4.077771007151511,FALSE
2531,0,2.946445422235558,2.946445422235558,TRUE
2532,0.3999999999999998,3.062066500706612,2.662066500706612,FALSE
2535,2.8,3.4460929747089253,0.6460929747089255,FALSE
2539,0.7999999999999998,4.103989253771353,3.303989253771353,FALSE
2540,1.2000000000000013,4.301401508641802,3.1014015086418008,FALSE
2541,-1.6000000000000008,4.514479914526884,6.114479914526885,TRUE
2542,2.4999999999999996,4.74477383506905,2.2447738350690503,FALSE
2544,11.599999999999996,5.264356330303107,-6.335643669696889,FALSE
2545,7.500000000000002,5.557399200778366,-1.942600799221636,FALSE
2546,7.699999999999998,5.87419391092563,-1.8258060890743684,FALSE
2547,2.399999999999999,6.213996767610431,3.813996767610432,FALSE
2548,4.4,6.573330128979761,2.173330128979761,FALSE
2549,0.3999999999999999,6.945190737435948,6.545190737435949,FALSE
2550,3.099999999999999,7.318786722282646,4.218786722282648,FALSE
2551,4.3999999999999995,7.68011567466048,3.2801156746604807,FALSE
2552,15.099999999999998,8.013778126891657,-7.086221873108341,FALSE
2553,21.499999999999996,8.306201982683406,-13.19379801731659,FALSE
2554,43.6,8.549132101828533,-35.05086789817147,FALSE
2555,28.299999999999994,8.740878531748368,-19.559121468251625,FALSE
2556,37.8,8.884357448226911,-28.915642551773086,FALSE
2557,19.299999999999994,8.984087222239072,-10.315912777760921,FALSE
2558,19.799999999999997,9.044447522491637,-10.75555247750836,FALSE
2559,29.299999999999994,9.069373399106096,-20.2306266008939,FALSE
2560,22.79999999999999,9.062563599478144,-13.737436400521846,FALSE
2561,28.89999999999999,9.027556674733654,-19.87244332526634,FALSE
2562,17.400000000000002,8.96757579139594,-8.432424208604061,FALSE
2563,35.39999999999999,8.885314540515784,-26.514685459484205,FALSE
2564,37.49999999999999,8.782819518853632,-28.71718048114636,FALSE
2565,29.299999999999997,8.661506154212233,-20.638493845787764,FALSE
2566,29.399999999999995,8.522268405471072,-20.877731594528925,FALSE
2567,45.69999999999998,8.36563791406631,-37.33436208593367,FALSE
2568,35.2,8.191972565842528,-27.008027434157476,FALSE
2569,32.599999999999994,8.001668875018439,-24.598331124981556,FALSE
2570,33.7,7.7953856891567765,-25.904614310843225,FALSE
2571,30.5,7.574247751002065,-22.925752248997934,FALSE
2572,35.49999999999999,7.339983460655428,-28.160016539344564,FALSE
2573,30.39999999999999,7.095827663005152,-23.30417233699484,FALSE
2574,35.59999999999999,6.8555869241969,-28.744413075803088,FALSE
2575,38.39999999999999,6.563224849420538,-31.836775150579452,FALSE
2576,26.499999999999993,6.399945380870066,-20.100054619129928,FALSE
2605,-0.2,3.324354193885291,3.524354193885291,TRUE
2606,-0.2999999999999994,3.469330506482892,3.7693305064828913,TRUE
2607,4.199999999999999,3.618310137803453,-0.5816898621965465,FALSE
2608,-0.9999999999999986,3.778127099406704,4.778127099406703,TRUE
2609,5.999999999999999,3.949749764302078,-2.0502502356979213,FALSE
2610,2.8,4.13421802284454,1.3342180228445404,FALSE
2611,13.199999999999998,4.332663470330285,-8.867336529669712,FALSE
2612,7.599999999999999,4.546347448481172,-3.0536525515188266,FALSE
2613,9.200000000000003,4.776707073268363,-4.42329292673164,FALSE
2614,3.5999999999999983,5.025361033710019,1.4253610337100207,FALSE
2615,2.0999999999999996,5.293983150177032,3.193983150177032,FALSE
2616,7.999999999999999,5.583943309838859,-2.41605669016114,FALSE
2617,26.2,5.895675816824234,-20.304324183175765,FALSE
2618,31.599999999999998,6.227859108422308,-25.37214089157769,FALSE
2619,7.000000000000001,6.576629702517096,-0.4233702974829052,FALSE
2620,-0.899999999999998,6.935120435150719,7.835120435150717,TRUE
2621,7.000000000000001,7.2935238719894855,0.2935238719894846,FALSE
2622,5.299999999999999,7.63970107667965,2.339701076679651,FALSE
2623,12.399999999999999,7.960375131464444,-4.439624868535555,FALSE
2624,9.099999999999998,8.243204066314757,-0.8567959336852411,FALSE
2625,33.099999999999994,8.479655740535078,-24.620344259464915,FALSE
2626,26,8.66710285096125,-17.33289714903875,FALSE
2627,13.400000000000006,8.808169838266819,-4.591830161733187,FALSE
2628,27.09999999999999,8.907926021316042,-18.19207397868395,FALSE
2629,29.199999999999996,8.971478679089806,-20.22852132091019,FALSE
2630,40.99999999999999,9.00316736008923,-31.996832639910764,FALSE
2631,29.799999999999994,9.006692913651602,-20.793307086348392,FALSE
2632,19.099999999999994,8.98526623705117,-10.114733762948825,FALSE
2633,20.699999999999996,8.941496549981808,-11.758503450018187,FALSE
2634,26.999999999999996,8.877211539357011,-18.122788460642987,FALSE
2635,37.199999999999996,8.793428047827359,-28.406571952172637,FALSE
2636,41.89999999999999,8.690509385966397,-33.2094906140336,FALSE
2637,26.19999999999999,8.568421187442485,-17.631578812557503,FALSE
2638,25.299999999999997,8.426994224473384,-16.873005775526615,FALSE
2639,25.3,8.26615575494336,-17.033844245056642,FALSE
2640,39.09999999999999,8.086132634126972,-31.013867365873015,FALSE
2641,41.8,7.887633614349478,-33.91236638565052,FALSE
2642,31.299999999999997,7.671996909174465,-23.628003090825533,FALSE
2643,31.999999999999996,7.441269151971116,-24.55873084802888,FALSE
2644,35.8,7.198182346636824,-28.601817653363174,FALSE
2645,31.599999999999998,6.946017148060181,-24.653982851939816,FALSE
2646,31.99999999999999,6.688371526892219,-25.31162847310777,FALSE
2647,38.399999999999984,6.466996556400812,-31.933003443599173,FALSE
2648,23.39999999999999,6.322245178794649,-17.077754821205342,FALSE
2678,16.8,3.6383700552892195,-13.161629944710782,FALSE
2679,12.299999999999999,3.8170161995289087,-8.48298380047109,FALSE
2680,7.499999999999999,3.990526266126221,-3.509473733873778,FALSE
2681,2.4999999999999996,4.176480737753981,1.6764807377539817,FALSE
2682,0.8999999999999999,4.3758995440107595,3.4758995440107596,FALSE
2683,1.5000000000000002,4.5898955243720625,3.0898955243720625,FALSE
2684,8.499999999999998,4.8196911890669965,-3.6803088109330018,FALSE
2685,3.5000000000000004,5.066582124580189,1.5665821245801888,FALSE
2686,7.299999999999999,5.331765631006408,-1.968234368993591,FALSE
2687,6.599999999999999,5.615961095729284,-0.9840389042707152,FALSE
2688,5.999999999999999,5.918818837391936,-0.08118116260806296,FALSE
2689,7.2,6.238234538581531,-0.9617654614184694,FALSE
2691,1.4,6.906724231219917,5.506724231219916,FALSE
2692,4.699999999999999,7.234011105894837,2.5340111058948374,FALSE
2693,9.299999999999999,7.560084177904367,-1.7399158220956323,FALSE
2694,-2.2,7.856107712165659,10.056107712165659,TRUE
2695,11.599999999999996,8.118582496070978,-3.481417503929018,FALSE
2696,9.399999999999999,8.34027843787432,-1.059721562125679,FALSE
2697,14.099999999999998,8.518304427778634,-5.5816955722213635,FALSE
2698,16.9,8.65455155929409,-8.245448440705909,FALSE
2699,19.199999999999992,8.753814579335335,-10.446185420664657,FALSE
2700,26.699999999999996,8.82128276334919,-17.878717236650807,FALSE
2701,31.199999999999992,8.861278818651254,-22.33872118134874,FALSE
2702,34.49999999999999,8.87719797970233,-25.622802020297662,FALSE
2703,29.4,8.871686474022367,-20.52831352597763,FALSE
2704,19.700000000000003,8.846582504094254,-10.853417495905749,FALSE
2705,19.2,8.802771224862417,-10.397228775137583,FALSE
2706,27.4,8.740224940807819,-18.659775059192178,FALSE
2707,26.899999999999995,8.658277431060839,-18.241722568939156,FALSE
2708,32.99999999999999,8.556002398035814,-24.443997601964178,FALSE
2709,36.39999999999999,8.432562509347047,-27.967437490652944,FALSE
2710,21.89999999999999,8.287476733926807,-13.612523266073184,FALSE
2711,15.799999999999999,8.120815928321468,-7.679184071678531,FALSE
2712,41.2,7.933347123395603,-33.2666528766044,FALSE
2713,28.099999999999998,7.726625154812558,-20.373374845187442,FALSE
2714,18.399999999999995,7.503009465517611,-10.896990534482384,FALSE
2715,39.39999999999999,7.265583698632537,-32.13441630136745,FALSE
2716,36.49999999999999,7.0179744828206765,-29.482025517179316,FALSE
2717,36.5,6.764091120523814,-29.735908879476185,FALSE
2718,38.99999999999999,6.507828752130198,-32.49217124786979,FALSE
2719,33.199999999999996,6.332977909709425,-26.867022090290572,FALSE
2750,15.999999999999995,3.833503788848309,-12.166496211151685,FALSE
2751,10.099999999999998,4.0015412768515635,-6.098458723148434,FALSE
2752,7.699999999999998,4.166567094297922,-3.5334329057020764,FALSE
2753,11.7,4.381529901705222,-7.318470098294777,FALSE
2755,6.199999999999999,4.799420244483791,-1.4005797555162083,FALSE
2756,1.7999999999999998,5.027669783231744,3.227669783231744,FALSE
2757,15.399999999999999,5.3026873867824715,-10.097312613217527,FALSE
2758,23.099999999999998,5.644768120875464,-17.455231879124533,FALSE
2759,0.3999999999999999,5.933986997823562,5.533986997823563,FALSE
2765,20.699999999999996,7.728046470474851,-12.971953529525145,FALSE
2766,18.800000000000004,7.937713316931944,-10.86228668306806,FALSE
2767,12.4,8.139104908460883,-4.260895091539117,FALSE
2768,18.899999999999995,8.304384822277358,-10.595615177722637,FALSE
2769,34.5,8.434783770547618,-26.065216229452382,FALSE
2770,10.5,8.534289466644466,-1.9657105333555336,FALSE
2771,6.999999999999998,8.607502265255627,1.6075022652556292,FALSE
2773,23.099999999999998,8.688648657797254,-14.411351342202744,FALSE
2774,27.299999999999994,8.700837374317372,-18.599162625682624,FALSE
2775,32.3,8.695579428896833,-23.604420571103162,FALSE
2776,34.39999999999999,8.672867285819821,-25.727132714180172,FALSE
2777,24.499999999999993,8.631810455741068,-15.868189544258925,FALSE
2778,29.199999999999996,8.570943567024978,-20.62905643297502,FALSE
2779,14.999999999999998,8.488672747228211,-6.511327252771787,FALSE
2780,24.1,8.383684754824648,-15.716315245175354,FALSE
2781,21.89999999999999,8.255239980429064,-13.644760019570928,FALSE
2782,29.9,8.10335607573735,-21.796643924262646,FALSE
2783,22.4,7.928911732327764,-14.471088267672235,FALSE
2784,19.699999999999996,7.733682081761278,-11.966317918238719,FALSE
2785,32.3,7.520296019207973,-24.779703980792025,FALSE
2786,33.8,7.29210295946084,-26.507897040539156,FALSE
2787,28.39999999999999,7.052951740954527,-21.347048259045465,FALSE
2788,33.79999999999998,6.806906540200221,-26.993093459799763,FALSE
2789,40.89999999999999,6.5579432416064725,-34.34205675839352,FALSE
2790,42.999999999999986,6.361008289077732,-36.638991710922255,FALSE
2791,30.9,6.2251591746128465,-24.67484082538715,FALSE
2826,6.499999999999998,4.909406538442606,-1.5905934615573925,FALSE
2827,3.4,4.970939484301637,1.5709394843016367,FALSE
2838,14.5,7.888544101881191,-6.611455898118809,FALSE
2839,6.900000000000006,8.039955211710465,1.1399552117104594,FALSE
2840,10.5,8.164222857834632,-2.3357771421653677,FALSE
2841,19.099999999999994,8.26439487440132,-10.835605125598674,FALSE
2842,15.599999999999996,8.344242449940637,-7.255757550059359,FALSE
2843,11.899999999999995,8.40649949706355,-3.4935005029364454,FALSE
2844,22.7,8.452406806794087,-14.247593193205912,FALSE
2845,24.199999999999996,8.48222289899525,-15.717777101004746,FALSE
2846,20.9,8.495653521296598,-12.4043464787034,FALSE
2847,18.5,8.491880063098668,-10.008119936901332,FALSE
2848,18.3,8.469515721355535,-9.830484278644466,FALSE
2849,10.799999999999997,8.426784373756057,-2.3732156262439403,FALSE
2850,32.3,8.361895177475137,-23.93810482252486,FALSE
2851,23.2,8.273431215454144,-14.926568784545855,FALSE
2852,21.799999999999997,8.160632266674869,-13.639367733325129,FALSE
2853,30.799999999999997,8.023558625232482,-22.776441374767515,FALSE
2854,17.8,7.863167597679032,-9.936832402320968,FALSE
2855,26.799999999999997,7.681322166140827,-19.11867783385917,FALSE
2856,19.599999999999994,7.480726412131086,-12.119273587868907,FALSE
2857,12.199999999999998,7.264775002199607,-4.935224997800391,FALSE
2858,36.7,7.0373189789739925,-29.66268102102601,FALSE
2859,25.7,6.802375219844696,-18.897624780155304,FALSE
2860,21.199999999999996,6.563826805937972,-14.636173194062025,FALSE
2861,32.49999999999999,6.3392869889880314,-26.16071301101196,FALSE
2862,24.099999999999994,6.234692613466225,-17.865307386533768,FALSE
2909,0.39999999999999974,7.621254710688458,7.221254710688458,FALSE
2910,13.299999999999997,7.7351778317510975,-5.5648221682489,FALSE
2911,32.1,7.8534788800241175,-24.246521119975885,FALSE
2912,5.599999999999999,7.953610469919874,2.353610469919875,FALSE
2913,22.999999999999993,8.038451214795996,-14.961548785203997,FALSE
2914,20.499999999999996,8.110025337843247,-12.38997466215675,FALSE
2915,5.6,8.168480324580782,2.568480324580783,FALSE
2916,26.49999999999999,8.212552504191777,-18.287447495808212,FALSE
2917,20.9,8.240534036906128,-12.65946596309387,FALSE
2918,39.99999999999999,8.250791079085626,-31.749208920914366,FALSE
2919,21.699999999999992,8.241786074355119,-13.458213925644873,FALSE
2920,22.899999999999995,8.212009615707883,-14.687990384292112,FALSE
2921,15.499999999999996,8.160067366965148,-7.339932633034849,FALSE
2922,16.399999999999995,8.084883321261136,-8.315116678738859,FALSE
2923,17.999999999999996,7.985899184007761,-10.014100815992236,FALSE
2924,21.4,7.863217768041289,-13.53678223195871,FALSE
2925,25.39999999999999,7.717696914310193,-17.6823030856898,FALSE
2926,23.99999999999999,7.550998650188019,-16.449001349811972,FALSE
2927,21.099999999999994,7.36557285345631,-13.734427146543684,FALSE
2928,10.8,7.1645475327327475,-3.6354524672672532,FALSE
2929,21.399999999999995,6.95151998995143,-14.448480010048565,FALSE
2930,39.89999999999998,6.730278526058499,-33.16972147394148,FALSE
2931,32.69999999999999,6.50450940508185,-26.195490594918137,FALSE
2932,34.2,6.277545647875189,-27.922454352124813,FALSE
2933,35.59999999999999,6.13331226019151,-29.466687739808478,FALSE
2981,19.199999999999992,7.372552407558275,-11.827447592441718,FALSE
2982,14.299999999999997,7.5044210254127135,-6.795578974587284,FALSE
2983,24.69999999999999,7.602843301975392,-17.097156698024598,FALSE
2984,2.899999999999999,7.688821224299155,4.788821224299156,FALSE
2985,4,7.764005210150153,3.7640052101501533,FALSE
2986,26.4,7.828375924285845,-18.571624075714155,FALSE
2987,0.49999999999999994,7.880038489787749,7.380038489787749,FALSE
2988,13.999999999999998,7.916277721367554,-6.083722278632444,FALSE
2989,21.999999999999996,7.934676934865058,-14.065323065134939,FALSE
2990,16.200000000000003,7.933574796832042,-8.26642520316796,FALSE
2991,21.599999999999998,7.911951286916979,-13.688048713083019,FALSE
2992,17.6,7.86915796493456,-9.730842035065441,FALSE
2993,11.099999999999998,7.804761085180252,-3.2952389148197456,FALSE
2994,26.799999999999994,7.718537063823182,-19.081462936176813,FALSE
2995,27.799999999999994,7.610570781685772,-20.18942921831422,FALSE
2996,26.89999999999999,7.4814083492282695,-19.418591650771724,FALSE
2997,25.599999999999994,7.332213700796159,-18.267786299203834,FALSE
2998,24.1,7.164865174496671,-16.93513482550333,FALSE
2999,29.499999999999996,6.981936206191158,-22.51806379380884,FALSE
3000,21.900000000000002,6.786543539375017,-15.113456460624985,FALSE
3001,19.9,6.582096150211483,-13.317903849788514,FALSE
3002,28.999999999999996,6.3720095303502955,-22.627990469649703,FALSE
3003,25.199999999999996,6.159450097475432,-19.040549902524564,FALSE
3004,26.099999999999998,5.967560133743153,-20.132439866256846,FALSE
3005,33.09999999999998,5.8400891535410695,-27.25991084645891,FALSE
3052,35.19999999999999,7.026222535979251,-28.173777464020738,FALSE
3053,25.6,7.118763439843902,-18.4812365601561,FALSE
3054,23.2,7.213696794626653,-15.986303205373346,FALSE
3055,18.8,7.296762715043572,-11.503237284956429,FALSE
3056,27.599999999999994,7.36927944143123,-20.230720558568763,FALSE
3057,8.999999999999998,7.431918606677823,-1.568081393322175,FALSE
3058,19.4,7.483571870773788,-11.916428129226212,FALSE
3059,4.8,7.521716060564602,2.721716060564602,FALSE
3060,26.799999999999997,7.543620582244018,-19.25637941775598,FALSE
3061,19.7,7.54732675769948,-12.15267324230052,FALSE
3062,19.299999999999997,7.531914964172347,-11.76808503582765,FALSE
3063,4.2,7.4972094971282655,3.2972094971282653,FALSE
3064,10.8,7.4433281177737465,-3.3566718822262542,FALSE
3065,20.099999999999998,7.370386124036946,-12.729613875963052,FALSE
3066,24.599999999999994,7.278454943193917,-17.321545056806077,FALSE
3067,19,7.167727004543633,-11.832272995456368,FALSE
3068,25.599999999999994,7.038771821739773,-18.561228178260222,FALSE
3069,27.199999999999996,6.892756509195767,-20.30724349080423,FALSE
3070,28.5,6.731536196527896,-21.768463803472102,FALSE
3071,20.800000000000004,6.557582218495024,-14.24241778150498,FALSE
3072,15.299999999999997,6.3737800807191585,-8.92621991928084,FALSE
3073,22.399999999999995,6.183166620634373,-16.21683337936562,FALSE
3074,30.2,5.988676699458534,-24.211323300541466,FALSE
3075,46.79999999999998,5.818011432282236,-40.98198856771775,FALSE
3076,39.199999999999996,5.727413628831684,-33.47258637116831,FALSE
3078,11.299999999999997,5.126646787829703,-6.173353212170294,FALSE
3079,27.3,5.063524803408106,-22.236475196591893,FALSE
3124,11.099999999999996,6.80478063367513,-4.295219366324866,FALSE
3125,18.9,6.896945151809005,-12.003054848190994,FALSE
3126,1.8,6.880253215231282,5.0802532152312825,FALSE
3127,4.599999999999999,6.943983436283008,2.3439834362830094,FALSE
3128,5.099999999999999,6.999681640851103,1.899681640851104,FALSE
3129,10.4,7.045771301271592,-3.3542286987284085,FALSE
3130,10.599999999999998,7.0811779360718745,-3.5188220639281234,FALSE
3131,18,7.103772920206827,-10.896227079793173,FALSE
3133,3.9999999999999996,7.10282816273544,3.1028281627354404,FALSE
3134,34.8,7.077451262168068,-27.72254873783193,FALSE
3135,1.5999999999999996,7.03540457879219,5.43540457879219,FALSE
3136,12.399999999999997,6.97692677388035,-5.423073226119647,FALSE
3137,23.8,6.902153373131334,-16.897846626868667,FALSE
3138,29.599999999999994,6.811135190203377,-22.788864809796618,FALSE
3139,21.099999999999994,6.704054206080959,-14.395945793919037,FALSE
3140,11.599999999999996,6.5814880079040865,-5.01851199209591,FALSE
3141,22.699999999999996,6.44458798088891,-16.255412019111084,FALSE
3142,35.49999999999999,6.295105235622856,-29.204894764377137,FALSE
3143,27.599999999999994,6.135273474285436,-21.46472652571456,FALSE
3144,23.899999999999995,5.967605362285627,-17.932394637714367,FALSE
3145,31.299999999999994,5.794668703708757,-25.50533129629124,FALSE
3146,33.09999999999999,5.648477587723822,-27.451522412276166,FALSE
3147,11.600000000000001,5.598262552420799,-6.0017374475792025,FALSE
3150,20.39999999999999,4.9146890133314525,-15.485310986668539,FALSE
3151,8.499999999999998,4.823695622086064,-3.676304377913934,FALSE
3199,0.39999999999999974,6.563772703206387,6.163772703206387,FALSE
3200,15.6,6.602030256632431,-8.99796974336757,FALSE
3202,1.6000000000000005,6.655024731561437,5.055024731561437,FALSE
3203,18.999999999999996,6.670640318555294,-12.329359681444704,FALSE
3204,5.8,6.701458186060486,0.901458186060486,FALSE
3205,24.400000000000002,6.748302242336005,-17.651697757663996,FALSE
3206,22.399999999999995,6.661138012617511,-15.738861987382485,FALSE
3207,16.3,6.575659705023142,-9.724340294976859,FALSE
3208,36.89999999999999,6.5178235202051935,-30.382176479794797,FALSE
3209,22.199999999999996,6.44590946733056,-15.754090532669435,FALSE
3210,24.1,6.360102972432761,-17.73989702756724,FALSE
3211,18.399999999999995,6.260736758241178,-12.139263241758817,FALSE
3212,14.999999999999995,6.148465029739461,-8.851534970260534,FALSE
3213,36.39999999999999,6.0243756223833795,-30.37562437761661,FALSE
3214,39.199999999999996,5.894780820923278,-33.305219179076715,FALSE
3215,38.89999999999999,5.749925391405503,-33.15007460859449,FALSE
3216,33.099999999999994,5.613419985510419,-27.486580014489576,FALSE
3217,32.79999999999999,5.500806152732482,-27.29919384726751,FALSE
3218,23.699999999999996,5.459140090613555,-18.24085990938644,FALSE
3221,17.399999999999995,4.781297662683302,-12.618702337316693,FALSE
3222,12.499999999999996,4.67370034160142,-7.826299658398576,FALSE
3270,6,6.1921119749624856,0.19211197496248555,FALSE
3271,16.7,6.191380053713167,-10.508619946286831,FALSE
3272,24.3,6.205156759879714,-18.094843240120287,FALSE
3273,8.9,6.3089216175481235,-2.591078382451877,FALSE
3275,0.5999999999999998,6.41185613255728,5.81185613255728,FALSE
3278,30.099999999999998,6.198423083133647,-23.90157691686635,FALSE
3279,34.599999999999994,6.148235069419712,-28.451764930580282,FALSE
3280,33.99999999999999,6.092124940013243,-27.90787505998675,FALSE
3281,18.299999999999997,6.025144913091583,-12.274855086908413,FALSE
3282,16.9,5.94662838980398,-10.953371610196019,FALSE
3283,19.9,5.8570274490096335,-14.042972550990365,FALSE
3284,15.199999999999998,5.756984370580516,-9.443015629419481,FALSE
3285,33.499999999999986,5.659059944709181,-27.840940055290805,FALSE
3286,31.899999999999995,5.5904559531875755,-26.30954404681242,FALSE
3287,41.8,5.518630208853868,-36.281369791146126,FALSE
3293,6.6,4.611651290864707,-1.988348709135293,FALSE
3294,12.2,4.50390190150247,-7.696098098497529,FALSE
3295,5.699999999999998,4.330228909170173,-1.3697710908298255,FALSE
3343,6.8999999999999995,5.918165127520867,-0.9818348724791326,FALSE
3344,17.4,5.904730672015608,-11.49526932798439,FALSE
3345,15.7,5.865860023934588,-9.834139976065412,FALSE
3351,3.8,5.88743788207201,2.0874378820720105,FALSE
3352,24.2,5.8254910196766145,-18.374508980323384,FALSE
3353,38.99999999999999,5.736737647037258,-33.263262352962734,FALSE
3354,34.6,5.5852455830566266,-29.014754416943376,FALSE
3355,24.2,5.557811416125487,-18.642188583874514,FALSE
3356,30.199999999999992,5.523050962229318,-24.676949037770676,FALSE
3357,10.199999999999998,5.445083485974066,-4.754916514025932,FALSE
3426,32.29999999999999,5.245132317965213,-27.054867682034775,FALSE
3427,13.399999999999997,5.250370537386756,-8.149629462613241,FALSE
3497,27.39999999999999,4.905595111634117,-22.494404888365874,FALSE
3498,28.599999999999994,4.897656323285367,-23.702343676714626,FALSE
3499,25.499999999999996,4.868447647013409,-20.63155235298659,FALSE
3568,20.399999999999995,4.7514451985519015,-15.648554801448093,FALSE
3569,31.299999999999997,4.708426667783374,-26.591573332216623,FALSE
3570,30.299999999999997,4.6707102858779,-25.6292897141221,FALSE
3571,13.800000000000002,4.6980833627919365,-9.101916637208067,FALSE
3641,27.9,4.536195294503634,-23.363804705496364,FALSE
3642,27,4.512368725810206,-22.487631274189795,FALSE
