variable,importance,draw,group
delta_t_mean,0.012003875953912254,397,climate_change
delta_t_extreme,0.030553988808922027,397,climate_change
delta_forest,0.010083580766723202,397,landuse_change
delta_impervious,0.023000782734223537,397,landuse_change
delta_natural,0.009233249553442716,397,landuse_change
delta_hfi,0.011275487906958063,397,human_change
bio11,0.046045970273035274,397,baseline
elev_mean,0.02182178597670721,397,baseline
centroid_lon,0.09221444519062791,397,baseline
centroid_lat,0.0319555125132782,397,baseline
delta_t_mean,0.011693650854797259,279,climate_change
delta_t_extreme,0.028399870089411885,279,climate_change
delta_forest,0.006859657726722114,279,landuse_change
delta_impervious,0.021446206975091035,279,landuse_change
delta_natural,0.010455299545919979,279,landuse_change
delta_hfi,0.011320596600939967,279,human_change
bio11,0.024412225716508452,279,baseline
elev_mean,0.023699504950920186,279,baseline
centroid_lon,0.1003185662292425,279,baseline
centroid_lat,0.01946251303187907,279,baseline
delta_t_mean,0.015246282851129948,187,climate_change
delta_t_extreme,0.03543951187571399,187,climate_change
delta_forest,0.010841891980512094,187,landuse_change
delta_impervious,0.026884995358828875,187,landuse_change
delta_natural,0.011917980839083825,187,landuse_change
delta_hfi,0.012471281157197008,187,human_change
bio11,0.024326985668825643,187,baseline
elev_mean,0.031853523174445786,187,baseline
centroid_lon,0.15483747217093718,187,baseline
centroid_lat,0.032334819876156176,187,baseline
delta_t_mean,0.013179372311372898,266,climate_change
delta_t_extreme,0.031481973448144365,266,climate_change
delta_forest,0.009664816693726826,266,landuse_change
delta_impervious,0.024049073008533036,266,landuse_change
delta_natural,0.013367468876617338,266,landuse_change
delta_hfi,0.011738067928559416,266,human_change
bio11,0.01959882937886769,266,baseline
elev_mean,0.024562816082745954,266,baseline
centroid_lon,0.10327228622612378,266,baseline
centroid_lat,0.02065130145472142,266,baseline
delta_t_mean,0.012864891391266547,369,climate_change
delta_t_extreme,0.02724923756309633,369,climate_change
delta_forest,0.008154405000918383,369,landuse_change
delta_impervious,0.025593583134731878,369,landuse_change
delta_natural,0.012093338219109556,369,landuse_change
delta_hfi,0.011189487193536785,369,human_change
bio11,0.026425890445918428,369,baseline
elev_mean,0.030169390744525997,369,baseline
centroid_lon,0.07069062407109795,369,baseline
centroid_lat,0.02049382750371048,369,baseline
delta_t_mean,0.016219036793529876,388,climate_change
delta_t_extreme,0.03200495646503249,388,climate_change
delta_forest,0.014012117263059143,388,landuse_change
delta_impervious,0.02585932657251113,388,landuse_change
delta_natural,0.010118415276384319,388,landuse_change
delta_hfi,0.011674313437301997,388,human_change
bio11,0.05092748513224537,388,baseline
elev_mean,0.020252930084738056,388,baseline
centroid_lon,0.13901060040648128,388,baseline
centroid_lat,0.028734172151650143,388,baseline
delta_t_mean,0.01711806742326135,27,climate_change
delta_t_extreme,0.03660787479161389,27,climate_change
delta_forest,0.010110474593494668,27,landuse_change
delta_impervious,0.026232803078901447,27,landuse_change
delta_natural,0.013725178331064895,27,landuse_change
delta_hfi,0.012147888846287307,27,human_change
bio11,0.03759805768393885,27,baseline
elev_mean,0.0324498865671509,27,baseline
centroid_lon,0.11473117632504252,27,baseline
centroid_lat,0.03240582448094172,27,baseline
delta_t_mean,0.016050636200442905,379,climate_change
delta_t_extreme,0.03268481013083051,379,climate_change
delta_forest,0.00847715528568619,379,landuse_change
delta_impervious,0.022255635341332736,379,landuse_change
delta_natural,0.011532754401013225,379,landuse_change
delta_hfi,0.00994527843295474,379,human_change
bio11,0.029139349652967973,379,baseline
elev_mean,0.021719301737234593,379,baseline
centroid_lon,0.13319360239057476,379,baseline
centroid_lat,0.02509300964278021,379,baseline
delta_t_mean,0.018098627238004438,373,climate_change
delta_t_extreme,0.03862802787236944,373,climate_change
delta_forest,0.010098612242403042,373,landuse_change
delta_impervious,0.02478978774548203,373,landuse_change
delta_natural,0.01191993566775083,373,landuse_change
delta_hfi,0.013469469065691783,373,human_change
bio11,0.03991064564261172,373,baseline
elev_mean,0.02855136252156867,373,baseline
centroid_lon,0.13955224048513737,373,baseline
centroid_lat,0.02920858346985446,373,baseline
delta_t_mean,0.014586575606532048,59,climate_change
delta_t_extreme,0.03364297084172527,59,climate_change
delta_forest,0.0094441150592143,59,landuse_change
delta_impervious,0.024388703951511808,59,landuse_change
delta_natural,0.012305041550438723,59,landuse_change
delta_hfi,0.010724939321773725,59,human_change
bio11,0.044515518063023965,59,baseline
elev_mean,0.02018958571811524,59,baseline
centroid_lon,0.1288472063869798,59,baseline
centroid_lat,0.027151941073649093,59,baseline
delta_t_mean,0.015793851284726188,159,climate_change
delta_t_extreme,0.026362798255959375,159,climate_change
delta_forest,0.013106886041865233,159,landuse_change
delta_impervious,0.027216045155870772,159,landuse_change
delta_natural,0.011097277804966226,159,landuse_change
delta_hfi,0.012030641528301671,159,human_change
bio11,0.024168003489579596,159,baseline
elev_mean,0.030794146057734638,159,baseline
centroid_lon,0.1293415718316781,159,baseline
centroid_lat,0.033287262294465825,159,baseline
delta_t_mean,0.01125156443818173,142,climate_change
delta_t_extreme,0.02668302376978584,142,climate_change
delta_forest,0.007597799982817088,142,landuse_change
delta_impervious,0.018138145141210784,142,landuse_change
delta_natural,0.009494897739178146,142,landuse_change
delta_hfi,0.00922912036597506,142,human_change
bio11,0.02449949747916484,142,baseline
elev_mean,0.03183886477687403,142,baseline
centroid_lon,0.0876449307415652,142,baseline
centroid_lat,0.01871773233741565,142,baseline
delta_t_mean,0.012925619285299731,37,climate_change
delta_t_extreme,0.028013731230689533,37,climate_change
delta_forest,0.008525603097183438,37,landuse_change
delta_impervious,0.019014305160935913,37,landuse_change
delta_natural,0.00982332580109362,37,landuse_change
delta_hfi,0.010439302816149161,37,human_change
bio11,0.020944729481667125,37,baseline
elev_mean,0.018336920366988366,37,baseline
centroid_lon,0.09985412653804251,37,baseline
centroid_lat,0.021617370482463257,37,baseline
delta_t_mean,0.012758055322315517,288,climate_change
delta_t_extreme,0.02645524159124156,288,climate_change
delta_forest,0.01051047644004278,288,landuse_change
delta_impervious,0.021463825793264987,288,landuse_change
delta_natural,0.010433021646858734,288,landuse_change
delta_hfi,0.01178239781445003,288,human_change
bio11,0.019545275836573443,288,baseline
elev_mean,0.02506120307090531,288,baseline
centroid_lon,0.09773848613458441,288,baseline
centroid_lat,0.020454615203791503,288,baseline
delta_t_mean,0.011834414021464144,63,climate_change
delta_t_extreme,0.02441380751280426,63,climate_change
delta_forest,0.00840991266401629,63,landuse_change
delta_impervious,0.0227281124509861,63,landuse_change
delta_natural,0.010414629823277026,63,landuse_change
delta_hfi,0.010194174462389717,63,human_change
bio11,0.044963033650202794,63,baseline
elev_mean,0.03333429415157887,63,baseline
centroid_lon,0.09259865865481298,63,baseline
centroid_lat,0.01938327580561505,63,baseline
delta_t_mean,0.011277192515075498,285,climate_change
delta_t_extreme,0.023572113312324682,285,climate_change
delta_forest,0.01489204164435397,285,landuse_change
delta_impervious,0.02458382828340243,285,landuse_change
delta_natural,0.013348351822287271,285,landuse_change
delta_hfi,0.009839706273540486,285,human_change
bio11,0.01788347272400543,285,baseline
elev_mean,0.022379241265665605,285,baseline
centroid_lon,0.08284021744454385,285,baseline
centroid_lat,0.019915973767420873,285,baseline
delta_t_mean,0.01642929512281793,289,climate_change
delta_t_extreme,0.036490306917536415,289,climate_change
delta_forest,0.009651980233289724,289,landuse_change
delta_impervious,0.021115367819176743,289,landuse_change
delta_natural,0.013283999915539576,289,landuse_change
delta_hfi,0.011857554942185086,289,human_change
bio11,0.029085206544641043,289,baseline
elev_mean,0.01687552534167595,289,baseline
centroid_lon,0.14362143171843958,289,baseline
centroid_lat,0.022240885511867765,289,baseline
delta_t_mean,0.010217160677306589,252,climate_change
delta_t_extreme,0.01990919684010176,252,climate_change
delta_forest,0.007990900423504569,252,landuse_change
delta_impervious,0.016817057569855926,252,landuse_change
delta_natural,0.009048369839296402,252,landuse_change
delta_hfi,0.007660799580031381,252,human_change
bio11,0.03112731321983749,252,baseline
elev_mean,0.03135978289047366,252,baseline
centroid_lon,0.06470975124431104,252,baseline
centroid_lat,0.02091949166385696,252,baseline
delta_t_mean,0.013324844081498472,345,climate_change
delta_t_extreme,0.027267609345388712,345,climate_change
delta_forest,0.008749875251334081,345,landuse_change
delta_impervious,0.020732734187573976,345,landuse_change
delta_natural,0.009334888950942772,345,landuse_change
delta_hfi,0.009133198192856028,345,human_change
bio11,0.03194779663803917,345,baseline
elev_mean,0.022044239894469783,345,baseline
centroid_lon,0.10486047352979494,345,baseline
centroid_lat,0.019531109599184263,345,baseline
delta_t_mean,0.02115639491306491,118,climate_change
delta_t_extreme,0.042388170872381295,118,climate_change
delta_forest,0.015636373472655247,118,landuse_change
delta_impervious,0.029706810983564716,118,landuse_change
delta_natural,0.012736128141600023,118,landuse_change
delta_hfi,0.01440230397302343,118,human_change
bio11,0.040207450991351,118,baseline
elev_mean,0.029782476267467984,118,baseline
centroid_lon,0.1771778482657509,118,baseline
centroid_lat,0.038513225906767416,118,baseline
delta_t_mean,0.009438668832438305,88,climate_change
delta_t_extreme,0.019700957623527048,88,climate_change
delta_forest,0.008391919680464745,88,landuse_change
delta_impervious,0.017389100941024544,88,landuse_change
delta_natural,0.011130288564041349,88,landuse_change
delta_hfi,0.007758077225921353,88,human_change
bio11,0.031927864214942106,88,baseline
elev_mean,0.026740299402056075,88,baseline
centroid_lon,0.06037178595755465,88,baseline
centroid_lat,0.016087132041728465,88,baseline
delta_t_mean,0.014417848545359286,195,climate_change
delta_t_extreme,0.02944848955705335,195,climate_change
delta_forest,0.007500502950840511,195,landuse_change
delta_impervious,0.02019549303855589,195,landuse_change
delta_natural,0.012098433608012453,195,landuse_change
delta_hfi,0.011360664432829038,195,human_change
bio11,0.03060121147071739,195,baseline
elev_mean,0.022877476523669043,195,baseline
centroid_lon,0.1381050099445709,195,baseline
centroid_lat,0.0182158171353392,195,baseline
delta_t_mean,0.019014071914165435,174,climate_change
delta_t_extreme,0.03805342186396312,174,climate_change
delta_forest,0.01971236166805045,174,landuse_change
delta_impervious,0.038336302680952235,174,landuse_change
delta_natural,0.0218637569119186,174,landuse_change
delta_hfi,0.020735884457705668,174,human_change
bio11,0.04197118933009612,174,baseline
elev_mean,0.07789940526920067,174,baseline
centroid_lon,0.14142803598172843,174,baseline
centroid_lat,0.030417211723257228,174,baseline
delta_t_mean,0.01739541548289941,371,climate_change
delta_t_extreme,0.03793395473518453,371,climate_change
delta_forest,0.01215551419934553,371,landuse_change
delta_impervious,0.02432970164473447,371,landuse_change
delta_natural,0.012280613049322096,371,landuse_change
delta_hfi,0.011322284801815569,371,human_change
bio11,0.023642781438598996,371,baseline
elev_mean,0.03315441406993578,371,baseline
centroid_lon,0.1651972515606989,371,baseline
centroid_lat,0.02522233287555884,371,baseline
delta_t_mean,0.018759652341531215,306,climate_change
delta_t_extreme,0.0350014323994746,306,climate_change
delta_forest,0.014463486506030158,306,landuse_change
delta_impervious,0.03595970834507332,306,landuse_change
delta_natural,0.01464419279129989,306,landuse_change
delta_hfi,0.016570646353048488,306,human_change
bio11,0.03949794101683138,306,baseline
elev_mean,0.04561605962709255,306,baseline
centroid_lon,0.14453007005232354,306,baseline
centroid_lat,0.03442733947132894,306,baseline
delta_t_mean,0.008326063074937707,391,climate_change
delta_t_extreme,0.020137312428118892,391,climate_change
delta_forest,0.008183849264849847,391,landuse_change
delta_impervious,0.01658758850854393,391,landuse_change
delta_natural,0.007840371798534557,391,landuse_change
delta_hfi,0.007946489869342049,391,human_change
bio11,0.02789792998000401,391,baseline
elev_mean,0.02146636232318454,391,baseline
centroid_lon,0.0534101093578734,391,baseline
centroid_lat,0.01814459729816656,391,baseline
delta_t_mean,0.01578753671065281,317,climate_change
delta_t_extreme,0.03279169710624486,317,climate_change
delta_forest,0.01130334889589314,317,landuse_change
delta_impervious,0.022287502074944777,317,landuse_change
delta_natural,0.01100085291721317,317,landuse_change
delta_hfi,0.010777494402788555,317,human_change
bio11,0.04057498585214135,317,baseline
elev_mean,0.02503521828286476,317,baseline
centroid_lon,0.11520433084115317,317,baseline
centroid_lat,0.027248821314507083,317,baseline
delta_t_mean,0.018042116476680754,16,climate_change
delta_t_extreme,0.031763335932996496,16,climate_change
delta_forest,0.011891457129095846,16,landuse_change
delta_impervious,0.026702065851701897,16,landuse_change
delta_natural,0.012501765521797803,16,landuse_change
delta_hfi,0.012953892466460986,16,human_change
bio11,0.036490054337931656,16,baseline
elev_mean,0.024666258478812216,16,baseline
centroid_lon,0.14611368488208365,16,baseline
centroid_lat,0.031297538020573855,16,baseline
delta_t_mean,0.02101012783349355,325,climate_change
delta_t_extreme,0.03836674977946488,325,climate_change
delta_forest,0.01092310746460561,325,landuse_change
delta_impervious,0.03443222361674814,325,landuse_change
delta_natural,0.01363492647920891,325,landuse_change
delta_hfi,0.016104789325250436,325,human_change
bio11,0.045980035958798376,325,baseline
elev_mean,0.0348358774479141,325,baseline
centroid_lon,0.13198056706760025,325,baseline
centroid_lat,0.03181015004908304,325,baseline
delta_t_mean,0.012869252233372513,52,climate_change
delta_t_extreme,0.024566097912339005,52,climate_change
delta_forest,0.008982763889787738,52,landuse_change
delta_impervious,0.024575522583026903,52,landuse_change
delta_natural,0.010568206834381755,52,landuse_change
delta_hfi,0.010625687069700128,52,human_change
bio11,0.033374213369586916,52,baseline
elev_mean,0.029512102541140738,52,baseline
centroid_lon,0.09726529912814383,52,baseline
centroid_lat,0.02175140172713723,52,baseline
delta_t_mean,0.015714022265292057,186,climate_change
delta_t_extreme,0.035423228669517144,186,climate_change
delta_forest,0.01069713245971605,186,landuse_change
delta_impervious,0.02972964940702981,186,landuse_change
delta_natural,0.010765824945152725,186,landuse_change
delta_hfi,0.01452469468961912,186,human_change
bio11,0.0374820353323412,186,baseline
elev_mean,0.048977831628768634,186,baseline
centroid_lon,0.1142869737572303,186,baseline
centroid_lat,0.03274029538338964,186,baseline
delta_t_mean,0.01295339653061615,144,climate_change
delta_t_extreme,0.024001205123435197,144,climate_change
delta_forest,0.009373620247103295,144,landuse_change
delta_impervious,0.022253382955621324,144,landuse_change
delta_natural,0.010251043721796783,144,landuse_change
delta_hfi,0.01182474202462875,144,human_change
bio11,0.02741382015697965,144,baseline
elev_mean,0.022970356493620562,144,baseline
centroid_lon,0.08775419947268813,144,baseline
centroid_lat,0.017404440445100398,144,baseline
delta_t_mean,0.014951502305060952,49,climate_change
delta_t_extreme,0.029063420242640744,49,climate_change
delta_forest,0.011058907956107571,49,landuse_change
delta_impervious,0.03304036473800225,49,landuse_change
delta_natural,0.010852617607877197,49,landuse_change
delta_hfi,0.014415526797091821,49,human_change
bio11,0.02749356355136625,49,baseline
elev_mean,0.047284747257359705,49,baseline
centroid_lon,0.11923129039201305,49,baseline
centroid_lat,0.024630314861252677,49,baseline
delta_t_mean,0.01939358650722955,50,climate_change
delta_t_extreme,0.038251498636821,50,climate_change
delta_forest,0.013134982918091101,50,landuse_change
delta_impervious,0.03345825872234935,50,landuse_change
delta_natural,0.015105286260700426,50,landuse_change
delta_hfi,0.014897322125886948,50,human_change
bio11,0.0314288662854753,50,baseline
elev_mean,0.038997067541601586,50,baseline
centroid_lon,0.14923453387049845,50,baseline
centroid_lat,0.027157421494710215,50,baseline
delta_t_mean,0.012230942483908812,114,climate_change
delta_t_extreme,0.022213491084420348,114,climate_change
delta_forest,0.00841256108604245,114,landuse_change
delta_impervious,0.017642057359024473,114,landuse_change
delta_natural,0.007492126904122743,114,landuse_change
delta_hfi,0.008081702827279267,114,human_change
bio11,0.02603872364636839,114,baseline
elev_mean,0.01694554595500538,114,baseline
centroid_lon,0.1049865410100939,114,baseline
centroid_lat,0.019479435577465416,114,baseline
delta_t_mean,0.012067741363987104,185,climate_change
delta_t_extreme,0.027059934297302603,185,climate_change
delta_forest,0.007480677218008864,185,landuse_change
delta_impervious,0.02424803361088656,185,landuse_change
delta_natural,0.010716111496468343,185,landuse_change
delta_hfi,0.009625219125388124,185,human_change
bio11,0.03857966085492838,185,baseline
elev_mean,0.03142407476165362,185,baseline
centroid_lon,0.10065879666293948,185,baseline
centroid_lat,0.025510829130383255,185,baseline
delta_t_mean,0.014001911123428776,107,climate_change
delta_t_extreme,0.026238434313423393,107,climate_change
delta_forest,0.011320331170167935,107,landuse_change
delta_impervious,0.028705969685963388,107,landuse_change
delta_natural,0.010601341637031013,107,landuse_change
delta_hfi,0.01139975075290902,107,human_change
bio11,0.028498841464476864,107,baseline
elev_mean,0.018850634753261878,107,baseline
centroid_lon,0.1036021315290755,107,baseline
centroid_lat,0.025331786115551463,107,baseline
delta_t_mean,0.016426823022789538,302,climate_change
delta_t_extreme,0.03412082191181051,302,climate_change
delta_forest,0.009186879228252249,302,landuse_change
delta_impervious,0.021061995948730355,302,landuse_change
delta_natural,0.009562443266897282,302,landuse_change
delta_hfi,0.009911661387007586,302,human_change
bio11,0.03609247406423351,302,baseline
elev_mean,0.020102471925124633,302,baseline
centroid_lon,0.13716717669036949,302,baseline
centroid_lat,0.02274931113658088,302,baseline
delta_t_mean,0.014459167817493459,24,climate_change
delta_t_extreme,0.03011829977760249,24,climate_change
delta_forest,0.011822185683042637,24,landuse_change
delta_impervious,0.030539511284683022,24,landuse_change
delta_natural,0.010706429882854427,24,landuse_change
delta_hfi,0.01367789661121384,24,human_change
bio11,0.040766680023955205,24,baseline
elev_mean,0.02569835952080471,24,baseline
centroid_lon,0.14177017547818258,24,baseline
centroid_lat,0.02816751568578119,24,baseline
delta_t_mean,0.015100270883382876,276,climate_change
delta_t_extreme,0.03740698853824486,276,climate_change
delta_forest,0.01214164676988963,276,landuse_change
delta_impervious,0.02752893968652927,276,landuse_change
delta_natural,0.013472964977192777,276,landuse_change
delta_hfi,0.012275437812916287,276,human_change
bio11,0.022305134611982844,276,baseline
elev_mean,0.028955276765524143,276,baseline
centroid_lon,0.18167277622183692,276,baseline
centroid_lat,0.024041999485855038,276,baseline
delta_t_mean,0.01997482588949287,267,climate_change
delta_t_extreme,0.0467202520300823,267,climate_change
delta_forest,0.015113436759732082,267,landuse_change
delta_impervious,0.03646034003545874,267,landuse_change
delta_natural,0.01719009122143504,267,landuse_change
delta_hfi,0.01655233857411539,267,human_change
bio11,0.0389600935084041,267,baseline
elev_mean,0.05500279620869436,267,baseline
centroid_lon,0.14925552567825776,267,baseline
centroid_lat,0.04006654178810753,267,baseline
delta_t_mean,0.011404161386738053,307,climate_change
delta_t_extreme,0.03067271646241354,307,climate_change
delta_forest,0.008227395918883478,307,landuse_change
delta_impervious,0.01828667066572281,307,landuse_change
delta_natural,0.009394598432044373,307,landuse_change
delta_hfi,0.008857848954663157,307,human_change
bio11,0.03754152053335237,307,baseline
elev_mean,0.023654344252236007,307,baseline
centroid_lon,0.0934519356069358,307,baseline
centroid_lat,0.026237918169020276,307,baseline
delta_t_mean,0.011586710140735802,394,climate_change
delta_t_extreme,0.026540986431080056,394,climate_change
delta_forest,0.007947350655096453,394,landuse_change
delta_impervious,0.01773041500702142,394,landuse_change
delta_natural,0.010046203350672894,394,landuse_change
delta_hfi,0.007386942674407505,394,human_change
bio11,0.035702627962900635,394,baseline
elev_mean,0.01926119199408799,394,baseline
centroid_lon,0.10018864417405138,394,baseline
centroid_lat,0.0243671459401316,394,baseline
delta_t_mean,0.01399484745364522,396,climate_change
delta_t_extreme,0.02492199246441848,396,climate_change
delta_forest,0.009406613982588805,396,landuse_change
delta_impervious,0.0240322172502483,396,landuse_change
delta_natural,0.01056183563983684,396,landuse_change
delta_hfi,0.011088607504470318,396,human_change
bio11,0.03601255885772649,396,baseline
elev_mean,0.02547268647813536,396,baseline
centroid_lon,0.08610926233208162,396,baseline
centroid_lat,0.019612702533292083,396,baseline
delta_t_mean,0.017567767340474928,214,climate_change
delta_t_extreme,0.038056313842298135,214,climate_change
delta_forest,0.011667683698135258,214,landuse_change
delta_impervious,0.026387345884633446,214,landuse_change
delta_natural,0.012237186571140736,214,landuse_change
delta_hfi,0.013242670321650244,214,human_change
bio11,0.026911500776077284,214,baseline
elev_mean,0.03438939548362069,214,baseline
centroid_lon,0.11595114348623034,214,baseline
centroid_lat,0.027836817140248805,214,baseline
delta_t_mean,0.020118835014654182,304,climate_change
delta_t_extreme,0.037509916749317064,304,climate_change
delta_forest,0.01225418994633603,304,landuse_change
delta_impervious,0.03181639833600013,304,landuse_change
delta_natural,0.01720583017828165,304,landuse_change
delta_hfi,0.017921146075031612,304,human_change
bio11,0.027985472869173137,304,baseline
elev_mean,0.04207251595058345,304,baseline
centroid_lon,0.14245405035613704,304,baseline
centroid_lat,0.026935545708773503,304,baseline
delta_t_mean,0.008988373304201172,338,climate_change
delta_t_extreme,0.017972408683822202,338,climate_change
delta_forest,0.0083484731902373,338,landuse_change
delta_impervious,0.017398728834798604,338,landuse_change
delta_natural,0.007356960070574848,338,landuse_change
delta_hfi,0.007752220241349756,338,human_change
bio11,0.018318427792035314,338,baseline
elev_mean,0.02170298972971632,338,baseline
centroid_lon,0.07236097892778559,338,baseline
centroid_lat,0.012341381200093945,338,baseline
delta_t_mean,0.011447099474784186,81,climate_change
delta_t_extreme,0.022482623075628375,81,climate_change
delta_forest,0.007559499665977481,81,landuse_change
delta_impervious,0.01792578125424021,81,landuse_change
delta_natural,0.009205673403340012,81,landuse_change
delta_hfi,0.00821607572634525,81,human_change
bio11,0.04119567328185256,81,baseline
elev_mean,0.031031034535754037,81,baseline
centroid_lon,0.0732407830843493,81,baseline
centroid_lat,0.021749891732214154,81,baseline
delta_t_mean,0.01553798999113375,232,climate_change
delta_t_extreme,0.03699830382437293,232,climate_change
delta_forest,0.012954934632579714,232,landuse_change
delta_impervious,0.02942425817935844,232,landuse_change
delta_natural,0.013049956377833372,232,landuse_change
delta_hfi,0.011224581358564705,232,human_change
bio11,0.036174851150048655,232,baseline
elev_mean,0.02497484852486224,232,baseline
centroid_lon,0.121628054901187,232,baseline
centroid_lat,0.03358703819840725,232,baseline
delta_t_mean,0.016831558741199893,153,climate_change
delta_t_extreme,0.03343213470211103,153,climate_change
delta_forest,0.014890897059854932,153,landuse_change
delta_impervious,0.03989074966736024,153,landuse_change
delta_natural,0.014695758541898758,153,landuse_change
delta_hfi,0.01785507885917679,153,human_change
bio11,0.033335815083269625,153,baseline
elev_mean,0.07341550870580645,153,baseline
centroid_lon,0.14751937679818392,153,baseline
centroid_lat,0.03274407714433642,153,baseline
delta_t_mean,0.021727056400982284,38,climate_change
delta_t_extreme,0.04574514646008599,38,climate_change
delta_forest,0.011616183753014358,38,landuse_change
delta_impervious,0.025652944548345886,38,landuse_change
delta_natural,0.012873087520765662,38,landuse_change
delta_hfi,0.012081017561470902,38,human_change
bio11,0.05304169808780992,38,baseline
elev_mean,0.02087029261020277,38,baseline
centroid_lon,0.14829427671470036,38,baseline
centroid_lat,0.03568467160760898,38,baseline
delta_t_mean,0.01953011017967993,242,climate_change
delta_t_extreme,0.038068002731214606,242,climate_change
delta_forest,0.01405956209604143,242,landuse_change
delta_impervious,0.03318082086579364,242,landuse_change
delta_natural,0.013538671292115624,242,landuse_change
delta_hfi,0.01585441985367478,242,human_change
bio11,0.03298235221083685,242,baseline
elev_mean,0.030569159814076267,242,baseline
centroid_lon,0.1585369944719651,242,baseline
centroid_lat,0.026214715978947836,242,baseline
delta_t_mean,0.011841488098163124,260,climate_change
delta_t_extreme,0.023679717314781194,260,climate_change
delta_forest,0.006015237591397501,260,landuse_change
delta_impervious,0.011638713118684056,260,landuse_change
delta_natural,0.006577887533122567,260,landuse_change
delta_hfi,0.007014031013909045,260,human_change
bio11,0.03509020750819387,260,baseline
elev_mean,0.01572207817276667,260,baseline
centroid_lon,0.08038443236719049,260,baseline
centroid_lat,0.01755954985943937,260,baseline
delta_t_mean,0.016821465396020124,241,climate_change
delta_t_extreme,0.03459545418234351,241,climate_change
delta_forest,0.009860251955172544,241,landuse_change
delta_impervious,0.02596453594653172,241,landuse_change
delta_natural,0.010808180399824743,241,landuse_change
delta_hfi,0.012869870344914859,241,human_change
bio11,0.025797366814183816,241,baseline
elev_mean,0.035475041515027644,241,baseline
centroid_lon,0.1399445615127947,241,baseline
centroid_lat,0.029385569116646453,241,baseline
delta_t_mean,0.014930842795708488,5,climate_change
delta_t_extreme,0.02872501331481777,5,climate_change
delta_forest,0.010289459101699627,5,landuse_change
delta_impervious,0.02187077179909324,5,landuse_change
delta_natural,0.011233231867393825,5,landuse_change
delta_hfi,0.011544673984207759,5,human_change
bio11,0.029968984301808926,5,baseline
elev_mean,0.029459658242297786,5,baseline
centroid_lon,0.11129885304091923,5,baseline
centroid_lat,0.028795075647755616,5,baseline
delta_t_mean,0.014373617316134112,372,climate_change
delta_t_extreme,0.028325332047659406,372,climate_change
delta_forest,0.010502057276131415,372,landuse_change
delta_impervious,0.025518718242894613,372,landuse_change
delta_natural,0.011650541714642196,372,landuse_change
delta_hfi,0.012571535737591594,372,human_change
bio11,0.03283531800774012,372,baseline
elev_mean,0.0309255863751426,372,baseline
centroid_lon,0.09731108266966994,372,baseline
centroid_lat,0.023519010505903035,372,baseline
delta_t_mean,0.015667375988597885,336,climate_change
delta_t_extreme,0.025816511297159585,336,climate_change
delta_forest,0.009895731978749194,336,landuse_change
delta_impervious,0.027697017715121904,336,landuse_change
delta_natural,0.012430544775978089,336,landuse_change
delta_hfi,0.012043788175773756,336,human_change
bio11,0.0279776728186487,336,baseline
elev_mean,0.03180597842110394,336,baseline
centroid_lon,0.07872833070437969,336,baseline
centroid_lat,0.019789874372322467,336,baseline
delta_t_mean,0.012896740961064,41,climate_change
delta_t_extreme,0.030137923404773413,41,climate_change
delta_forest,0.009864370776376322,41,landuse_change
delta_impervious,0.020409985373980147,41,landuse_change
delta_natural,0.009460984983671077,41,landuse_change
delta_hfi,0.009202387023267939,41,human_change
bio11,0.029779898889416394,41,baseline
elev_mean,0.015766485748798124,41,baseline
centroid_lon,0.13012516097829188,41,baseline
centroid_lat,0.026713836288260743,41,baseline
delta_t_mean,0.01580270889132755,182,climate_change
delta_t_extreme,0.028894011626324927,182,climate_change
delta_forest,0.01237968494973492,182,landuse_change
delta_impervious,0.03096778102736359,182,landuse_change
delta_natural,0.01587295231991327,182,landuse_change
delta_hfi,0.015894752671481813,182,human_change
bio11,0.026342208669108014,182,baseline
elev_mean,0.04731589070407825,182,baseline
centroid_lon,0.13670042671367907,182,baseline
centroid_lat,0.02796867872765099,182,baseline
delta_t_mean,0.012654544628623053,280,climate_change
delta_t_extreme,0.0335818472491397,280,climate_change
delta_forest,0.011171659882935479,280,landuse_change
delta_impervious,0.01974800028297677,280,landuse_change
delta_natural,0.011244332980559392,280,landuse_change
delta_hfi,0.009245340202104917,280,human_change
bio11,0.030688007342819405,280,baseline
elev_mean,0.026030402059225067,280,baseline
centroid_lon,0.10557668316549197,280,baseline
centroid_lat,0.02344952086512443,280,baseline
delta_t_mean,0.01889414667130269,87,climate_change
delta_t_extreme,0.04348668045945887,87,climate_change
delta_forest,0.009549895910781593,87,landuse_change
delta_impervious,0.02457054181081537,87,landuse_change
delta_natural,0.012997826379612842,87,landuse_change
delta_hfi,0.012955821630016452,87,human_change
bio11,0.047023158761798585,87,baseline
elev_mean,0.026673231727240523,87,baseline
centroid_lon,0.14916990766902552,87,baseline
centroid_lat,0.02737825448421342,87,baseline
delta_t_mean,0.014225467537167911,104,climate_change
delta_t_extreme,0.03780711576700827,104,climate_change
delta_forest,0.007357579162693226,104,landuse_change
delta_impervious,0.014739342399260459,104,landuse_change
delta_natural,0.009905792808012844,104,landuse_change
delta_hfi,0.008589391931526094,104,human_change
bio11,0.02959347740722285,104,baseline
elev_mean,0.01392069065837062,104,baseline
centroid_lon,0.10199865593311987,104,baseline
centroid_lat,0.02277830163607434,104,baseline
delta_t_mean,0.015053204527625161,15,climate_change
delta_t_extreme,0.0340280546273426,15,climate_change
delta_forest,0.01012478376791995,15,landuse_change
delta_impervious,0.020616822283165526,15,landuse_change
delta_natural,0.013678415732783581,15,landuse_change
delta_hfi,0.011275167494691003,15,human_change
bio11,0.029767255267123142,15,baseline
elev_mean,0.02250797654229992,15,baseline
centroid_lon,0.11519819437851982,15,baseline
centroid_lat,0.024251951801805255,15,baseline
delta_t_mean,0.010556548540840148,308,climate_change
delta_t_extreme,0.025111881420385913,308,climate_change
delta_forest,0.008779121870181886,308,landuse_change
delta_impervious,0.01680088151597824,308,landuse_change
delta_natural,0.0093566462338542,308,landuse_change
delta_hfi,0.007785252221975676,308,human_change
bio11,0.02649924309114433,308,baseline
elev_mean,0.034622930310655775,308,baseline
centroid_lon,0.08747810719222626,308,baseline
centroid_lat,0.01778955968396796,308,baseline
delta_t_mean,0.014012700672548754,12,climate_change
delta_t_extreme,0.030734596786133876,12,climate_change
delta_forest,0.011043779219759582,12,landuse_change
delta_impervious,0.023471525262733224,12,landuse_change
delta_natural,0.012635255221040644,12,landuse_change
delta_hfi,0.012328761292310843,12,human_change
bio11,0.03865825506416103,12,baseline
elev_mean,0.029799076952018454,12,baseline
centroid_lon,0.11166160375196302,12,baseline
centroid_lat,0.026624263626696284,12,baseline
delta_t_mean,0.014422155404604883,230,climate_change
delta_t_extreme,0.031446481970022616,230,climate_change
delta_forest,0.008843026244101737,230,landuse_change
delta_impervious,0.02122496780688985,230,landuse_change
delta_natural,0.010904507033790327,230,landuse_change
delta_hfi,0.012063709300155465,230,human_change
bio11,0.02940997120967696,230,baseline
elev_mean,0.021439123815343786,230,baseline
centroid_lon,0.08799179687893918,230,baseline
centroid_lat,0.02256653557239517,230,baseline
delta_t_mean,0.013804018709758488,213,climate_change
delta_t_extreme,0.027747758384711076,213,climate_change
delta_forest,0.010005993030993535,213,landuse_change
delta_impervious,0.0242618135098389,213,landuse_change
delta_natural,0.012078755221195317,213,landuse_change
delta_hfi,0.011417544635200215,213,human_change
bio11,0.023095061768666488,213,baseline
elev_mean,0.03220436854031481,213,baseline
centroid_lon,0.12177183716267173,213,baseline
centroid_lat,0.023661596681856866,213,baseline
delta_t_mean,0.010177208103431153,300,climate_change
delta_t_extreme,0.02553609112332709,300,climate_change
delta_forest,0.008224099235066024,300,landuse_change
delta_impervious,0.015098080776481705,300,landuse_change
delta_natural,0.010611876555427798,300,landuse_change
delta_hfi,0.00854306371740313,300,human_change
bio11,0.028967896695783386,300,baseline
elev_mean,0.020139296242382684,300,baseline
centroid_lon,0.07413860114008666,300,baseline
centroid_lat,0.015558735541339005,300,baseline
delta_t_mean,0.014334177568198797,264,climate_change
delta_t_extreme,0.02916426003560905,264,climate_change
delta_forest,0.011948391641768218,264,landuse_change
delta_impervious,0.025175678275915842,264,landuse_change
delta_natural,0.012928321662779385,264,landuse_change
delta_hfi,0.009973251770618545,264,human_change
bio11,0.02617305381060721,264,baseline
elev_mean,0.0240897296361193,264,baseline
centroid_lon,0.10847495082550337,264,baseline
centroid_lat,0.026331306728559156,264,baseline
delta_t_mean,0.01767643028015086,136,climate_change
delta_t_extreme,0.033710775414958975,136,climate_change
delta_forest,0.01090835561565959,136,landuse_change
delta_impervious,0.02648203338555279,136,landuse_change
delta_natural,0.01129074739383792,136,landuse_change
delta_hfi,0.010833048891247673,136,human_change
bio11,0.03065009977449874,136,baseline
elev_mean,0.026042046894503984,136,baseline
centroid_lon,0.1554474021177583,136,baseline
centroid_lat,0.02368525785375839,136,baseline
delta_t_mean,0.01103282594283532,23,climate_change
delta_t_extreme,0.026841763461460912,23,climate_change
delta_forest,0.0066800770812620236,23,landuse_change
delta_impervious,0.017318400777323533,23,landuse_change
delta_natural,0.009638876853781123,23,landuse_change
delta_hfi,0.011104464125145938,23,human_change
bio11,0.028686269828544775,23,baseline
elev_mean,0.027259325671816922,23,baseline
centroid_lon,0.09195652065332598,23,baseline
centroid_lat,0.0219281754209136,23,baseline
delta_t_mean,0.014209790320090964,332,climate_change
delta_t_extreme,0.028255391460735312,332,climate_change
delta_forest,0.009518471316940258,332,landuse_change
delta_impervious,0.017347989352678093,332,landuse_change
delta_natural,0.011018514361017336,332,landuse_change
delta_hfi,0.008480936392346506,332,human_change
bio11,0.03147754577139643,332,baseline
elev_mean,0.020535363794707034,332,baseline
centroid_lon,0.09747290773325543,332,baseline
centroid_lat,0.017980903831652236,332,baseline
delta_t_mean,0.009033691487746154,154,climate_change
delta_t_extreme,0.014406134517291544,154,climate_change
delta_forest,0.009504157424264793,154,landuse_change
delta_impervious,0.018941657109483458,154,landuse_change
delta_natural,0.008244132500349326,154,landuse_change
delta_hfi,0.009577274895930778,154,human_change
bio11,0.02523505522757783,154,baseline
elev_mean,0.042820114750732885,154,baseline
centroid_lon,0.06225945066277844,154,baseline
centroid_lat,0.023329490759172854,154,baseline
delta_t_mean,0.010433335038226556,269,climate_change
delta_t_extreme,0.022225725861655853,269,climate_change
delta_forest,0.00796006830896296,269,landuse_change
delta_impervious,0.01919482902309467,269,landuse_change
delta_natural,0.009623413045661838,269,landuse_change
delta_hfi,0.008392487440907726,269,human_change
bio11,0.024737681118448953,269,baseline
elev_mean,0.023705586589723698,269,baseline
centroid_lon,0.0745123276934552,269,baseline
centroid_lat,0.019490308733552637,269,baseline
delta_t_mean,0.011454492521341031,392,climate_change
delta_t_extreme,0.02375699318990296,392,climate_change
delta_forest,0.008004750809130426,392,landuse_change
delta_impervious,0.016928457651907664,392,landuse_change
delta_natural,0.00886878039515481,392,landuse_change
delta_hfi,0.008312630752159088,392,human_change
bio11,0.03877435360390631,392,baseline
elev_mean,0.01600563592202801,392,baseline
centroid_lon,0.08597490919130886,392,baseline
centroid_lat,0.023418677021757962,392,baseline
delta_t_mean,0.010304333402470828,231,climate_change
delta_t_extreme,0.02558471041578324,231,climate_change
delta_forest,0.007716291440538557,231,landuse_change
delta_impervious,0.016091098231936746,231,landuse_change
delta_natural,0.008922045887460258,231,landuse_change
delta_hfi,0.008186571140615325,231,human_change
bio11,0.022779599069308328,231,baseline
elev_mean,0.02087419611942955,231,baseline
centroid_lon,0.0755128402815964,231,baseline
centroid_lat,0.023904286405855346,231,baseline
delta_t_mean,0.009214260664599691,368,climate_change
delta_t_extreme,0.02161993172906766,368,climate_change
delta_forest,0.005736892496593377,368,landuse_change
delta_impervious,0.013193069963531496,368,landuse_change
delta_natural,0.007575927961569913,368,landuse_change
delta_hfi,0.005727609259406517,368,human_change
bio11,0.02876837328302952,368,baseline
elev_mean,0.013475375997315983,368,baseline
centroid_lon,0.08920438427841407,368,baseline
centroid_lat,0.016818262505782618,368,baseline
delta_t_mean,0.014897654196931476,175,climate_change
delta_t_extreme,0.03212768709514701,175,climate_change
delta_forest,0.014862977655216674,175,landuse_change
delta_impervious,0.032011711722992914,175,landuse_change
delta_natural,0.015770421607086218,175,landuse_change
delta_hfi,0.01429941887601949,175,human_change
bio11,0.031091897196824703,175,baseline
elev_mean,0.04013300457265362,175,baseline
centroid_lon,0.1192813885557345,175,baseline
centroid_lat,0.030773932114789473,175,baseline
delta_t_mean,0.010393086892401876,196,climate_change
delta_t_extreme,0.023870691243340347,196,climate_change
delta_forest,0.006803921184716701,196,landuse_change
delta_impervious,0.016373376517505495,196,landuse_change
delta_natural,0.007638180846157282,196,landuse_change
delta_hfi,0.008280668010426616,196,human_change
bio11,0.028695384432571892,196,baseline
elev_mean,0.019270831691357574,196,baseline
centroid_lon,0.095185301447533,196,baseline
centroid_lat,0.017621136515232252,196,baseline
delta_t_mean,0.01572220677203046,389,climate_change
delta_t_extreme,0.02884822043430318,389,climate_change
delta_forest,0.00979585303606344,389,landuse_change
delta_impervious,0.027819620780936163,389,landuse_change
delta_natural,0.012277780371275953,389,landuse_change
delta_hfi,0.010709453407388684,389,human_change
bio11,0.027344887867039813,389,baseline
elev_mean,0.023803766554267924,389,baseline
centroid_lon,0.12357560497057267,389,baseline
centroid_lat,0.027011963811394472,389,baseline
delta_t_mean,0.010696947034823339,315,climate_change
delta_t_extreme,0.02816214235120441,315,climate_change
delta_forest,0.007136760909685161,315,landuse_change
delta_impervious,0.019807380827840646,315,landuse_change
delta_natural,0.010481347340171357,315,landuse_change
delta_hfi,0.008658288461704779,315,human_change
bio11,0.031340426741151166,315,baseline
elev_mean,0.015382574303779893,315,baseline
centroid_lon,0.0930376467726455,315,baseline
centroid_lat,0.017299527157822125,315,baseline
delta_t_mean,0.013184190679407288,140,climate_change
delta_t_extreme,0.028577571595332564,140,climate_change
delta_forest,0.008788966349548717,140,landuse_change
delta_impervious,0.024216873045922932,140,landuse_change
delta_natural,0.014847856118600759,140,landuse_change
delta_hfi,0.010190807225037532,140,human_change
bio11,0.02862403926167543,140,baseline
elev_mean,0.02716424130637029,140,baseline
centroid_lon,0.09692953644857957,140,baseline
centroid_lat,0.017718220990429114,140,baseline
delta_t_mean,0.010724611481037042,96,climate_change
delta_t_extreme,0.0224814920724134,96,climate_change
delta_forest,0.00766699022523907,96,landuse_change
delta_impervious,0.01723678460690813,96,landuse_change
delta_natural,0.00975572385126098,96,landuse_change
delta_hfi,0.009004969303460467,96,human_change
bio11,0.03586703815969398,96,baseline
elev_mean,0.018372798717528484,96,baseline
centroid_lon,0.062113981142079625,96,baseline
centroid_lat,0.019604433979039264,96,baseline
delta_t_mean,0.017267514506421753,399,climate_change
delta_t_extreme,0.035404021465338366,399,climate_change
delta_forest,0.012817815380459105,399,landuse_change
delta_impervious,0.03317366385658232,399,landuse_change
delta_natural,0.01239156271551104,399,landuse_change
delta_hfi,0.012707275602332726,399,human_change
bio11,0.03643489683287237,399,baseline
elev_mean,0.03504743998046987,399,baseline
centroid_lon,0.13141261668294071,399,baseline
centroid_lat,0.031069832015873353,399,baseline
delta_t_mean,0.016965990507761042,295,climate_change
delta_t_extreme,0.03327404886099083,295,climate_change
delta_forest,0.011897289088769344,295,landuse_change
delta_impervious,0.02517826332221535,295,landuse_change
delta_natural,0.013523849883958992,295,landuse_change
delta_hfi,0.012383979037212889,295,human_change
bio11,0.03587039820689932,295,baseline
elev_mean,0.025685799602159737,295,baseline
centroid_lon,0.1497014289487474,295,baseline
centroid_lat,0.02320672332095446,295,baseline
delta_t_mean,0.013529337899050696,71,climate_change
delta_t_extreme,0.03238389927346331,71,climate_change
delta_forest,0.008618602856308846,71,landuse_change
delta_impervious,0.016776022485702584,71,landuse_change
delta_natural,0.01106264050183083,71,landuse_change
delta_hfi,0.00774837412125326,71,human_change
bio11,0.02706903782298609,71,baseline
elev_mean,0.01576322995326088,71,baseline
centroid_lon,0.10426789947292207,71,baseline
centroid_lat,0.020989534415315404,71,baseline
delta_t_mean,0.013383843345082696,377,climate_change
delta_t_extreme,0.023028915447295684,377,climate_change
delta_forest,0.008159019625213417,377,landuse_change
delta_impervious,0.022355200343358826,377,landuse_change
delta_natural,0.009830399206123093,377,landuse_change
delta_hfi,0.008566819300215286,377,human_change
bio11,0.028325632101619234,377,baseline
elev_mean,0.024340073054796043,377,baseline
centroid_lon,0.08161800427941215,377,baseline
centroid_lat,0.019448854257260152,377,baseline
delta_t_mean,0.012763667043216728,395,climate_change
delta_t_extreme,0.02864030412889215,395,climate_change
delta_forest,0.007724474012650052,395,landuse_change
delta_impervious,0.018362874364339022,395,landuse_change
delta_natural,0.010475052412838375,395,landuse_change
delta_hfi,0.01088117015299197,395,human_change
bio11,0.028787263713136363,395,baseline
elev_mean,0.021585854537389464,395,baseline
centroid_lon,0.09086680701792577,395,baseline
centroid_lat,0.023896493949775156,395,baseline
delta_t_mean,0.010888487043711136,228,climate_change
delta_t_extreme,0.018877033575798247,228,climate_change
delta_forest,0.009506694862267082,228,landuse_change
delta_impervious,0.019958069149683712,228,landuse_change
delta_natural,0.008570300531632836,228,landuse_change
delta_hfi,0.00818585081165291,228,human_change
bio11,0.02144981101806082,228,baseline
elev_mean,0.01459158203045139,228,baseline
centroid_lon,0.08023053108664449,228,baseline
centroid_lat,0.017186156842378068,228,baseline
delta_t_mean,0.01446736546886564,349,climate_change
delta_t_extreme,0.030474108730190422,349,climate_change
delta_forest,0.010588952715866452,349,landuse_change
delta_impervious,0.028249022365373768,349,landuse_change
delta_natural,0.013866743800378955,349,landuse_change
delta_hfi,0.012729903258747509,349,human_change
bio11,0.06065307186257325,349,baseline
elev_mean,0.032927310146123885,349,baseline
centroid_lon,0.0889124544601548,349,baseline
centroid_lat,0.03290356843861666,349,baseline
delta_t_mean,0.012561624187386083,117,climate_change
delta_t_extreme,0.023192240937266077,117,climate_change
delta_forest,0.011621420670486143,117,landuse_change
delta_impervious,0.023393424972376422,117,landuse_change
delta_natural,0.012169019189194113,117,landuse_change
delta_hfi,0.010934841096901337,117,human_change
bio11,0.030242898851126167,117,baseline
elev_mean,0.020692571323889443,117,baseline
centroid_lon,0.08351595938903078,117,baseline
centroid_lat,0.020377682732437775,117,baseline
delta_t_mean,0.0108107750185698,254,climate_change
delta_t_extreme,0.024538102566154508,254,climate_change
delta_forest,0.008276942461801499,254,landuse_change
delta_impervious,0.020272895287275914,254,landuse_change
delta_natural,0.01081541976113442,254,landuse_change
delta_hfi,0.008039972541949528,254,human_change
bio11,0.018024842368332284,254,baseline
elev_mean,0.019592478585823216,254,baseline
centroid_lon,0.1082439980383094,254,baseline
centroid_lat,0.018353976935846807,254,baseline
delta_t_mean,0.019724787608689197,340,climate_change
delta_t_extreme,0.039120062239172894,340,climate_change
delta_forest,0.016133150549630024,340,landuse_change
delta_impervious,0.03601199188698239,340,landuse_change
delta_natural,0.014218989925940843,340,landuse_change
delta_hfi,0.016000315664141382,340,human_change
bio11,0.033062857414034315,340,baseline
elev_mean,0.043309409205701345,340,baseline
centroid_lon,0.21183088187731847,340,baseline
centroid_lat,0.034571122618606356,340,baseline
delta_t_mean,0.013379289362839417,310,climate_change
delta_t_extreme,0.032536817489361526,310,climate_change
delta_forest,0.01064293552431253,310,landuse_change
delta_impervious,0.022362598936105507,310,landuse_change
delta_natural,0.013602870980055496,310,landuse_change
delta_hfi,0.012326013685733283,310,human_change
bio11,0.023902288068294978,310,baseline
elev_mean,0.021655710780314627,310,baseline
centroid_lon,0.1135342685547719,310,baseline
centroid_lat,0.026121515060266345,310,baseline
delta_t_mean,0.015504079196640552,164,climate_change
delta_t_extreme,0.030451591152681173,164,climate_change
delta_forest,0.012682570035883647,164,landuse_change
delta_impervious,0.02768711384656689,164,landuse_change
delta_natural,0.010756636667876542,164,landuse_change
delta_hfi,0.014443625063975823,164,human_change
bio11,0.03294815782270176,164,baseline
elev_mean,0.03742347785510941,164,baseline
centroid_lon,0.09940665528035184,164,baseline
centroid_lat,0.02900991643066186,164,baseline
delta_t_mean,0.014243984404677775,246,climate_change
delta_t_extreme,0.023753314212499686,246,climate_change
delta_forest,0.007215876260752447,246,landuse_change
delta_impervious,0.020809945848339083,246,landuse_change
delta_natural,0.009979201277991028,246,landuse_change
delta_hfi,0.011515516812882482,246,human_change
bio11,0.035057365042538736,246,baseline
elev_mean,0.024246451123889998,246,baseline
centroid_lon,0.08685591006810248,246,baseline
centroid_lat,0.019918624661336447,246,baseline
delta_t_mean,0.014031201134397353,74,climate_change
delta_t_extreme,0.02968149685411195,74,climate_change
delta_forest,0.010022556523624871,74,landuse_change
delta_impervious,0.024287100427714512,74,landuse_change
delta_natural,0.010591155252036159,74,landuse_change
delta_hfi,0.009982893845131145,74,human_change
bio11,0.03569578618785724,74,baseline
elev_mean,0.025936901972125056,74,baseline
centroid_lon,0.11272819133281206,74,baseline
centroid_lat,0.024967350863059613,74,baseline
delta_t_mean,0.010612723513512893,376,climate_change
delta_t_extreme,0.02807615041778105,376,climate_change
delta_forest,0.006780690684454857,376,landuse_change
delta_impervious,0.014020794625126308,376,landuse_change
delta_natural,0.00860309868900229,376,landuse_change
delta_hfi,0.008188004299504,376,human_change
bio11,0.03662525368434253,376,baseline
elev_mean,0.02647905433879413,376,baseline
centroid_lon,0.06881374472764738,376,baseline
centroid_lat,0.023193317631001797,376,baseline
delta_t_mean,0.02021708228861053,160,climate_change
delta_t_extreme,0.042469522982843816,160,climate_change
delta_forest,0.015921730958883325,160,landuse_change
delta_impervious,0.03132595591658931,160,landuse_change
delta_natural,0.017699020911721156,160,landuse_change
delta_hfi,0.014126788507551401,160,human_change
bio11,0.034156639781846375,160,baseline
elev_mean,0.05348228605775673,160,baseline
centroid_lon,0.1685003388931171,160,baseline
centroid_lat,0.031775554374339786,160,baseline
delta_t_mean,0.009466106541884766,19,climate_change
delta_t_extreme,0.02016134960065795,19,climate_change
delta_forest,0.006692741445858811,19,landuse_change
delta_impervious,0.015267959175676296,19,landuse_change
delta_natural,0.00841578372629754,19,landuse_change
delta_hfi,0.007206723983126842,19,human_change
bio11,0.02484234159911243,19,baseline
elev_mean,0.017551419150256355,19,baseline
centroid_lon,0.06762823934466743,19,baseline
centroid_lat,0.015042419039675554,19,baseline
