species,trend_class,trend_grade,trend_slope,p_positive,p_negative,mk_tau,mk_p,diet_specialization,habitat_breadth,Habitat,Habitat.Density,Migration,Trophic.Level,Primary.Lifestyle,migration_score
Passer montanus,expanding,strong_expanding,0.024902108302817118,1,0,1,0.02748633611151034,0.19999999999999996,5,Woodland,2,1,Omnivore,Terrestrial,1
Pycnonotus sinensis,expanding,strong_expanding,0.023467781998621696,1,0,1,0.02748633611151034,0.2999999999999999,5,Human Modified,2,3,Herbivore,Insessorial,3
Hirundo rustica,expanding,strong_expanding,0.028579872271692407,1,0,1,0.02748633611151034,0.6999999999999997,8,Human Modified,3,3,Carnivore,Aerial,3
Spilopelia chinensis,expanding,strong_expanding,0.04681988365137539,1,0,1,0.02748633611151034,0.6,8,Woodland,3,1,Herbivore,Terrestrial,1
Pica serica,expanding,strong_expanding,0.07172795006820762,1,0,1,0.02748633611151034,0.6,5,NA,NA,NA,NA,NA,2
Motacilla alba,expanding,expanding,0.007821986217068118,0.9525,0.0475,1,0.02748633611151034,1,8,Human Modified,3,3,Carnivore,Terrestrial,3
Turdus mandarinus,expanding,strong_expanding,0.02629555666748831,1,0,1,0.02748633611151034,0.6,5,Forest,2,1,Omnivore,Generalist,1
Egretta garzetta,expanding,strong_expanding,0.03891836926091709,1,0,1,0.02748633611151034,0.3999999999999998,8,Wetland,3,2,Carnivore,Terrestrial,2
Parus minor,stable,stable,0.013363947497524334,0.9475,0.0525,0.6,0.2206713619198468,0.6,5,NA,NA,NA,NA,NA,2
Cyanopica cyanus,expanding,strong_expanding,0.021724440284457767,1,0,1,0.02748633611151034,0.6999999999999997,5,Woodland,2,1,Omnivore,Generalist,1
Streptopelia orientalis,expanding,expanding,0.02537725867183705,0.975,0.025,0.8,0.08641073297370003,0.19999999999999993,8,Woodland,3,3,Herbivore,Terrestrial,3
Tachybaptus ruficollis,expanding,strong_expanding,0.05995892957008525,1,0,1,0.02748633611151034,0.6000000000000001,8,Wetland,3,1,Carnivore,Aquatic,1
Nycticorax nycticorax,expanding,strong_expanding,0.057502064608214096,1,0,1,0.02748633611151034,0.1333333333333333,8,Wetland,3,3,Carnivore,Terrestrial,3
Gallinula chloropus,expanding,strong_expanding,0.06713404968326424,1,0,1,0.02748633611151034,0.16,8,Wetland,3,1,Omnivore,Terrestrial,1
Sinosuthora webbiana,expanding,strong_expanding,0.027919859526823628,1,0,1,0.02748633611151034,0.6,5,Shrubland,2,1,Herbivore,Insessorial,1
Chloris sinica,expanding,expanding,0.01004275204707235,0.955,0.045,0.8,0.08641073297370003,0.6,5,Shrubland,2,1,Herbivore,Generalist,1
Cecropis daurica,stable,stable,-6.357988633352222e-5,0.4875,0.5125,0,1,0.6,8,Grassland,3,3,Carnivore,Aerial,3
Acridotheres cristatellus,expanding,strong_expanding,0.01795706111585599,0.995,0.005,0.6,0.2206713619198468,0.39999999999999986,8,Grassland,3,2,Omnivore,Generalist,2
Ardeola bacchus,expanding,expanding,0.014782619893414471,0.9675,0.0325,0.6,0.2206713619198468,0.5999999999999996,8,Wetland,3,2,Carnivore,Terrestrial,2
Copsychus saularis,expanding,strong_expanding,0.011313461540772361,0.9975,0.0025,1,0.02748633611151034,0.6,2,Woodland,1,1,Carnivore,Terrestrial,1
Ardea cinerea,expanding,strong_expanding,0.061641227908808105,1,0,1,0.02748633611151034,0.5333333333333333,8,Wetland,3,1,Carnivore,Terrestrial,1
Anas platyrhynchos,expanding,strong_expanding,0.048700433408592744,1,0,1,0.02748633611151034,0.35,8,Wetland,3,2,Herbivore,Aquatic,2
Lanius schach,expanding,strong_expanding,0.02743045629833114,1,0,1,0.02748633611151034,0.3999999999999998,5,Shrubland,2,2,Carnivore,Insessorial,2
Spodiopsar cineraceus,expanding,strong_expanding,0.062246361645840444,1,0,1,0.02748633611151034,0.6,8,Grassland,3,1,Carnivore,Terrestrial,1
Alcedo atthis,expanding,expanding,0.017104781127878815,0.9875,0.0125,0.8,0.08641073297370003,0.39999999999999997,5,Riverine,2,1,Carnivore,Insessorial,1
Anas zonorhyncha,expanding,strong_expanding,0.04128827368339198,1,0,1,0.02748633611151034,0.6,8,Wetland,3,2,Herbivore,Aquatic,2
Phasianus colchicus,expanding,strong_expanding,0.04966357686285207,1,0,1,0.02748633611151034,0.19999999999999996,5,Human Modified,2,1,Herbivore,Terrestrial,1
Zosterops simplex,expanding,expanding,0.010522813000489628,0.965,0.035,0.4,0.4624327264504763,0.6,5,Forest,2,1,Omnivore,Insessorial,1
Cuculus canorus,expanding,strong_expanding,0.036902456918044176,1,0,1,0.02748633611151034,0.8,5,Forest,2,3,Carnivore,Insessorial,3
Corvus macrorhynchos,stable,stable,0.025719691847330556,0.9375,0.0625,0.4,0.4624327264504763,0.2799999999999999,5,Woodland,2,1,Omnivore,Generalist,1
Upupa epops,expanding,strong_expanding,0.037186669342119893,1,0,1,0.02748633611151034,0.6000000000000001,8,Grassland,3,3,Carnivore,Terrestrial,3
Dendrocopos major,stable,stable,0.011871938926782968,0.8325,0.1675,0.6,0.2206713619198468,0.4666666666666666,2,Woodland,1,1,Omnivore,Insessorial,1
Spodiopsar sericeus,expanding,strong_expanding,0.03886431666359539,1,0,1,0.02748633611151034,0.6,5,Shrubland,2,2,Omnivore,Insessorial,2
Dicrurus macrocercus,stable,stable,-0.00562915857017461,0.1975,0.8025,-0.6,0.2206713619198468,0.36,5,Shrubland,2,1,Carnivore,Insessorial,1
Spizixos semitorques,expanding,strong_expanding,0.029018952097261578,1,0,1,0.02748633611151034,0,5,Shrubland,2,1,Omnivore,Insessorial,1
Phoenicurus auroreus,stable,stable,0.004728220945161741,0.7475,0.2525,0.4,0.4624327264504763,0.49999999999999983,5,Forest,2,3,Omnivore,Insessorial,3
Ardea alba,expanding,expanding,0.028735846643482735,0.985,0.015,0.8,0.08641073297370003,0.6,8,Wetland,3,2,Carnivore,Terrestrial,2
Himantopus himantopus,expanding,strong_expanding,0.07544087740969901,1,0,1,0.02748633611151034,1,8,Wetland,3,2,Carnivore,Terrestrial,2
Urocissa erythroryncha,expanding,strong_expanding,0.04492261030232061,0.995,0.005,1,0.02748633611151034,0.6,2,Forest,1,1,Carnivore,Insessorial,1
Aegithalos concinnus,expanding,expanding,0.010445570980213634,0.96,0.04,1,0.02748633611151034,0.5999999999999996,2,Forest,1,1,Carnivore,Insessorial,1
Lanius cristatus,stable,stable,0.003929090874414779,0.7225,0.2775,0.2,0.8064959405073402,0.6999999999999997,8,Shrubland,3,3,Carnivore,Insessorial,3
Fulica atra,expanding,strong_expanding,0.10823427540250338,1,0,1,0.02748633611151034,0.3199999999999999,8,Wetland,3,1,Herbivore,Generalist,1
Horornis fortipes,expanding,expanding,0.01682565972092447,0.99,0.01,0.8,0.08641073297370003,0.6,2,Forest,1,2,Carnivore,Generalist,2
Eophona migratoria,stable,stable,0.014224615442248801,0.885,0.115,0.6,0.2206713619198468,0.2999999999999999,5,Forest,2,1,Herbivore,Insessorial,1
Podiceps cristatus,expanding,strong_expanding,0.06262411686854213,1,0,1,0.02748633611151034,0.49999999999999983,8,Wetland,3,1,Carnivore,Aquatic,1
Picus canus,stable,stable,0.002619582478139875,0.585,0.415,-0.2,0.8064959405073402,0.6,2,Forest,1,1,Carnivore,Insessorial,1
Phylloscopus inornatus,expanding,strong_expanding,0.029946293109388303,1,0,1,0.02748633611151034,0.8,2,Woodland,1,3,Carnivore,Insessorial,3
Pterorhinus sannio,expanding,strong_expanding,0.03979843490414222,1,0,1,0.02748633611151034,0.6,5,NA,NA,NA,NA,NA,2
Motacilla cinerea,stable,stable,0.018954340674876835,0.9175,0.0825,0.8,0.08641073297370003,1,8,Riverine,3,2,Carnivore,Terrestrial,2
Sterna hirundo,expanding,strong_expanding,0.04677174989918046,1,0,0.8,0.08641073297370003,0.6999999999999997,8,Marine,3,3,Carnivore,Aerial,3
Falco tinnunculus,expanding,strong_expanding,0.04156445399901182,1,0,1,0.02748633611151034,0.8,8,Shrubland,3,3,Carnivore,Aerial,3
Hypsipetes leucocephalus,stable,stable,0.007587374260432648,0.88,0.12,0.6,0.2206713619198468,0.20000000000000004,2,Forest,1,3,Herbivore,Insessorial,3
Apus apus,stable,stable,0.0061180412197892765,0.79,0.21,0.6,0.2206713619198468,1,2,Human Modified,1,3,Carnivore,Aerial,3
Cuculus micropterus,expanding,expanding,0.02017712083237851,0.9875,0.0125,1,0.02748633611151034,0.6000000000000001,2,Forest,1,1,Carnivore,Insessorial,1
Phalacrocorax carbo,expanding,expanding,0.03518521860496223,0.985,0.015,0.8,0.08641073297370003,0.6999999999999997,8,Wetland,3,2,Carnivore,Aquatic,2
Phoenicurus fuliginosus,expanding,strong_expanding,0.025005519164875128,1,0,1,0.02748633611151034,0.6,8,Riverine,3,1,Carnivore,Insessorial,1
Prinia inornata,expanding,strong_expanding,0.024145358945431565,1,0,0.8,0.08641073297370003,1,5,Shrubland,2,1,Carnivore,Generalist,1
Milvus migrans,stable,stable,0.02270791020112154,0.9125,0.0875,0.6,0.2206713619198468,0.6,8,Woodland,3,3,Omnivore,Aerial,3
Bubulcus coromandus,stable,stable,4.2835498568601256e-4,0.535,0.465,0.2,0.8064959405073402,0.6,5,NA,NA,NA,NA,NA,2
Phylloscopus proregulus,expanding,expanding,0.01359926209088199,0.96,0.04,0.4,0.4624327264504763,1,2,Forest,1,3,Carnivore,Insessorial,3
Acrocephalus orientalis,expanding,strong_expanding,0.05059972826961889,1,0,1,0.02748633611151034,0.6,8,Wetland,3,3,Carnivore,Insessorial,3
Aegithalos glaucogularis,expanding,strong_expanding,0.03471180149948495,1,0,1,0.02748633611151034,0.6,5,Forest,2,1,Carnivore,Insessorial,1
Eudynamys scolopaceus,expanding,strong_expanding,0.021499097559278386,1,0,1,0.02748633611151034,0.6999999999999997,5,Woodland,2,2,Herbivore,Insessorial,2
Anthus hodgsoni,stable,stable,-0.006196478263856291,0.315,0.685,-0.2,0.8064959405073402,1,8,Grassland,3,3,Carnivore,Terrestrial,3
Pterorhinus perspicillatus,expanding,strong_expanding,0.03859995768950752,1,0,1,0.02748633611151034,0.6,5,NA,NA,NA,NA,NA,2
Charadrius dubius,expanding,strong_expanding,0.03655794493983804,0.9975,0.0025,1,0.02748633611151034,1,8,Wetland,3,3,Carnivore,Terrestrial,3
Poecile palustris,expanding,strong_expanding,0.02646984020360371,0.9975,0.0025,1,0.02748633611151034,0.6,2,Forest,1,1,Omnivore,Insessorial,1
Actitis hypoleucos,expanding,expanding,0.026546608408911723,0.97,0.03,0.4,0.4624327264504763,0.39999999999999997,8,Wetland,3,3,Carnivore,Terrestrial,3
Tadorna ferruginea,expanding,strong_expanding,0.048399600243507764,1,0,1,0.02748633611151034,0.5333333333333333,8,Wetland,3,2,Omnivore,Terrestrial,2
Passer cinnamomeus,expanding,strong_expanding,0.03357887051706167,0.995,0.005,0.6,0.2206713619198468,0.6,5,Forest,2,1,Herbivore,Terrestrial,1
Vanellus cinereus,expanding,strong_expanding,0.07735462315445146,1,0,1,0.02748633611151034,1,8,Wetland,3,3,Carnivore,Terrestrial,3
Pycnonotus xanthorrhous,expanding,strong_expanding,0.03048576316608093,1,0,1,0.02748633611151034,0.3999999999999998,5,Shrubland,2,1,Herbivore,Insessorial,1
Emberiza spodocephala,stable,stable,0.01723029082211342,0.9275,0.0725,0.8,0.08641073297370003,0.39999999999999997,5,Shrubland,2,3,Carnivore,Terrestrial,3
Ixobrychus sinensis,expanding,strong_expanding,0.03449280535132141,0.9975,0.0025,1,0.02748633611151034,0.6999999999999997,2,Wetland,1,3,Carnivore,Terrestrial,3
Oriolus chinensis,expanding,expanding,0.015653123117140635,0.9825,0.0175,0.6,0.2206713619198468,0.5333333333333333,5,Forest,2,2,Omnivore,Insessorial,2
Emberiza pusilla,stable,stable,0.016508643484511417,0.935,0.065,0.6,0.2206713619198468,0.39999999999999997,5,Forest,2,3,Herbivore,Generalist,3
Chroicocephalus ridibundus,expanding,strong_expanding,0.06061749289086341,1,0,1,0.02748633611151034,0.6,5,NA,NA,NA,NA,NA,2
Pycnonotus jocosus,expanding,strong_expanding,0.016879675407843842,1,0,1,0.02748633611151034,-7.222237291452133e-33,5,Shrubland,2,1,Herbivore,Insessorial,1
Streptopelia decaocto,expanding,strong_expanding,0.034918589366328294,1,0,1,0.02748633611151034,0.3333333333333333,8,Human Modified,3,1,Herbivore,Terrestrial,1
Pomatorhinus ruficollis,expanding,strong_expanding,0.019182688049801132,0.9975,0.0025,0.8,0.08641073297370003,0.6999999999999997,5,Forest,2,1,Carnivore,Generalist,1
Bambusicola thoracicus,expanding,strong_expanding,0.020215046440685686,0.995,0.005,0.8,0.08641073297370003,0.2999999999999999,5,Forest,2,1,Herbivore,Terrestrial,1
Pardaliparus venustulus,stable,stable,-0.003720027341801887,0.375,0.625,0,1,0.6,5,Forest,2,1,Carnivore,Insessorial,1
Ficedula albicilla,stable,stable,0.0057475027397325,0.7275,0.2725,0.2,0.8064959405073402,1,5,Woodland,2,3,Carnivore,Insessorial,3
Picoides canicapillus,expanding,strong_expanding,0.08100947335415826,1,0,1,0.02748633611151034,0.6,2,Forest,1,1,Carnivore,Insessorial,1
Hemixos castanonotus,expanding,strong_expanding,0.02088289249913169,1,0,1,0.02748633611151034,0,2,Forest,1,2,Omnivore,Insessorial,2
Tringa glareola,stable,stable,0.022365071636930668,0.8725,0.1275,0.2,0.8064959405073402,1,8,Wetland,3,3,Carnivore,Terrestrial,3
Abroscopus albogularis,expanding,strong_expanding,0.025671152215143114,1,0,1,0.02748633611151034,1,2,Forest,1,1,Carnivore,Insessorial,1
Saxicola stejnegeri,expanding,strong_expanding,0.04421700737182515,1,0,0.8,0.08641073297370003,0.6,5,NA,NA,NA,NA,NA,2
Garrulus glandarius,stable,stable,0.004713752618709537,0.635,0.365,0.6,0.2206713619198468,0.3333333333333333,2,Forest,1,2,Omnivore,Insessorial,2
Chlidonias hybrida,expanding,strong_expanding,0.07738471593835042,1,0,1,0.02748633611151034,0.09999999999999999,8,Wetland,3,3,Carnivore,Aerial,3
Corvus corone,expanding,strong_expanding,0.03871383013385347,0.9975,0.0025,1,0.02748633611151034,0.2,8,Human Modified,3,1,Carnivore,Terrestrial,1
Trochalopteron elliotii,stable,stable,-0.006104914929865838,0.235,0.765,-0.8,0.08641073297370003,0.6,2,Forest,1,1,Carnivore,Generalist,1
Parus monticolus,stable,stable,0.00944163232907883,0.925,0.075,0.8,0.08641073297370003,0.39999999999999997,2,Forest,1,1,Omnivore,Insessorial,1
Phylloscopus fuscatus,stable,stable,0.021292767773206968,0.9325,0.0675,0.4,0.4624327264504763,0.6000000000000001,2,Wetland,1,3,Carnivore,Insessorial,3
Myophonus caeruleus,expanding,strong_expanding,0.019702178983477116,0.9925,0.0075,1,0.02748633611151034,0.49999999999999983,2,Forest,1,1,Carnivore,Terrestrial,1
Pyrrhocorax pyrrhocorax,stable,stable,0.003558117570078004,0.6925,0.3075,0.4,0.4624327264504763,0.45000000000000007,8,Rock,3,2,Carnivore,Terrestrial,2
Ficedula zanthopygia,stable,stable,0.011809576924644856,0.8375,0.1625,0.8,0.08641073297370003,0.39999999999999997,2,Forest,1,3,Carnivore,Insessorial,3
Pericrocotus cantonensis,stable,stable,0.004887129166834582,0.7575,0.2425,0.4,0.4624327264504763,1,2,Forest,1,3,Carnivore,Insessorial,3
Ixos mcclellandii,expanding,strong_expanding,0.031355004116225334,1,0,1,0.02748633611151034,0.6,2,Woodland,1,1,Omnivore,Insessorial,1
Tringa nebularia,expanding,strong_expanding,0.04424816891245742,0.9975,0.0025,1,0.02748633611151034,0.6999999999999997,8,Wetland,3,3,Carnivore,Terrestrial,3
Dicrurus hottentottus,stable,stable,-0.004403065263914552,0.3125,0.6875,-0.6,0.2206713619198468,0.39999999999999986,2,Forest,1,1,Carnivore,Insessorial,1
Gracupica nigricollis,expanding,strong_expanding,0.019877537355488577,0.9975,0.0025,1,0.02748633611151034,0.6,8,Grassland,3,1,Carnivore,Insessorial,1
Tringa totanus,expanding,strong_expanding,0.04421881748883533,1,0,0.8,0.08641073297370003,0.6999999999999997,8,Wetland,3,3,Carnivore,Terrestrial,3
Hierococcyx sparverioides,expanding,expanding,0.042932995705632984,0.9625,0.0375,0.8,0.08641073297370003,0.6,2,Woodland,1,3,Carnivore,Insessorial,3
Leiothrix lutea,stable,stable,-0.003780547644770624,0.3575,0.6425,-0.2,0.8064959405073402,0.6999999999999997,2,Shrubland,1,1,Carnivore,Insessorial,1
Charadrius alexandrinus,expanding,strong_expanding,0.04681868063429454,0.9975,0.0025,0.8,0.08641073297370003,1,8,Coastal,3,2,Carnivore,Terrestrial,2
Dendrocitta formosae,expanding,strong_expanding,0.016826052682147468,0.9975,0.0025,1,0.02748633611151034,0.3,5,Forest,2,1,Omnivore,Insessorial,1
Aix galericulata,expanding,strong_expanding,0.04686703267668358,1,0,1,0.02748633611151034,0.3333333333333333,8,Forest,3,3,Herbivore,Generalist,3
Motacilla tschutschensis,expanding,strong_expanding,0.03285079948204407,0.9925,0.0075,0.6,0.2206713619198468,0.6,8,Grassland,3,3,Carnivore,Terrestrial,3
Falco amurensis,expanding,strong_expanding,0.05740096459241119,1,0,1,0.02748633611151034,0.3999999999999998,8,Grassland,3,3,Carnivore,Insessorial,3
Delichon dasypus,stable,stable,-0.009652148347089202,0.28,0.72,-0.2,0.8064959405073402,1,5,Rock,2,3,Carnivore,Aerial,3
Lonchura striata,expanding,expanding,0.010095940733350788,0.965,0.035,1,0.02748633611151034,0.8,8,Shrubland,3,1,Herbivore,Insessorial,1
Garrulax canorus,expanding,expanding,0.020159490236599346,0.9725,0.0275,1,0.02748633611151034,0.6,5,Shrubland,2,1,Carnivore,Terrestrial,1
Amaurornis phoenicurus,expanding,expanding,0.01621110060044387,0.97,0.03,1,0.02748633611151034,0.20000000000000004,5,Wetland,2,1,Carnivore,Terrestrial,1
Lanius tephronotus,stable,stable,0.0021914751247374053,0.6275,0.3725,-0.2,0.8064959405073402,0.6999999999999997,8,Grassland,3,3,Carnivore,Insessorial,3
Columba livia,contracting,strong_contracting,-0.06315437260239982,0,1,-0.8,0.08641073297370003,0.49999999999999983,8,Human Modified,3,1,Herbivore,Terrestrial,1
Phylloscopus claudiae,stable,stable,0.023555524656519423,0.9475,0.0525,1,0.02748633611151034,0.6000000000000001,5,Forest,2,2,Carnivore,Insessorial,2
Emberiza elegans,stable,stable,0.015939959686898562,0.8975,0.1025,0.2,0.8064959405073402,0.49999999999999983,8,Woodland,3,2,Omnivore,Terrestrial,2
Gyps himalayensis,stable,stable,0.003430621835724586,0.8425,0.1575,0.8,0.08641073297370003,1,8,Rock,3,1,Scavenger,Terrestrial,1
Recurvirostra avosetta,expanding,strong_expanding,0.06984175310458524,1,0,1,0.02748633611151034,0.6999999999999997,8,Wetland,3,2,Carnivore,Terrestrial,2
Culicicapa ceylonensis,expanding,strong_expanding,0.0292043527665016,0.9975,0.0025,0.8,0.08641073297370003,1,2,Woodland,1,1,Carnivore,Insessorial,1
Columba rupestris,expanding,strong_expanding,0.018253363055623806,0.995,0.005,1,0.02748633611151034,0.5999999999999996,8,Rock,3,1,Herbivore,Terrestrial,1
Apus nipalensis,expanding,strong_expanding,0.030143857788785085,1,0,1,0.02748633611151034,1,2,Human Modified,1,3,Carnivore,Aerial,3
Accipiter nisus,expanding,strong_expanding,0.03253790431306104,0.9975,0.0025,1,0.02748633611151034,1,2,Forest,1,2,Carnivore,Insessorial,2
Tringa ochropus,expanding,expanding,0.045829846903929564,0.985,0.015,0.8,0.08641073297370003,0.5999999999999996,8,Wetland,3,3,Carnivore,Terrestrial,3
Phoenicurus ochruros,expanding,expanding,0.008444191591947536,0.9575,0.0425,1,0.02748633611151034,0.49999999999999983,8,Rock,3,2,Omnivore,Insessorial,2
Turdus rubrocanus,stable,stable,-0.006464311490360539,0.265,0.735,-0.6,0.2206713619198468,0,2,Forest,1,1,Omnivore,Generalist,1
Carpodacus erythrinus,stable,stable,0.012771981007595901,0.82,0.18,0.2,0.8064959405073402,0.3,5,Shrubland,2,3,Herbivore,Insessorial,3
Psilopogon virens,expanding,strong_expanding,0.029735408426858335,0.9975,0.0025,1,0.02748633611151034,0.6,2,Forest,1,1,Herbivore,Insessorial,1
Gallinago gallinago,expanding,expanding,0.0329140939309589,0.965,0.035,1,0.02748633611151034,0.6999999999999997,8,Wetland,3,3,Carnivore,Terrestrial,3
Prinia flaviventris,expanding,strong_expanding,0.013556774538832946,1,0,1,0.02748633611151034,1,8,Shrubland,3,1,Carnivore,Insessorial,1
Motacilla citreola,expanding,expanding,0.03840226459013556,0.98,0.02,1,0.02748633611151034,1,8,Wetland,3,3,Carnivore,Terrestrial,3
Accipiter soloensis,stable,stable,0.00811630742706953,0.7425,0.2575,0.4,0.4624327264504763,0.5999999999999996,2,Forest,1,3,Carnivore,Insessorial,3
Accipiter trivirgatus,expanding,strong_expanding,0.022708265005757122,1,0,1,0.02748633611151034,0.3999999999999998,2,Forest,1,1,Carnivore,Insessorial,1
Cisticola juncidis,stable,stable,0.002421986413695133,0.61,0.39,0.4,0.4624327264504763,0.6000000000000001,8,Grassland,3,3,Carnivore,Generalist,3
Dicrurus leucophaeus,expanding,expanding,0.01638173806479763,0.955,0.045,0.4,0.4624327264504763,0.6999999999999997,2,Forest,1,1,Carnivore,Insessorial,1
Ardea intermedia,expanding,strong_expanding,0.07581973426892323,1,0,0.8,0.08641073297370003,0.6,8,Wetland,3,2,Carnivore,Terrestrial,2
Lonchura punctulata,expanding,strong_expanding,0.020450664777685295,1,0,0.8,0.08641073297370003,0.39999999999999997,5,Grassland,2,1,Herbivore,Generalist,1
Orthotomus sutorius,expanding,strong_expanding,0.012787418075174776,1,0,1,0.02748633611151034,0.8,5,Shrubland,2,1,Carnivore,Insessorial,1
Falco subbuteo,expanding,expanding,0.029474079758301828,0.965,0.035,0.6,0.2206713619198468,0.39999999999999997,8,Woodland,3,3,Carnivore,Aerial,3
Pericrocotus ethologus,stable,stable,0.003270756816163009,0.6275,0.3725,0.4,0.4624327264504763,0.6999999999999997,2,Forest,1,3,Carnivore,Insessorial,3
Muscicapa sibirica,stable,stable,0.006774801042102399,0.775,0.225,0.8,0.08641073297370003,1,2,Forest,1,3,Carnivore,Insessorial,3
Picumnus innominatus,expanding,expanding,0.01580905012111773,0.9575,0.0425,1,0.02748633611151034,1,2,Forest,1,1,Carnivore,Insessorial,1
Sternula albifrons,expanding,strong_expanding,0.03969769248738522,1,0,1,0.02748633611151034,0.6,8,Coastal,3,3,Carnivore,Aerial,3
Butorides striata,stable,stable,0.015175668947832541,0.925,0.075,1,0.02748633611151034,0.09999999999999999,8,Wetland,3,1,Carnivore,Terrestrial,1
Yungipicus canicapillus,expanding,strong_expanding,0.03363831978811646,0.995,0.005,0.6,0.2206713619198468,0.6,5,NA,NA,NA,NA,NA,2
Periparus ater,stable,stable,0.003294398095393764,0.5925,0.4075,0.4,0.4624327264504763,0.6,2,Forest,1,1,Omnivore,Insessorial,1
Phylloscopus magnirostris,stable,stable,-0.005233232540159587,0.34,0.66,-0.2,0.8064959405073402,1,2,Forest,1,3,Carnivore,Insessorial,3
Tarsiger cyanurus,stable,stable,0.016752107628566472,0.9325,0.0675,0.8,0.08641073297370003,0.6999999999999997,2,Forest,1,3,Carnivore,Generalist,3
Cuculus sparverioides,stable,stable,-0.007653398213502595,0.2075,0.7925,-0.8,0.08641073297370003,0.8,5,NA,NA,NA,NA,NA,2
Cyanoderma ruficeps,expanding,strong_expanding,0.0316504375868587,0.9975,0.0025,1,0.02748633611151034,0.6,2,Shrubland,1,1,Carnivore,Insessorial,1
Eurystomus orientalis,stable,stable,0.013056777411339591,0.87,0.13,1,0.02748633611151034,1,5,Woodland,2,3,Carnivore,Aerial,3
Anas carolinensis,expanding,strong_expanding,0.05740827671828183,1,0,0.8,0.08641073297370003,0.6,8,Wetland,3,2,Omnivore,Aquatic,2
Acrocephalus bistrigiceps,expanding,strong_expanding,0.05484156989550274,1,0,1,0.02748633611151034,1,8,Wetland,3,3,Carnivore,Insessorial,3
Centropus sinensis,expanding,strong_expanding,0.019643946581267852,1,0,1,0.02748633611151034,0.1333333333333333,5,Woodland,2,1,Carnivore,Terrestrial,1
Buteo hemilasius,stable,stable,0.008856138340933694,0.775,0.225,0,1,0.6999999999999997,8,Grassland,3,1,Carnivore,Generalist,1
Pycnonotus aurigaster,expanding,strong_expanding,0.017081953978515356,1,0,1,0.02748633611151034,0.16,5,Shrubland,2,1,Herbivore,Insessorial,1
Fringilla montifringilla,expanding,strong_expanding,0.06664073944516005,1,0,1,0.02748633611151034,0.19999999999999993,2,Forest,1,3,Herbivore,Generalist,3
Phylloscopus humei,stable,stable,0.012724471795158418,0.9125,0.0875,1,0.02748633611151034,1,2,Forest,1,3,Carnivore,Insessorial,3
Apus pacificus,stable,stable,0.005071972758286426,0.6575,0.3425,0.4,0.4624327264504763,1,2,Woodland,1,2,Carnivore,Aerial,2
Emberiza godlewskii,stable,stable,-7.572293084729202e-4,0.4925,0.5075,-0.4,0.4624327264504763,0.49999999999999983,5,Shrubland,2,2,Omnivore,Terrestrial,2
Tringa erythropus,expanding,strong_expanding,0.054512233600106645,0.9975,0.0025,1,0.02748633611151034,0.6999999999999997,8,Grassland,3,3,Carnivore,Terrestrial,3
Enicurus leschenaulti,expanding,expanding,0.01734104751654326,0.975,0.025,0.8,0.08641073297370003,1,8,Riverine,3,1,Carnivore,Terrestrial,1
Phylloscopus borealis,stable,stable,-0.007651530109962065,0.2875,0.7125,0,1,1,2,Forest,1,3,Carnivore,Insessorial,3
Cuculus poliocephalus,stable,stable,4.49082623357341e-4,0.535,0.465,0.2,0.8064959405073402,1,2,Forest,1,3,Carnivore,Insessorial,3
Phylloscopus coronatus,stable,stable,-0.008819149295632728,0.3075,0.6925,-0.8,0.08641073297370003,1,5,Woodland,2,3,Carnivore,Insessorial,3
Phylloscopus trochiloides,stable,stable,0.0056422526743541155,0.8025,0.1975,0.8,0.08641073297370003,0.6999999999999997,2,Forest,1,3,Carnivore,Insessorial,3
Pericrocotus solaris,expanding,strong_expanding,0.024588313585132315,1,0,1,0.02748633611151034,1,5,Forest,2,1,Carnivore,Insessorial,1
Aethopyga gouldiae,stable,stable,0.009913728651368515,0.87,0.13,0.6,0.2206713619198468,0,2,Forest,1,2,Omnivore,Insessorial,2
Tringa stagnatilis,expanding,strong_expanding,0.03429157992490053,1,0,0.8,0.08641073297370003,0.3999999999999998,8,Wetland,3,3,Carnivore,Terrestrial,3
Muscicapa dauurica,expanding,expanding,0.05368636692416788,0.9875,0.0125,0.8,0.08641073297370003,1,2,Woodland,1,3,Carnivore,Insessorial,3
Buteo japonicus,expanding,strong_expanding,0.04047977451094634,0.995,0.005,0.8,0.08641073297370003,0.6,8,Grassland,3,2,Carnivore,Insessorial,2
Gelochelidon nilotica,expanding,strong_expanding,0.04707241208762203,1,0,1,0.02748633611151034,0.6,8,Coastal,3,3,Carnivore,Aerial,3
Eumyias thalassinus,expanding,strong_expanding,0.020780979181293284,0.995,0.005,1,0.02748633611151034,0.39999999999999997,2,Forest,1,1,Carnivore,Insessorial,1
Sitta villosa,stable,stable,-0.012980155928312571,0.1325,0.8675,-0.6,0.2206713619198468,0,2,Forest,1,1,Omnivore,Insessorial,1
Alauda gulgula,stable,stable,-0.012697399659120465,0.1975,0.8025,-0.4,0.4624327264504763,0,8,Grassland,3,2,Omnivore,Terrestrial,2
Calidris ruficollis,expanding,strong_expanding,0.029386627262952006,0.9925,0.0075,1,0.02748633611151034,0.19999999999999996,8,Grassland,3,3,Carnivore,Terrestrial,3
Pernis ptilorhynchus,expanding,strong_expanding,0.09071975239117097,0.9975,0.0025,1,0.02748633611151034,0.6,5,Woodland,2,1,Carnivore,Insessorial,1
Limosa limosa,expanding,strong_expanding,0.05414537002920153,1,0,1,0.02748633611151034,0.5000000000000001,8,Wetland,3,3,Carnivore,Terrestrial,3
Phylloscopus pulcher,stable,stable,0.0021073241967153322,0.64,0.36,0,1,0.6000000000000001,2,Forest,1,1,Carnivore,Insessorial,1
Ardea purpurea,expanding,strong_expanding,0.05973641238232527,1,0,1,0.02748633611151034,0.1333333333333333,8,Wetland,3,3,Carnivore,Terrestrial,3
Phylloscopus armandii,stable,stable,0.004606644045894586,0.705,0.295,0.8,0.08641073297370003,1,5,Shrubland,2,1,Carnivore,Insessorial,1
Butastur indicus,stable,stable,3.951344638887685e-4,0.5275,0.4725,0,1,0,5,Woodland,2,3,Carnivore,Insessorial,3
Platalea leucorodia,expanding,strong_expanding,0.04852120535783228,1,0,1,0.02748633611151034,0.6,8,Wetland,3,2,Carnivore,Terrestrial,2
Emberiza tristrami,expanding,expanding,0.02962701935319677,0.99,0.01,0.8,0.08641073297370003,0.49999999999999983,2,Forest,1,3,Omnivore,Terrestrial,3
Spatula querquedula,expanding,expanding,0.03274972693639453,0.965,0.035,0.4,0.4624327264504763,0.6,8,Wetland,3,3,Omnivore,Aquatic,3
Alcippe hueti,expanding,strong_expanding,0.013225200304657753,0.995,0.005,1,0.02748633611151034,0.6,5,NA,NA,NA,NA,NA,2
Garrulax perspicillatus,expanding,strong_expanding,0.02708613798119828,1,0,0.8,0.08641073297370003,0.6999999999999997,5,Shrubland,2,1,Carnivore,Terrestrial,1
Cinclus pallasii,stable,stable,5.3960407954687e-4,0.5325,0.4675,0,1,1,8,Riverine,3,1,Carnivore,Generalist,1
Calidris ferruginea,expanding,expanding,0.0383175319787522,0.985,0.015,1,0.02748633611151034,0.6000000000000001,8,Coastal,3,3,Carnivore,Terrestrial,3
Tadorna tadorna,expanding,strong_expanding,0.04613868709398138,1,0,1,0.02748633611151034,0.5999999999999996,8,Coastal,3,2,Carnivore,Generalist,2
Chlidonias leucopterus,expanding,strong_expanding,0.04055855963244581,0.9975,0.0025,0.6,0.2206713619198468,0.6999999999999997,8,Wetland,3,3,Carnivore,Aerial,3
Anthus roseatus,expanding,expanding,0.022137281267091545,0.965,0.035,0.6,0.2206713619198468,1,8,Grassland,3,1,Carnivore,Terrestrial,1
Phoenicurus frontalis,expanding,expanding,0.013472870835847339,0.955,0.045,1,0.02748633611151034,1,2,Forest,1,2,Carnivore,Insessorial,2
Mareca strepera,expanding,strong_expanding,0.05192175517231665,1,0,0.6,0.2206713619198468,0.6,8,Wetland,3,2,Herbivore,Aquatic,2
Periparus rubidiventris,contracting,contracting,-0.011947167144146403,0.045,0.955,-1,0.02748633611151034,0.6,2,Forest,1,1,Carnivore,Insessorial,1
Eremophila alpestris,stable,stable,0.005265072786233764,0.8425,0.1575,0.4,0.4624327264504763,0,8,Grassland,3,3,Omnivore,Terrestrial,3
Aythya nyroca,expanding,strong_expanding,0.06022549927006254,0.9975,0.0025,0.8,0.08641073297370003,0.45000000000000007,8,Wetland,3,3,Herbivore,Aquatic,3
Calidris acuminata,expanding,expanding,0.027156297756503606,0.985,0.015,1,0.02748633611151034,0.6000000000000001,8,Wetland,3,3,Carnivore,Terrestrial,3
Ceryle rudis,expanding,strong_expanding,0.028599832041855077,1,0,1,0.02748633611151034,0.6000000000000001,8,Wetland,3,1,Carnivore,Insessorial,1
