species,threshold,d_AOO,infilling,expansion
Passer montanus,0.5,135.74015436662404,102.39197953583877,33.34817483078527
Pycnonotus sinensis,0.5,121.06538643472115,41.73581511399094,79.32957132073021
Hirundo rustica,0.5,139.26885858774511,90.27963294141571,48.98922564632941
Spilopelia chinensis,0.5,240.43230242719173,66.99307662937511,173.43922579781662
Pica serica,0.5,359.9472386992718,91.93828906488291,268.0089496343889
Motacilla alba,0.5,41.36863795181257,40.57049565705977,0.7981422947528058
Turdus mandarinus,0.5,128.9281211650282,44.6854737669833,84.24264739804488
Egretta garzetta,0.5,210.69355240913873,66.60468212867245,144.08887028046627
Parus minor,0.5,82.22744939608735,35.77678864036215,46.4506607557252
Cyanopica cyanus,0.5,112.2904794321119,39.4034011324462,72.8870782996657
Streptopelia orientalis,0.5,141.0385889292492,108.23042906735364,32.80815986189555
Tachybaptus ruficollis,0.5,293.7186097674739,115.23549124044172,178.48311852703216
Nycticorax nycticorax,0.5,269.83501976407695,81.87898172298779,187.9560380410892
Gallinula chloropus,0.5,324.65922048201895,112.33847270370785,212.32074777831107
Sinosuthora webbiana,0.5,134.52290859027295,47.901899025865035,86.6210095644079
Chloris sinica,0.5,46.735774718116566,22.076202906059066,24.659571812057496
Cecropis daurica,0.5,-11.767779620123818,-4.515577143849558,-7.252202476274259
Acridotheres cristatellus,0.5,69.29200305380536,27.527236937932162,41.764766115873194
Ardeola bacchus,0.5,44.48661199288198,21.23365854908919,23.252953443792794
Copsychus saularis,0.5,53.349224924059065,17.283218205138702,36.06600671892036
Ardea cinerea,0.5,293.9983114779684,110.96894576678201,183.0293657111864
Anas platyrhynchos,0.5,235.78715058679106,111.05760838059467,124.72954220619638
Lanius schach,0.5,129.79741185597277,37.36754741534515,92.42986444062763
Spodiopsar cineraceus,0.5,309.04503107349365,76.8760901478801,232.16894092561353
Alcedo atthis,0.5,88.74351547370341,48.39308331126728,40.350432162436135
Anas zonorhyncha,0.5,209.767275800653,72.3554887493497,137.41178705130332
Phasianus colchicus,0.5,286.31011434437886,78.88792179287263,207.42219255150624
Zosterops simplex,0.5,52.0315229359953,20.75108940615587,31.28043352983943
Cuculus canorus,0.5,184.94089168009938,77.1299250013109,107.8109666787885
Corvus macrorhynchos,0.5,182.2345388746554,109.98134038993105,72.25319848472436
Upupa epops,0.5,198.27614518812044,107.7244865319148,90.55165865620565
Dendrocopos major,0.5,89.69546484959251,41.59024453648609,48.105220313106415
Spodiopsar sericeus,0.5,192.86227166789845,38.52245591437748,154.33981575352098
Dicrurus macrocercus,0.5,-20.441900470516835,-9.389670477367618,-11.052229993149217
Spizixos semitorques,0.5,150.27340608099763,31.254998853079368,119.01840722791827
Phoenicurus auroreus,0.5,35.57676560303508,19.9844893577081,15.592276245326978
Ardea alba,0.5,136.6262259792929,80.37045653258531,56.25576944670759
Himantopus himantopus,0.5,361.59968388446316,59.89625232620256,301.7034315582606
Urocissa erythroryncha,0.5,232.02987600953242,52.02762843913575,180.00224757039666
Aegithalos concinnus,0.5,56.695499305342025,20.347458396393225,36.3480409089488
Lanius cristatus,0.5,5.967806308573843,5.225588842480706,0.7422174660931381
Fulica atra,0.5,507.72939046515654,79.77978262767199,427.94960783748456
Horornis fortipes,0.5,86.24268914691059,29.58506742765,56.6576217192606
Eophona migratoria,0.5,60.53484577220556,29.80947682995338,30.725368942252178
Podiceps cristatus,0.5,316.97587267768984,118.98427713977709,197.99159553791276
Picus canus,0.5,47.58246542310639,30.40073676719083,17.181728655915563
Phylloscopus inornatus,0.5,148.6302058556822,58.14746174664221,90.48274410903998
Pterorhinus sannio,0.5,196.08278452266617,18.170816829281705,177.91196769338447
Motacilla cinerea,0.5,103.13488034852111,83.39753233051717,19.737348018003935
Sterna hirundo,0.5,237.20962575786658,100.92464306293955,136.28498269492704
Falco tinnunculus,0.5,188.184266784289,136.10620945270983,52.07805733157917
Hypsipetes leucocephalus,0.5,46.700398028418924,16.661602603719963,30.03879542469896
Apus apus,0.5,40.72846138819548,22.81190173299862,17.916559655196853
Cuculus micropterus,0.5,105.86963525378489,41.8441406935423,64.02549456024259
Phalacrocorax carbo,0.5,180.81576736908593,87.15559053608307,93.66017683300285
Phoenicurus fuliginosus,0.5,126.77828190042682,49.91311532298851,76.8651665774383
Prinia inornata,0.5,110.06829460551455,26.764595569099004,83.30369903641555
Milvus migrans,0.5,155.8722073416238,111.18182564088931,44.69038170073449
Bubulcus coromandus,0.5,35.31904993553247,16.984614880319167,18.334435055213305
Phylloscopus proregulus,0.5,67.06835938974402,38.7574060351495,28.31095335459452
Acrocephalus orientalis,0.5,244.28412455026654,75.4570556401151,168.82706891015144
Aegithalos glaucogularis,0.5,166.66888373976187,39.764294322034885,126.90458941772697
Eudynamys scolopaceus,0.5,102.09854839431414,29.53046191254047,72.56808648177366
Anthus hodgsoni,0.5,-18.998778232377003,-12.797308428971514,-6.20146980340549
Pterorhinus perspicillatus,0.5,187.26388802611748,23.947405127514795,163.3164828986027
Charadrius dubius,0.5,194.83756572168616,75.55964328779336,119.2779224338928
Poecile palustris,0.5,146.44886160883974,26.612079110446047,119.8367824983937
Actitis hypoleucos,0.5,91.07635752137226,81.56292768556716,9.513429835805097
Tadorna ferruginea,0.5,279.57066798544884,86.64657662534627,192.92409136010258
Passer cinnamomeus,0.5,229.82449537277824,60.67389191028258,169.15060346249567
Vanellus cinereus,0.5,383.0923251112186,77.52382793483083,305.5684971763878
Pycnonotus xanthorrhous,0.5,161.56124256330253,23.542116672205037,138.01912589109747
Emberiza spodocephala,0.5,96.73985602227674,49.036221083059246,47.703634939217494
Ixobrychus sinensis,0.5,158.56101068857274,60.45124432195867,98.10976636661407
Oriolus chinensis,0.5,73.89776360912124,34.50182998835969,39.395933620761554
Emberiza pusilla,0.5,106.11965777519119,59.54732653361148,46.572331241579704
Chroicocephalus ridibundus,0.5,324.93600177557954,52.811435927928116,272.1245658476514
Pycnonotus jocosus,0.5,88.68449894911353,18.30702283408746,70.37747611502607
Streptopelia decaocto,0.5,169.21988570923966,54.275965533438495,114.94392017580118
Pomatorhinus ruficollis,0.5,103.83058361453728,28.066338054887197,75.76424555965008
Bambusicola thoracicus,0.5,102.82180225170559,20.853934425320357,81.96786782638523
Pardaliparus venustulus,0.5,2.820374573477172,3.378665757856858,-0.5582911843796861
Ficedula albicilla,0.5,32.859285506040855,20.20894106998846,12.650344436052398
Picoides canicapillus,0.5,444.51431951799265,12.99645407799985,431.51786543999276
Hemixos castanonotus,0.5,102.8645306283756,20.995119347333404,81.86941128104219
Tringa glareola,0.5,94.38437082648903,59.54889478868924,34.835476037799786
Abroscopus albogularis,0.5,120.68137745453932,35.94871671852797,84.73266073601134
Saxicola stejnegeri,0.5,246.7618579724743,75.17476234209505,171.58709563037925
Garrulus glandarius,0.5,16.12186414217053,10.277629573842388,5.844234568328142
Chlidonias hybrida,0.5,377.628453700416,61.31979543775263,316.30865826266336
Corvus corone,0.5,202.861784621399,84.3619292705909,118.49985535080809
Trochalopteron elliotii,0.5,-33.46804634376069,-8.267214202082066,-25.20083214167862
Parus monticolus,0.5,50.3632267440615,6.6087927831140645,43.75443396094744
Phylloscopus fuscatus,0.5,86.42192416974558,54.41351161469613,32.00841255504945
Myophonus caeruleus,0.5,102.9832998821597,37.88600400813567,65.09729587402403
Pyrrhocorax pyrrhocorax,0.5,20.173663055259492,9.165710917083219,11.007952138176273
Ficedula zanthopygia,0.5,70.87074417710195,36.06541112190695,34.805333055195
Pericrocotus cantonensis,0.5,24.698601843055553,12.052735570345174,12.645866272710377
Ixos mcclellandii,0.5,153.47609034893424,33.95428509777344,119.52180525116079
Tringa nebularia,0.5,228.76758318143996,64.61953046264438,164.14805271879558
Dicrurus hottentottus,0.5,-19.394002967856775,-6.8722633379974765,-12.521739629859297
Gracupica nigricollis,0.5,96.34928710642247,21.444878556602237,74.90440854982023
Tringa totanus,0.5,192.32367880528133,47.73592536330797,144.58775344197338
Hierococcyx sparverioides,0.5,264.01625539457524,58.76028325877612,205.2559721357991
Leiothrix lutea,0.5,-0.3656628532431871,1.2683037248474418,-1.633966578090629
Charadrius alexandrinus,0.5,213.4894823576977,33.1811774514829,180.3083049062148
Dendrocitta formosae,0.5,91.20051824510558,25.93065260566147,65.26986563944412
Aix galericulata,0.5,228.76692251578535,63.96185772540523,164.8050647903801
Motacilla tschutschensis,0.5,155.60703740467673,78.26260907335622,77.34442833132053
Falco amurensis,0.5,314.1664122134296,54.43066699937026,259.73574521405936
Delichon dasypus,0.5,-81.09554475543136,-57.32034825791861,-23.775196497512756
Lonchura striata,0.5,45.14751983776852,17.032868472233993,28.11465136553453
Garrulax canorus,0.5,100.51193755987354,31.447679433198477,69.06425812667507
Amaurornis phoenicurus,0.5,79.73848984206892,27.722930754740574,52.015559087328334
Lanius tephronotus,0.5,31.446388443393662,13.170194898664297,18.276193544729367
Columba livia,0.5,-393.82646591474736,-393.82646591474736,0
Phylloscopus claudiae,0.5,126.89122195975273,2.79024844499633,124.10097351475639
Emberiza elegans,0.5,149.59640138272508,51.4854264064674,98.11097497625767
Gyps himalayensis,0.5,14.912942025832516,6.691027429444986,8.221914596387531
Recurvirostra avosetta,0.5,318.34388540122086,54.24658345952664,264.09730194169424
Culicicapa ceylonensis,0.5,169.39246125122736,35.57359039684481,133.81887085438257
Columba rupestris,0.5,102.30310612262151,36.19864588479819,66.10446023782332
Apus nipalensis,0.5,167.44605750067427,34.14898919069882,133.29706830997546
Accipiter nisus,0.5,162.48518983532287,77.10699408364192,85.37819575168095
Tringa ochropus,0.5,290.17607247877254,177.7261730318612,112.44989944691132
Phoenicurus ochruros,0.5,39.82562717103419,12.721886339563742,27.103740831470446
Turdus rubrocanus,0.5,-20.17286547396862,-7.586266023765489,-12.586599450203131
Carpodacus erythrinus,0.5,107.79945867715067,53.03827458391301,54.76118409323766
Psilopogon virens,0.5,156.1744356009192,30.651554667554095,125.5228809333651
Gallinago gallinago,0.5,186.91392478785102,85.00650031416863,101.90742447368237
Prinia flaviventris,0.5,74.21105400725698,17.5655188738953,56.645535133361676
Motacilla citreola,0.5,252.33673100110482,80.54809752129283,171.788633479812
Accipiter soloensis,0.5,72.50489712654215,32.0320874251168,40.47280970142535
Accipiter trivirgatus,0.5,111.33952548817803,29.917448919190324,81.4220765689877
Cisticola juncidis,0.5,0.5574839213640261,2.3841182285618405,-1.8266343071978146
Dicrurus leucophaeus,0.5,113.84448817181166,32.29275722039869,81.55173095141298
Ardea intermedia,0.5,502.57196767224696,4.4607140505626655,498.11125362168434
Lonchura punctulata,0.5,93.52050512565734,24.772947715216727,68.74755741044062
Orthotomus sutorius,0.5,63.53787883376877,15.399387303202566,48.138491530566206
Falco subbuteo,0.5,169.16357543723694,79.49264240900642,89.67093302823051
Pericrocotus ethologus,0.5,32.16913963803074,11.081727538560685,21.087412099470054
Muscicapa sibirica,0.5,41.30908571277572,25.258631946044254,16.05045376673147
Picumnus innominatus,0.5,79.56030978003234,26.76048098187055,52.79982879816179
Sternula albifrons,0.5,211.86185881902767,32.15889981559093,179.70295900343675
Butorides striata,0.5,80.00105876310344,35.01595613007596,44.98510263302748
Yungipicus canicapillus,0.5,165.6817029602937,5.2204826872719705,160.46122027302172
Periparus ater,0.5,19.277729256196956,9.702518421224497,9.57521083497246
Phylloscopus magnirostris,0.5,1.5955970192223612,1.7141950226161735,-0.11859800339381237
Tarsiger cyanurus,0.5,90.68595688736744,50.80925985374098,39.876697033626456
Cuculus sparverioides,0.5,-38.82761506588375,-19.235275582524057,-19.592339483359687
Cyanoderma ruficeps,0.5,177.00780114157178,35.03950713404901,141.96829400752276
Eurystomus orientalis,0.5,64.08301868883936,27.29855580104249,36.78446288779687
Anas carolinensis,0.5,267.2042335958829,98.7182955081661,168.48593808771682
Acrocephalus bistrigiceps,0.5,270.2657801186474,58.49447660693949,211.77130351170794
Centropus sinensis,0.5,105.61532736932834,17.52433955434116,88.09098781498717
Buteo hemilasius,0.5,115.79210832558438,50.1194897404946,65.67261858508978
Pycnonotus aurigaster,0.5,91.51217162398886,20.422647116391357,71.08952450759752
Fringilla montifringilla,0.5,348.33674131132585,67.33737296529378,280.99936834603204
Phylloscopus humei,0.5,62.73375886275306,22.859320324556315,39.87443853819674
Apus pacificus,0.5,46.058054192559936,32.161737133669256,13.896317058890684
Emberiza godlewskii,0.5,-2.814710390631881,-0.04373090971413879,-2.770979480917742
Tringa erythropus,0.5,281.4543649110857,50.17431489365137,231.28005001743435
Enicurus leschenaulti,0.5,98.65647152127679,28.78909958448381,69.86737193679296
Phylloscopus borealis,0.5,-49.39608297524747,-28.20680796335958,-21.189275011887883
Cuculus poliocephalus,0.5,13.049805459134706,9.950624598035967,3.0991808610987395
Phylloscopus coronatus,0.5,-23.44179926850027,-9.738943459053388,-13.70285580944688
Phylloscopus trochiloides,0.5,29.819757459411065,12.725534109432687,17.094223349978378
Pericrocotus solaris,0.5,123.38081121896131,27.73082910546515,95.64998211349616
Aethopyga gouldiae,0.5,62.605458488337646,19.622854525944035,42.98260396239361
Tringa stagnatilis,0.5,163.83069534775197,38.82300445923344,125.00769088851854
Muscicapa dauurica,0.5,325.96131080754304,76.98848077968168,248.97283002786136
Buteo japonicus,0.5,202.93257049123096,105.67464449188246,97.2579259993485
Gelochelidon nilotica,0.5,241.43767284208175,35.59476993612157,205.8429029059602
Eumyias thalassinus,0.5,103.55608695816973,29.849219846543132,73.7068671116266
Sitta villosa,0.5,-67.15532581618075,-18.68133680877737,-48.47398900740338
Alauda gulgula,0.5,-23.399604071687808,-14.73155265848242,-8.668051413205388
Calidris ruficollis,0.5,155.37060256783047,12.07797101921709,143.2926315486134
Pernis ptilorhynchus,0.5,464.1625125207975,84.08491847219524,380.0775940486023
Limosa limosa,0.5,285.16640053638235,44.275769125714646,240.89063141066768
Phylloscopus pulcher,0.5,14.291459133656767,7.2138862229199745,7.0775729107367935
Ardea purpurea,0.5,295.20879394372105,39.47078878735766,255.73800515636339
Phylloscopus armandii,0.5,19.302835648104217,10.111841301948575,9.190994346155644
Butastur indicus,0.5,10.604803874657032,7.574886985841219,3.0299168888158134
Platalea leucorodia,0.5,292.08539818282156,44.25906085429907,247.82633732852247
Emberiza tristrami,0.5,159.53790665384912,53.756469891147205,105.7814367627019
Spatula querquedula,0.5,155.911213034552,60.419371363354315,95.49184167119768
Alcippe hueti,0.5,71.79739150783189,15.470624526305226,56.32676698152666
Garrulax perspicillatus,0.5,105.85717648796243,9.054019146308338,96.8031573416541
Cinclus pallasii,0.5,-0.7096069263379834,0.36960655682428234,-1.0792134831622657
Calidris ferruginea,0.5,199.9956006748176,22.016192666737897,177.97940800807973
Tadorna tadorna,0.5,243.12646032661337,51.511029124749825,191.61543120186354
Chlidonias leucopterus,0.5,184.84904231214483,33.72690032129365,151.1221419908512
Anthus roseatus,0.5,107.83739392306698,40.00966407561956,67.82772984744742
Phoenicurus frontalis,0.5,74.05574336189744,26.49798256000031,47.55776080189713
Mareca strepera,0.5,270.37170691326975,113.22935317810052,157.14235373516922
Periparus rubidiventris,0.5,-69.07988070370367,-23.925207851047777,-45.154672852655885
Eremophila alpestris,0.5,31.71515198157434,13.631436993548323,18.08371498802602
Aythya nyroca,0.5,355.50282541170037,103.03806905382864,252.46475635787172
Calidris acuminata,0.5,141.89131653878573,30.96712301282346,110.92419352596228
Ceryle rudis,0.5,156.16063696593463,25.812277095416036,130.3483598705186
Passer montanus,0.3,135.74015436662404,132.25395136060052,3.486203006023512
Pycnonotus sinensis,0.3,121.06538643472115,68.72343743016833,52.34194900455281
Hirundo rustica,0.3,139.26885858774511,116.81852929009904,22.45032929764609
Spilopelia chinensis,0.3,240.43230242719173,117.36769769530154,123.0646047318902
Pica serica,0.3,359.9472386992718,149.82624805098123,210.12099064829056
Motacilla alba,0.3,41.36863795181257,41.36863795181257,0
Turdus mandarinus,0.3,128.9281211650282,70.23090631860597,58.697214846422206
Egretta garzetta,0.3,210.69355240913873,110.51950675867873,100.17404565045999
Parus minor,0.3,82.22744939608735,58.14552886541546,24.081920530671894
Cyanopica cyanus,0.3,112.2904794321119,66.4249882204347,45.865491211677195
Streptopelia orientalis,0.3,141.0385889292492,130.7393893187314,10.29919961051776
Tachybaptus ruficollis,0.3,293.7186097674739,192.17102684285354,101.54758292462037
Nycticorax nycticorax,0.3,269.83501976407695,162.8138467354914,107.02117302858555
Gallinula chloropus,0.3,324.65922048201895,196.28072851199647,128.37849197002248
Sinosuthora webbiana,0.3,134.52290859027295,79.65044588498071,54.87246270529222
Chloris sinica,0.3,46.735774718116566,33.35946198977918,13.376312728337385
Cecropis daurica,0.3,-11.767779620123818,-7.754515402173899,-4.013264217949918
Acridotheres cristatellus,0.3,69.29200305380536,41.79681041307967,27.49519264072569
Ardeola bacchus,0.3,44.48661199288198,31.336910502583404,13.149701490298584
Copsychus saularis,0.3,53.349224924059065,26.05452773402897,27.294697190030096
Ardea cinerea,0.3,293.9983114779684,212.68992655575778,81.3083849222106
Anas platyrhynchos,0.3,235.78715058679106,177.5319109008478,58.25523968594325
Lanius schach,0.3,129.79741185597277,61.08590391598415,68.71150793998862
Spodiopsar cineraceus,0.3,309.04503107349365,126.68772671138088,182.35730436211276
Alcedo atthis,0.3,88.74351547370341,63.123286414329215,25.6202290593742
Anas zonorhyncha,0.3,209.767275800653,117.84060025520279,91.92667554545022
Phasianus colchicus,0.3,286.31011434437886,147.2595260061391,139.05058833823978
Zosterops simplex,0.3,52.0315229359953,31.561462733728707,20.47006020226659
Cuculus canorus,0.3,184.94089168009938,109.60630115779742,75.33459052230198
Corvus macrorhynchos,0.3,182.2345388746554,159.30996617784663,22.92457269680878
Upupa epops,0.3,198.27614518812044,153.82296305098032,44.45318213714012
Dendrocopos major,0.3,89.69546484959251,66.06194628509822,23.633518564494285
Spodiopsar sericeus,0.3,192.86227166789845,79.98241809292894,112.87985357496952
Dicrurus macrocercus,0.3,-20.441900470516835,-13.851549666436833,-6.5903508040800025
Spizixos semitorques,0.3,150.27340608099763,71.01238835998487,79.26101772101278
Phoenicurus auroreus,0.3,35.57676560303508,27.983424513920557,7.593341089114518
Ardea alba,0.3,136.6262259792929,120.03143045081586,16.594795528477032
Himantopus himantopus,0.3,361.59968388446316,137.56027417590795,224.0394097085552
Urocissa erythroryncha,0.3,232.02987600953242,107.1371058493919,124.8927701601405
Aegithalos concinnus,0.3,56.695499305342025,33.42094303871253,23.274556266629496
Lanius cristatus,0.3,5.967806308573843,5.908042046955341,0.0597642616185027
Fulica atra,0.3,507.72939046515654,222.8075713788097,284.92181908634683
Horornis fortipes,0.3,86.24268914691059,47.44422810869156,38.79846103821903
Eophona migratoria,0.3,60.53484577220556,42.45937596003485,18.07546981217071
Podiceps cristatus,0.3,316.97587267768984,211.1079249474077,105.86794773028217
Picus canus,0.3,47.58246542310639,40.939342206474805,6.643123216631584
Phylloscopus inornatus,0.3,148.6302058556822,87.18072961295039,61.449476242731805
Pterorhinus sannio,0.3,196.08278452266617,61.00548531703188,135.0772992056343
Motacilla cinerea,0.3,103.13488034852111,97.6452086972012,5.489671651319908
Sterna hirundo,0.3,237.20962575786658,171.27193651847156,65.93768923939503
Falco tinnunculus,0.3,188.184266784289,183.27702554938136,4.907241234907635
Hypsipetes leucocephalus,0.3,46.700398028418924,27.470314974364882,19.23008305405404
Apus apus,0.3,40.72846138819548,30.473159358718576,10.255302029476898
Cuculus micropterus,0.3,105.86963525378489,65.11073630493915,40.75889894884574
Phalacrocorax carbo,0.3,180.81576736908593,144.54787353992333,36.2678938291626
Phoenicurus fuliginosus,0.3,126.77828190042682,86.49031205688955,40.287969843537255
Prinia inornata,0.3,110.06829460551455,43.30939675725813,66.75889784825644
Milvus migrans,0.3,155.8722073416238,150.3607571378218,5.5114502038020055
Bubulcus coromandus,0.3,35.31904993553247,26.00151184761317,9.317538087919301
Phylloscopus proregulus,0.3,67.06835938974402,51.64717534407897,15.421184045665054
Acrocephalus orientalis,0.3,244.28412455026654,123.20937589058605,121.07474865968051
Aegithalos glaucogularis,0.3,166.66888373976187,76.03147505764008,90.63740868212179
Eudynamys scolopaceus,0.3,102.09854839431414,48.96959245653299,53.128955937781136
Anthus hodgsoni,0.3,-18.998778232377003,-15.769121191311918,-3.2296570410650873
Pterorhinus perspicillatus,0.3,187.26388802611748,54.58870490530008,132.6751831208174
Charadrius dubius,0.3,194.83756572168616,134.63993656374453,60.19762915794162
Poecile palustris,0.3,146.44886160883974,48.65205858578224,97.79680302305749
Actitis hypoleucos,0.3,91.07635752137226,90.96223917764637,0.11411834372589019
Tadorna ferruginea,0.3,279.57066798544884,162.44130339055098,117.12936459489785
Passer cinnamomeus,0.3,229.82449537277824,164.4720340682396,65.35246130453866
Vanellus cinereus,0.3,383.0923251112186,173.64355727036843,209.44876784085017
Pycnonotus xanthorrhous,0.3,161.56124256330253,65.10745970609501,96.45378285720751
Emberiza spodocephala,0.3,96.73985602227674,69.07941488615296,27.660441136123776
Ixobrychus sinensis,0.3,158.56101068857274,102.19669343990486,56.36431724866788
Oriolus chinensis,0.3,73.89776360912124,50.1356672531916,23.76209635592964
Emberiza pusilla,0.3,106.11965777519119,81.03302664855735,25.086631126633836
Chroicocephalus ridibundus,0.3,324.93600177557954,148.8159034384571,176.12009833712244
Pycnonotus jocosus,0.3,88.68449894911353,36.29558196511577,52.38891698399775
Streptopelia decaocto,0.3,169.21988570923966,95.82767843290775,73.39220727633193
Pomatorhinus ruficollis,0.3,103.83058361453728,50.08606827140039,53.74451534313688
Bambusicola thoracicus,0.3,102.82180225170559,46.742739474256105,56.07906277744949
Pardaliparus venustulus,0.3,2.820374573477172,3.521278422332824,-0.7009038488556522
Ficedula albicilla,0.3,32.859285506040855,25.765682015489542,7.093603490551315
Picoides canicapillus,0.3,444.51431951799265,58.2988406087274,386.21547890926524
Hemixos castanonotus,0.3,102.8645306283756,39.25959562872079,63.60493499965481
Tringa glareola,0.3,94.38437082648903,86.70881540775744,7.67555541873158
Abroscopus albogularis,0.3,120.68137745453932,59.65737954158972,61.02399791294959
Saxicola stejnegeri,0.3,246.7618579724743,120.42577579317518,126.33608217929911
Garrulus glandarius,0.3,16.12186414217053,13.856881347833497,2.2649827943370333
Chlidonias hybrida,0.3,377.628453700416,131.76657550105966,245.86187819935634
Corvus corone,0.3,202.861784621399,143.88326342620945,58.97852119518956
Trochalopteron elliotii,0.3,-33.46804634376069,-19.508194569553176,-13.959851774207513
Parus monticolus,0.3,50.3632267440615,25.435611616743255,24.927615127318244
Phylloscopus fuscatus,0.3,86.42192416974558,72.54768347357272,13.87424069617286
Myophonus caeruleus,0.3,102.9832998821597,61.14222719882987,41.84107268332982
Pyrrhocorax pyrrhocorax,0.3,20.173663055259492,14.271949993745187,5.901713061514305
Ficedula zanthopygia,0.3,70.87074417710195,52.89848320271859,17.97226097438336
Pericrocotus cantonensis,0.3,24.698601843055553,16.652123030854863,8.04647881220069
Ixos mcclellandii,0.3,153.47609034893424,56.314068574730555,97.16202177420367
Tringa nebularia,0.3,228.76758318143996,144.14248235897125,84.62510082246871
Dicrurus hottentottus,0.3,-19.394002967856775,-11.659992445527987,-7.734010522328788
Gracupica nigricollis,0.3,96.34928710642247,39.971727266865884,56.37755983955658
Tringa totanus,0.3,192.32367880528133,134.5784557059762,57.74522309930513
Hierococcyx sparverioides,0.3,264.01625539457524,102.13928868986024,161.876966704715
Leiothrix lutea,0.3,-0.3656628532431871,1.0714805300238162,-1.437143383267003
Charadrius alexandrinus,0.3,213.4894823576977,117.07207085181332,96.41741150588439
Dendrocitta formosae,0.3,91.20051824510558,45.48854106564147,45.71197717946412
Aix galericulata,0.3,228.76692251578535,112.62328636704119,116.14363614874415
Motacilla tschutschensis,0.3,155.60703740467673,119.66917639073243,35.9378610139443
Falco amurensis,0.3,314.1664122134296,104.45519212749024,209.71122008593937
Delichon dasypus,0.3,-81.09554475543136,-65.61323634856222,-15.482308406869139
Lonchura striata,0.3,45.14751983776852,24.745192111590807,20.402327726177717
Garrulax canorus,0.3,100.51193755987354,51.58453056858339,48.92740699129015
Amaurornis phoenicurus,0.3,79.73848984206892,45.39147502214417,34.34701481992474
Lanius tephronotus,0.3,31.446388443393662,19.581510500764068,11.864877942629596
Columba livia,0.3,-393.82646591474736,-393.82646591474736,0
Phylloscopus claudiae,0.3,126.89122195975273,50.759532858160924,76.1316891015918
Emberiza elegans,0.3,149.59640138272508,91.82040979734384,57.77599158538122
Gyps himalayensis,0.3,14.912942025832516,9.800453579299932,5.112488446532584
Recurvirostra avosetta,0.3,318.34388540122086,103.30436430602171,215.03952109519915
Culicicapa ceylonensis,0.3,169.39246125122736,82.67155014837255,86.72091110285483
Columba rupestris,0.3,102.30310612262151,61.21793160227144,41.085174520350066
Apus nipalensis,0.3,167.44605750067427,73.78129572574554,93.66476177492873
Accipiter nisus,0.3,162.48518983532287,113.70473792995085,48.78045190537201
Tringa ochropus,0.3,290.17607247877254,257.0615803344438,33.11449214432867
Phoenicurus ochruros,0.3,39.82562717103419,22.54759887793355,17.278028293100643
Turdus rubrocanus,0.3,-20.17286547396862,-12.355534431392034,-7.817331042576588
Carpodacus erythrinus,0.3,107.79945867715067,84.01477046409833,23.78468821305234
Psilopogon virens,0.3,156.1744356009192,54.98655888566129,101.1878767152579
Gallinago gallinago,0.3,186.91392478785102,134.83371653833592,52.08020824951509
Prinia flaviventris,0.3,74.21105400725698,31.352401781896482,42.858652225360494
Motacilla citreola,0.3,252.33673100110482,150.90775858324722,101.42897241785761
Accipiter soloensis,0.3,72.50489712654215,49.49027687768866,23.014620248853486
Accipiter trivirgatus,0.3,111.33952548817803,47.45548491294304,63.884040575234984
Cisticola juncidis,0.3,0.5574839213640261,2.0494977685188376,-1.4920138471548114
Dicrurus leucophaeus,0.3,113.84448817181166,58.73440993214814,55.11007823966353
Ardea intermedia,0.3,502.57196767224696,56.378127402035354,446.19384027021164
Lonchura punctulata,0.3,93.52050512565734,40.31024371230689,53.21026141335045
Orthotomus sutorius,0.3,63.53787883376877,26.901179198851676,36.63669963491709
Falco subbuteo,0.3,169.16357543723694,132.4186293566016,36.74494608063532
Pericrocotus ethologus,0.3,32.16913963803074,21.81489780138521,10.354241836645528
Muscicapa sibirica,0.3,41.30908571277572,34.610000723108485,6.699084989667238
Picumnus innominatus,0.3,79.56030978003234,44.60515679954857,34.955152980483774
Sternula albifrons,0.3,211.86185881902767,65.57409619177083,146.28776262725685
Butorides striata,0.3,80.00105876310344,52.11172678040228,27.889331982701158
Yungipicus canicapillus,0.3,165.6817029602937,62.206812443745896,103.47489051654782
Periparus ater,0.3,19.277729256196956,16.165384760382448,3.1123444958145092
Phylloscopus magnirostris,0.3,1.5955970192223612,2.41955161770075,-0.8239545984783886
Tarsiger cyanurus,0.3,90.68595688736744,68.45888353673236,22.22707335063508
Cuculus sparverioides,0.3,-38.82761506588375,-28.27250314030495,-10.555111925578798
Cyanoderma ruficeps,0.3,177.00780114157178,64.41020019734486,112.5976009442269
Eurystomus orientalis,0.3,64.08301868883936,42.1743533520371,21.908665336802255
Anas carolinensis,0.3,267.2042335958829,192.91624551174638,74.28798808413653
Acrocephalus bistrigiceps,0.3,270.2657801186474,107.2057157006364,163.06006441801102
Centropus sinensis,0.3,105.61532736932834,34.46912079362552,71.14620657570282
Buteo hemilasius,0.3,115.79210832558438,76.72642852904137,39.065679796543016
Pycnonotus aurigaster,0.3,91.51217162398886,34.06138242390244,57.45078920008643
Fringilla montifringilla,0.3,348.33674131132585,147.7543002117175,200.58244109960836
Phylloscopus humei,0.3,62.73375886275306,39.059792020784116,23.67396684196894
Apus pacificus,0.3,46.058054192559936,40.279168319881016,5.778885872678923
Emberiza godlewskii,0.3,-2.814710390631881,-0.8427375576869179,-1.971972832944963
Tringa erythropus,0.3,281.4543649110857,113.98152845650014,167.47283645458558
Enicurus leschenaulti,0.3,98.65647152127679,50.86442635321801,47.79204516805877
Phylloscopus borealis,0.3,-49.39608297524747,-37.2547780029129,-12.141304972334561
Cuculus poliocephalus,0.3,13.049805459134706,12.092588565134434,0.9572168940002725
Phylloscopus coronatus,0.3,-23.44179926850027,-15.83315775748697,-7.608641511013298
Phylloscopus trochiloides,0.3,29.819757459411065,18.741120272872905,11.07863718653816
Pericrocotus solaris,0.3,123.38081121896131,47.6547006500155,75.72611056894581
Aethopyga gouldiae,0.3,62.605458488337646,34.8454245936801,27.760033894657546
Tringa stagnatilis,0.3,163.83069534775197,81.62039715692164,82.21029819083033
Muscicapa dauurica,0.3,325.96131080754304,145.15090436169527,180.81040644584778
Buteo japonicus,0.3,202.93257049123096,156.29407699200894,46.63849349922203
Gelochelidon nilotica,0.3,241.43767284208175,63.10542139346276,178.332251448619
Eumyias thalassinus,0.3,103.55608695816973,54.65732844451695,48.89875851365278
Sitta villosa,0.3,-67.15532581618075,-39.726954164440244,-27.428371651740505
Alauda gulgula,0.3,-23.399604071687808,-19.421470421181922,-3.9781336505058853
Calidris ruficollis,0.3,155.37060256783047,44.59807894618157,110.7725236216489
Pernis ptilorhynchus,0.3,464.1625125207975,299.59115711066954,164.57135541012798
Limosa limosa,0.3,285.16640053638235,86.62909776041015,198.5373027759722
Phylloscopus pulcher,0.3,14.291459133656767,9.988148693918438,4.303310439738329
Ardea purpurea,0.3,295.20879394372105,106.65534331669402,188.55345062702702
Phylloscopus armandii,0.3,19.302835648104217,14.586903391746125,4.715932256358093
Butastur indicus,0.3,10.604803874657032,9.640713200503194,0.9640906741538378
Platalea leucorodia,0.3,292.08539818282156,82.43072231607901,209.65467586674254
Emberiza tristrami,0.3,159.53790665384912,98.29712371427478,61.24078293957433
Spatula querquedula,0.3,155.911213034552,119.7112212702355,36.1999917643165
Alcippe hueti,0.3,71.79739150783189,29.183367060817865,42.61402444701402
Garrulax perspicillatus,0.3,105.85717648796243,31.438874770062007,74.41830171790043
Cinclus pallasii,0.3,-0.7096069263379834,0.37108495753002835,-1.0806918838680117
Calidris ferruginea,0.3,199.9956006748176,75.72320014234364,124.27240053247398
Tadorna tadorna,0.3,243.12646032661337,104.64385492594838,138.482605400665
Chlidonias leucopterus,0.3,184.84904231214483,84.0075781030271,100.84146420911773
Anthus roseatus,0.3,107.83739392306698,63.64931528724346,44.188078635823516
Phoenicurus frontalis,0.3,74.05574336189744,42.14357092475006,31.912172437147383
Mareca strepera,0.3,270.37170691326975,182.2427597581565,88.12894715511324
Periparus rubidiventris,0.3,-69.07988070370367,-42.78077969287758,-26.29910101082608
Eremophila alpestris,0.3,31.71515198157434,20.667079985189936,11.048071996384406
Aythya nyroca,0.3,355.50282541170037,216.3534265528028,139.14939885889754
Calidris acuminata,0.3,141.89131653878573,66.19065808524279,75.70065845354294
Ceryle rudis,0.3,156.16063696593463,53.18157815668931,102.97905880924532
Passer montanus,0.7,135.74015436662404,61.21080578715609,74.52934857946795
Pycnonotus sinensis,0.7,121.06538643472115,22.81907305127909,98.24631338344206
Hirundo rustica,0.7,139.26885858774511,50.56487936240749,88.70397922533763
Spilopelia chinensis,0.7,240.43230242719173,31.20391044428783,209.2283919829039
Pica serica,0.7,359.9472386992718,42.38232686705898,317.56491183221283
Motacilla alba,0.7,41.36863795181257,29.74267752598439,11.625960425828186
Turdus mandarinus,0.7,128.9281211650282,21.2715052522137,107.65661591281447
Egretta garzetta,0.7,210.69355240913873,32.399718688022354,178.29383372111636
Parus minor,0.7,82.22744939608735,18.5968893911167,63.630560004970654
Cyanopica cyanus,0.7,112.2904794321119,17.87993682045503,94.41054261165687
Streptopelia orientalis,0.7,141.0385889292492,64.34404969034316,76.69453923890603
Tachybaptus ruficollis,0.7,293.7186097674739,51.62996864144849,242.0886411260254
Nycticorax nycticorax,0.7,269.83501976407695,24.20896508003676,245.6260546840402
Gallinula chloropus,0.7,324.65922048201895,35.25533800356736,289.4038824784516
Sinosuthora webbiana,0.7,134.52290859027295,24.920305295835913,109.60260329443703
Chloris sinica,0.7,46.735774718116566,12.408249521582908,34.32752519653366
Cecropis daurica,0.7,-11.767779620123818,-2.248572452384246,-9.519207167739571
Acridotheres cristatellus,0.7,69.29200305380536,13.240636935274376,56.05136611853098
Ardeola bacchus,0.7,44.48661199288198,12.410420671610202,32.076191321271786
Copsychus saularis,0.7,53.349224924059065,9.514470380818075,43.83475454324099
Ardea cinerea,0.7,293.9983114779684,46.868737010581036,247.12957446738736
Anas platyrhynchos,0.7,235.78715058679106,55.919799904785236,179.86735068200582
Lanius schach,0.7,129.79741185597277,19.065029806561423,110.73238204941134
Spodiopsar cineraceus,0.7,309.04503107349365,38.94498829168924,270.1000427818044
Alcedo atthis,0.7,88.74351547370341,27.77520974135931,60.968305732344106
Anas zonorhyncha,0.7,209.767275800653,33.794393827852,175.97288197280102
Phasianus colchicus,0.7,286.31011434437886,34.33283618372931,251.97727816064958
Zosterops simplex,0.7,52.0315229359953,11.529452802504583,40.50207013349071
Cuculus canorus,0.7,184.94089168009938,40.96779683402622,143.97309484607317
Corvus macrorhynchos,0.7,182.2345388746554,5.8455083647127815,176.38903050994264
Upupa epops,0.7,198.27614518812044,68.6570120429083,129.61913314521215
Dendrocopos major,0.7,89.69546484959251,18.61373104531703,71.08173380427547
Spodiopsar sericeus,0.7,192.86227166789845,17.267725278369202,175.59454638952926
Dicrurus macrocercus,0.7,-20.441900470516835,-5.189097687071465,-15.25280278344537
Spizixos semitorques,0.7,150.27340608099763,7.151683928203217,143.12172215279443
Phoenicurus auroreus,0.7,35.57676560303508,11.95383177996556,23.622933823069516
Ardea alba,0.7,136.6262259792929,34.75170592101784,101.87452005827507
Himantopus himantopus,0.7,361.59968388446316,26.237179902572937,335.3625039818902
Urocissa erythroryncha,0.7,232.02987600953242,20.15255525887613,211.87732075065628
Aegithalos concinnus,0.7,56.695499305342025,11.491986971127705,45.203512334214324
Lanius cristatus,0.7,5.967806308573843,3.6386677258747078,2.3291385826991355
Fulica atra,0.7,507.72939046515654,27.732290511485623,479.9970999536709
Horornis fortipes,0.7,86.24268914691059,15.98032000160079,70.2623691453098
Eophona migratoria,0.7,60.53484577220556,16.305655267981766,44.22919050422379
Podiceps cristatus,0.7,316.97587267768984,35.90970246085135,281.0661702168385
Picus canus,0.7,47.58246542310639,15.31802023293327,32.26444519017312
Phylloscopus inornatus,0.7,148.6302058556822,29.578576412213096,119.0516294434691
Pterorhinus sannio,0.7,196.08278452266617,1.7630195162888822,194.31976500637728
Motacilla cinerea,0.7,103.13488034852111,57.37438849770704,45.76049185081406
Sterna hirundo,0.7,237.20962575786658,39.524971833317224,197.68465392454937
Falco tinnunculus,0.7,188.184266784289,78.31452220504794,109.86974457924107
Hypsipetes leucocephalus,0.7,46.700398028418924,8.77150860331329,37.92888942510563
Apus apus,0.7,40.72846138819548,13.729816070964201,26.998645317231272
Cuculus micropterus,0.7,105.86963525378489,21.892885226044477,83.97675002774041
Phalacrocorax carbo,0.7,180.81576736908593,35.83423478813287,144.98153258095306
Phoenicurus fuliginosus,0.7,126.77828190042682,19.894988712084814,106.883293188342
Prinia inornata,0.7,110.06829460551455,14.114616998879717,95.95367760663484
Milvus migrans,0.7,155.8722073416238,42.708798132596364,113.16340920902745
Bubulcus coromandus,0.7,35.31904993553247,8.876425794084096,26.442624141448377
Phylloscopus proregulus,0.7,67.06835938974402,23.3571707787125,43.711188611031524
Acrocephalus orientalis,0.7,244.28412455026654,29.59325867523557,214.690865875031
Aegithalos glaucogularis,0.7,166.66888373976187,15.595684990017666,151.0731987497442
Eudynamys scolopaceus,0.7,102.09854839431414,15.72416971741362,86.37437867690052
Anthus hodgsoni,0.7,-18.998778232377003,-6.482571697523109,-12.516206534853897
Pterorhinus perspicillatus,0.7,187.26388802611748,3.065179994783356,184.19870803133412
Charadrius dubius,0.7,194.83756572168616,28.69956195299232,166.13800376869384
Poecile palustris,0.7,146.44886160883974,14.504571057247711,131.94429055159202
Actitis hypoleucos,0.7,91.07635752137226,57.38986162241156,33.6864958989607
Tadorna ferruginea,0.7,279.57066798544884,40.87561852496328,238.69504946048556
Passer cinnamomeus,0.7,229.82449537277824,4.798247966479239,225.026247406299
Vanellus cinereus,0.7,383.0923251112186,20.559230870781555,362.53309424043704
Pycnonotus xanthorrhous,0.7,161.56124256330253,1.6477211109382508,159.91352145236428
Emberiza spodocephala,0.7,96.73985602227674,28.66830262940446,68.07155339287227
Ixobrychus sinensis,0.7,158.56101068857274,26.16423685592539,132.39677383264734
Oriolus chinensis,0.7,73.89776360912124,19.38704527959724,54.510718329524
Emberiza pusilla,0.7,106.11965777519119,34.14953127019774,71.97012650499344
Chroicocephalus ridibundus,0.7,324.93600177557954,28.154998754510924,296.7810030210686
Pycnonotus jocosus,0.7,88.68449894911353,6.12655704728142,82.55794190183211
Streptopelia decaocto,0.7,169.21988570923966,24.138943823760457,145.08094188547923
Pomatorhinus ruficollis,0.7,103.83058361453728,14.957117821130906,88.87346579340637
Bambusicola thoracicus,0.7,102.82180225170559,4.7730866413015836,98.048715610404
Pardaliparus venustulus,0.7,2.820374573477172,2.3183179804896783,0.5020565929874936
Ficedula albicilla,0.7,32.859285506040855,14.752727820529541,18.106557685511316
Picoides canicapillus,0.7,444.51431951799265,0.7067827546646259,443.807536763328
Hemixos castanonotus,0.7,102.8645306283756,9.873754437727607,92.99077619064799
Tringa glareola,0.7,94.38437082648903,27.920896418468725,66.4634744080203
Abroscopus albogularis,0.7,120.68137745453932,15.751072904101862,104.93030455043746
Saxicola stejnegeri,0.7,246.7618579724743,39.37389628889992,207.3879616835744
Garrulus glandarius,0.7,16.12186414217053,3.9604161561004667,12.161447986070064
Chlidonias hybrida,0.7,377.628453700416,29.4650612570873,348.1633924433287
Corvus corone,0.7,202.861784621399,33.01864527322161,169.8431393481774
Trochalopteron elliotii,0.7,-33.46804634376069,-2.0691178243405104,-31.398928519420178
Parus monticolus,0.7,50.3632267440615,0,50.3632267440615
Phylloscopus fuscatus,0.7,86.42192416974558,33.422375600730156,52.999548569015424
Myophonus caeruleus,0.7,102.9832998821597,16.91896778390992,86.06433209824978
Pyrrhocorax pyrrhocorax,0.7,20.173663055259492,5.058222508026679,15.115440547232813
Ficedula zanthopygia,0.7,70.87074417710195,20.40813558992797,50.46260858717398
Pericrocotus cantonensis,0.7,24.698601843055553,6.903842923246386,17.794758919809166
Ixos mcclellandii,0.7,153.47609034893424,16.21429905092644,137.26179129800778
Tringa nebularia,0.7,228.76758318143996,16.14724667684246,212.6203365045975
Dicrurus hottentottus,0.7,-19.394002967856775,-3.3542593721855387,-16.039743595671236
Gracupica nigricollis,0.7,96.34928710642247,8.07886605432024,88.27042105210222
Tringa totanus,0.7,192.32367880528133,15.972198025920866,176.3514807793605
Hierococcyx sparverioides,0.7,264.01625539457524,25.648407000178988,238.36784839439625
Leiothrix lutea,0.7,-0.3656628532431871,0.8401181605319967,-1.2057810137751839
Charadrius alexandrinus,0.7,213.4894823576977,6.474491619828659,207.01499073786906
Dendrocitta formosae,0.7,91.20051824510558,11.780616267235466,79.41990197787013
Aix galericulata,0.7,228.76692251578535,27.565485407943854,201.20143710784149
Motacilla tschutschensis,0.7,155.60703740467673,39.66920243932635,115.93783496535038
Falco amurensis,0.7,314.1664122134296,24.81495648281955,289.3514557306101
Delichon dasypus,0.7,-81.09554475543136,-32.11465146263284,-48.98089329279852
Lonchura striata,0.7,45.14751983776852,9.790167353791018,35.3573524839775
Garrulax canorus,0.7,100.51193755987354,17.314824795501654,83.1971127643719
Amaurornis phoenicurus,0.7,79.73848984206892,14.11612649040651,65.6223633516624
Lanius tephronotus,0.7,31.446388443393662,7.0391300733504165,24.407258370043248
Columba livia,0.7,-393.82646591474736,-393.82646591474736,0
Phylloscopus claudiae,0.7,126.89122195975273,1.1257333078082299,125.7654886519445
Emberiza elegans,0.7,149.59640138272508,18.814555553807924,130.78184582891714
Gyps himalayensis,0.7,14.912942025832516,3.3163404943292107,11.596601531503305
Recurvirostra avosetta,0.7,318.34388540122086,19.6546471646273,298.68923823659355
Culicicapa ceylonensis,0.7,169.39246125122736,7.912161875717822,161.48029937550956
Columba rupestris,0.7,102.30310612262151,18.90572408970784,83.39738203291367
Apus nipalensis,0.7,167.44605750067427,15.738555556306206,151.70750194436806
Accipiter nisus,0.7,162.48518983532287,48.69217087904807,113.79301895627479
Tringa ochropus,0.7,290.17607247877254,74.60851179917901,215.5675606795935
Phoenicurus ochruros,0.7,39.82562717103419,7.066832861523899,32.75879430951029
Turdus rubrocanus,0.7,-20.17286547396862,-3.2276034480835714,-16.94526202588505
Carpodacus erythrinus,0.7,107.79945867715067,25.17444431440248,82.62501436274819
Psilopogon virens,0.7,156.1744356009192,12.723517276073022,143.45091832484616
Gallinago gallinago,0.7,186.91392478785102,34.425128891735405,152.48879589611562
Prinia flaviventris,0.7,74.21105400725698,8.061127593432362,66.14992641382462
Motacilla citreola,0.7,252.33673100110482,34.338837287870916,217.9978937132339
Accipiter soloensis,0.7,72.50489712654215,17.127112091888822,55.37778503465333
Accipiter trivirgatus,0.7,111.33952548817803,15.871226215280977,95.46829927289704
Cisticola juncidis,0.7,0.5574839213640261,1.9345620864062676,-1.3770781650422412
Dicrurus leucophaeus,0.7,113.84448817181166,16.013622045885633,97.83086612592604
Ardea intermedia,0.7,502.57196767224696,0,502.57196767224696
Lonchura punctulata,0.7,93.52050512565734,13.306666977139644,80.2138381485177
Orthotomus sutorius,0.7,63.53787883376877,7.402330629772939,56.13554820399583
Falco subbuteo,0.7,169.16357543723694,36.66951930664504,132.4940561305919
Pericrocotus ethologus,0.7,32.16913963803074,3.273905292121969,28.895234345908772
Muscicapa sibirica,0.7,41.30908571277572,14.667047895771882,26.64203781700384
Picumnus innominatus,0.7,79.56030978003234,15.218759535504617,64.34155024452772
Sternula albifrons,0.7,211.86185881902767,17.022167852806803,194.83969096622087
Butorides striata,0.7,80.00105876310344,18.059492649437487,61.94156611366595
Yungipicus canicapillus,0.7,165.6817029602937,0.28716729804283336,165.39453566225086
Periparus ater,0.7,19.277729256196956,2.774118131714486,16.50361112448247
Phylloscopus magnirostris,0.7,1.5955970192223612,0.7345030216892328,0.8610939975331284
Tarsiger cyanurus,0.7,90.68595688736744,29.023512998006087,61.662443889361356
Cuculus sparverioides,0.7,-38.82761506588375,-10.211777844495046,-28.615837221388702
Cyanoderma ruficeps,0.7,177.00780114157178,14.563630027642576,162.4441711139292
Eurystomus orientalis,0.7,64.08301868883936,13.702127074179234,50.38089161466013
Anas carolinensis,0.7,267.2042335958829,33.394585282071795,233.80964831381112
Acrocephalus bistrigiceps,0.7,270.2657801186474,17.91918479289879,252.34659532574864
Centropus sinensis,0.7,105.61532736932834,6.126268237852542,99.4890591314758
Buteo hemilasius,0.7,115.79210832558438,27.49267907561783,88.29942924996655
Pycnonotus aurigaster,0.7,91.51217162398886,8.456336000176037,83.05583562381284
Fringilla montifringilla,0.7,348.33674131132585,25.586755022746786,322.74998628857907
Phylloscopus humei,0.7,62.73375886275306,11.979739005091837,50.75401985766122
Apus pacificus,0.7,46.058054192559936,21.032842474396247,25.025211718163693
Emberiza godlewskii,0.7,-2.814710390631881,0.23356006986679312,-3.0482704604986743
Tringa erythropus,0.7,281.4543649110857,24.64003143301949,256.8143334780662
Enicurus leschenaulti,0.7,98.65647152127679,9.154134586506652,89.50233693477013
Phylloscopus borealis,0.7,-49.39608297524747,-17.162153677405623,-32.23392929784184
Cuculus poliocephalus,0.7,13.049805459134706,6.001686990308265,7.048118468826442
Phylloscopus coronatus,0.7,-23.44179926850027,-4.451297535401253,-18.990501733099016
Phylloscopus trochiloides,0.7,29.819757459411065,7.55419788141222,22.265559577998843
Pericrocotus solaris,0.7,123.38081121896131,13.582281161003003,109.79853005795832
Aethopyga gouldiae,0.7,62.605458488337646,5.742470033791001,56.862988454546645
Tringa stagnatilis,0.7,163.83069534775197,14.178399495505529,149.65229585224645
Muscicapa dauurica,0.7,325.96131080754304,33.06890204209511,292.89240876544795
Buteo japonicus,0.7,202.93257049123096,56.74107507285392,146.19149541837706
Gelochelidon nilotica,0.7,241.43767284208175,18.967798647176156,222.4698741949056
Eumyias thalassinus,0.7,103.55608695816973,11.620583120449064,91.93550383772067
Sitta villosa,0.7,-67.15532581618075,-6.149942257657212,-61.00538355852353
Alauda gulgula,0.7,-23.399604071687808,-4.9896261871068095,-18.409977884580996
Calidris ruficollis,0.7,155.37060256783047,4.2692295983525925,151.1013729694779
Pernis ptilorhynchus,0.7,464.1625125207975,1.7375221557167468,462.4249903650808
Limosa limosa,0.7,285.16640053638235,17.891195798953603,267.27520473742874
Phylloscopus pulcher,0.7,14.291459133656767,4.127433149346296,10.164025984310472
Ardea purpurea,0.7,295.20879394372105,18.196403104643302,277.01239083907774
Phylloscopus armandii,0.7,19.302835648104217,5.676324326347938,13.626511321756281
Butastur indicus,0.7,10.604803874657032,5.209160286721118,5.395643587935915
Platalea leucorodia,0.7,292.08539818282156,25.133474180393513,266.95192400242803
Emberiza tristrami,0.7,159.53790665384912,22.948779286807827,136.58912736704127
Spatula querquedula,0.7,155.911213034552,20.931922553218776,134.9792904813332
Alcippe hueti,0.7,71.79739150783189,6.05987527550304,65.73751623232884
Garrulax perspicillatus,0.7,105.85717648796243,1.3972121007952887,104.45996438716715
Cinclus pallasii,0.7,-0.7096069263379834,0.005739963527532144,-0.7153468898655155
Calidris ferruginea,0.7,199.9956006748176,3.955638737445716,196.0399619373719
Tadorna tadorna,0.7,243.12646032661337,23.06473449188788,220.0617258347255
Chlidonias leucopterus,0.7,184.84904231214483,16.455670694725242,168.3933716174196
Anthus roseatus,0.7,107.83739392306698,19.384075597572856,88.45331832549412
Phoenicurus frontalis,0.7,74.05574336189744,12.574417958790313,61.48132540310713
Mareca strepera,0.7,270.37170691326975,40.53519103412351,229.83651587914625
Periparus rubidiventris,0.7,-69.07988070370367,-10.938635805969346,-58.14124489773432
Eremophila alpestris,0.7,31.71515198157434,7.015074466502469,24.70007751507187
Aythya nyroca,0.7,355.50282541170037,27.832156607907738,327.67066880379264
Calidris acuminata,0.7,141.89131653878573,14.005820618645956,127.88549592013979
Ceryle rudis,0.7,156.16063696593463,5.540200365281003,150.62043660065362
