species,trend_class,trend_slope,bio4,bio7,bio11,bio13,elev_mean,hfi_mean,landcover_built,landcover_cropland,centroid_lat,centroid_lon
Passer montanus,expanding,0.024649780933687377,301.35650183164694,33.10705327257542,21.476063637505543,13.117838352302988,802.4484914062155,4.281887065869531,0.010420927111331123,0.04993347981107143,36.22264810375842,106.64019303489331
Pycnonotus sinensis,expanding,0.023403881658696665,203.54482993684,17.646374387663954,12.027820269124865,7.703278462077715,407.36120458851394,2.3654884724599787,0.005095963107649405,0.02209955905765389,32.75814018474463,113.96761719838669
Hirundo rustica,expanding,0.02808584325457155,316.1068979052431,35.477317335479775,22.47520540772925,14.014593024531719,876.8580734399511,4.541626607694436,0.011149860287996506,0.05396753502986205,36.41754736473127,108.15376206032599
Spilopelia chinensis,expanding,0.04647803998092174,197.81456120813945,15.735918682826336,12.61027138984566,6.942138359664858,339.2605773749572,2.3114754027301316,0.005765601240523388,0.017824168852288696,32.628037438844146,111.95169439437593
Pica serica,expanding,0.07240228103077098,309.1676771206588,33.14297638699182,21.267258891429087,13.021936801123946,751.9351785810163,4.324764726173696,0.010446265987236237,0.0535578750314398,36.354345221431316,112.61009909130814
Motacilla alba,stable,0.007769086339453237,293.9590765454046,31.86558059713575,21.127506192819528,12.679155735413001,771.5440780374881,4.12795044533209,0.009967150023805646,0.0475837423990849,35.97877296584683,106.07539474000649
Turdus mandarinus,expanding,0.02657332050939326,112.7893375071729,9.218314393456579,6.314321419051157,4.062047411512631,165.47796619191206,1.234531197172451,0.0028642586250806116,0.009907315940130296,30.97866859606394,111.90982959308786
Egretta garzetta,expanding,0.03900389662188837,198.37066774119964,18.667047984514564,13.126453146436774,7.913596942576006,460.66402206873806,2.415213582989951,0.005738667050736554,0.02373928286750081,32.979998575966285,111.89256149855949
Parus minor,stable,0.013545737077107064,191.9251607501084,19.635385994658137,12.311568810705815,8.069405429948313,478.80500258484227,2.5147921288879655,0.006390910410919063,0.028609630912367297,33.46310431707135,111.47162004269549
Cyanopica cyanus,expanding,0.021104255006697846,337.6932869271375,39.47721072378632,20.361631815693947,15.08484952557263,850.0045637420421,4.910326462986262,0.011375797991381444,0.060615681408444984,38.50673249589629,114.39110398964439
Streptopelia orientalis,expanding,0.026149204550609716,268.6279705843138,32.43506838545919,17.75429407337199,12.562497478579076,812.2398389150302,3.9670952948870863,0.009695317588993033,0.05001956435478129,35.91411177433006,108.13200490092248
Tachybaptus ruficollis,expanding,0.060138664135947616,311.1415646116647,32.644563268124045,22.358499306073774,13.036056842455004,800.063891203789,4.244472251750067,0.01043746286117492,0.04949311713267331,35.706643207231856,111.07554324182986
Nycticorax nycticorax,expanding,0.057737688793568526,263.1530388618381,23.46063389452947,17.945368890125135,10.257092816348381,573.187239220267,3.329750212094624,0.008038113677004681,0.03632499489553323,34.06697889267815,111.22211909159849
Gallinula chloropus,expanding,0.06701135531935565,336.73368331022283,35.40665845190542,23.924369119767857,14.22629897196557,886.8338149716773,4.779923629877856,0.011645984879302938,0.05988434268616014,36.20558866257079,109.69134257520292
Sinosuthora webbiana,expanding,0.02757728169779591,238.81025330114394,22.644791478902867,13.654132026821811,9.494237808104385,516.5991171666797,2.871475316787165,0.0060766516572174295,0.021881922863579345,34.51896409319883,114.78768141272015
Chloris sinica,stable,0.010005980529412959,317.91776461987564,29.636073048945978,22.206997702267188,11.808755539139376,571.2584058971408,4.534033057889123,0.011422967331827134,0.05780289934215151,35.76645234356053,113.45357896988057
Cecropis daurica,stable,3.712558708972645e-5,214.4472341589042,26.576115807790035,13.299116136917736,10.43537184484592,700.5599532674936,3.1475830777855083,0.008025047776648237,0.042014680189607675,34.35346010406345,113.83993848921652
Acridotheres cristatellus,expanding,0.017766350543320805,104.86907585666907,7.802271688007276,5.593160068265017,3.506887660861129,129.7421137183911,1.0684778737046543,0.0027364595348899614,0.008826789429195925,30.087068473826708,112.46419288088842
Ardeola bacchus,expanding,0.015008084262640786,189.35889634296998,15.781498144034769,11.942813488413309,6.988790165893182,366.0893337631747,2.2441717038791893,0.004893831939790519,0.02629186534864748,32.33070130944016,111.85415851907628
Copsychus saularis,expanding,0.011614287937353708,10.816056165757841,0.6120655166135642,0.9230707507011339,0.2988307976274591,7.417449537490458,0.1329302614825659,3.658803524145145e-4,0.0021513598810679615,27.84574785100219,110.59260669470925
Ardea cinerea,expanding,0.06179062578285373,334.8567007008255,36.62918690878478,23.81124936650767,14.495477102884129,882.796222499636,4.776817811610837,0.011671339027746133,0.05743628665406348,36.71906915481001,108.89416952351644
Anas platyrhynchos,expanding,0.049516796163440055,339.10742321487027,37.39367507517995,24.180270833610383,14.816533511652665,910.7127275094393,4.817707955002098,0.011675081266392924,0.05646070280953054,37.349841338294056,106.84388927282647
Lanius schach,expanding,0.027306458933473807,63.880272947257644,5.210180993878734,3.8225691375781112,2.3273092593145086,94.30211204252329,0.6471891568752911,0.0016081608439234086,0.005025721835008073,30.099272385552133,110.53263210998495
Spodiopsar cineraceus,expanding,0.06203637188879589,306.77168754412907,34.09832593366224,21.15448264536342,13.283018709198503,788.596879534355,4.321668505879815,0.010415501403118697,0.05420343135328158,36.55194648414985,113.7051811241499
Alcedo atthis,expanding,0.0169518114956602,258.6609738425156,31.606208466444084,17.079207131087763,12.253220293585699,752.9499710463602,3.93447834326679,0.009785783773423548,0.05596545928150778,35.47167656116362,112.8260281311352
Anas zonorhyncha,expanding,0.04070647907524625,320.42297795596403,35.807568076934636,21.390283142334514,14.020297665160884,829.0902413748852,4.530661538807092,0.01043453377389607,0.058545908856584415,37.048604917513245,113.2045763179819
Phasianus colchicus,expanding,0.05019119213854378,357.2274211143534,37.821232480689716,25.483791186934383,14.980277386721538,894.2979502321338,4.96293549537032,0.011839752269546536,0.058104080669737886,37.35697437795952,109.22154181682112
Zosterops simplex,expanding,0.010580368769845076,106.16093182968149,7.195881767425749,5.803397732215661,3.4644205089089977,137.09552451204254,1.022610802256765,0.002426646784848169,0.007831971150111416,30.364913647969065,111.97099100438912
Cuculus canorus,expanding,0.036940609138891134,315.5513541567699,34.74446651181982,22.43813642641972,13.734907347368218,838.838099248325,4.488637849335863,0.01091334136326317,0.05235463190711963,36.886588294734175,105.76580467355865
Corvus macrorhynchos,stable,0.025641674868501812,231.30710439454535,25.203140605275273,14.932674770248779,10.097372893989855,570.3501254129312,3.2204322558324514,0.0065922045552422185,0.03899199519596432,34.964263644901756,108.10914693995464
Upupa epops,expanding,0.03677770402507617,317.474827257194,34.968438047708986,22.399647183263063,13.795053017182845,838.5229414267363,4.467027212150558,0.010622511898920032,0.05198711811940346,36.883202903134766,105.61838203041145
Dendrocopos major,stable,0.012038769442754655,337.77529436666697,36.07442435841419,22.20619565203594,14.046364627701289,728.0310527621298,4.8354221408017555,0.011571656679115217,0.06158621553603606,37.51247831172067,111.44679570852206
Spodiopsar sericeus,expanding,0.03929800093626824,101.63213655114077,7.60156575882493,5.881960948603352,3.318839116900022,110.48537581185678,1.0257625055380166,0.0025789130322444206,0.006361789213217588,30.240032033173936,112.74546966153133
Dicrurus macrocercus,stable,-0.005465815896865404,110.2828348063993,6.937188588552502,6.28755739247409,3.24176864972898,101.17680430977245,1.204463466417596,0.003698823464566295,0.007567602318865158,30.70238747701554,110.98406525575601
Spizixos semitorques,expanding,0.029024289626778933,48.07579319367698,4.952573272463175,2.4264508547046124,1.9681746047289688,75.45633628716764,0.5956077079526477,8.979805140676931e-4,0.004276047025447902,30.23729493292346,111.9821315667837
Phoenicurus auroreus,stable,0.004910492884146818,222.10684457951413,22.929254290812974,14.815729998778092,9.041572107482814,490.0209734095192,3.030814529198137,0.0073953887578198565,0.03670218816023228,34.18427005999453,112.42611278313353
Ardea alba,expanding,0.028876815638627942,356.43098521153365,38.660700943745105,25.64851510893071,15.460909175336365,965.4225090662467,5.132786552385186,0.012773043176661518,0.06106209012127475,36.96050007376382,108.48252655054971
Himantopus himantopus,expanding,0.07513418023937025,384.5057697051007,42.9841475405189,27.63872123188123,17.0224304371307,1075.2257058800703,5.320569717741853,0.01197473883340685,0.06443688373740551,38.0659239573295,108.73049121231246
Urocissa erythroryncha,expanding,0.04462354150957543,132.3299969831265,9.344484502618773,7.044269429848258,4.3599582451408745,187.9044341788153,1.384466336604441,0.003588271152324348,0.010410584906110151,30.84794135766853,111.23873511140278
Aegithalos concinnus,expanding,0.009998939924273772,8.762933289100408,1.1456925799468096,0.3604520897053035,0.47963771081302387,27.509241870326075,0.10039373165087263,1.6144096138757843e-4,8.115976298587295e-4,28.68639626410814,109.69193930513264
Lanius cristatus,stable,0.004230734292804698,286.4056951572198,31.48644746003405,19.81335380857765,12.305501022412475,719.3981781268952,4.117289679676168,0.010088482620256075,0.0531598629185105,35.7504350294262,113.03171620711214
Fulica atra,expanding,0.10928598426153271,322.48619792106854,36.2331005674519,22.688287997773923,14.356727110008102,879.4060374489403,4.5161121681918415,0.01039708796837952,0.05568912479846934,36.939237560225756,108.12124100431689
Horornis fortipes,expanding,0.01665311781636013,19.45843065211191,2.2931051800436917,0.8474262219010102,0.9624589027036783,44.37687544672523,0.241181784888915,4.836837535112119e-4,0.002351474509246791,29.040744839428964,110.37653806425615
Eophona migratoria,stable,0.013974903524330083,220.29957351473806,23.80796351771925,12.01457673248842,9.560188839884011,530.3898318300155,2.874190699935261,0.00584549936224988,0.02893704565026407,34.38933503566122,115.18881285804652
Podiceps cristatus,expanding,0.06266070765622982,355.4878733613948,38.9671566466589,24.930622025085295,15.436860910997666,942.9162333761967,4.984541950903251,0.011466123342165312,0.0592719736654773,37.8071640910992,106.84195534802069
Picus canus,stable,0.004133241436553465,290.2925595895635,33.561432891766785,19.089004968637834,13.088691835226575,742.294705615312,4.018532571942887,0.009058034846107146,0.048656159210010715,37.01790099614852,110.85371536335843
Phylloscopus inornatus,expanding,0.02988041526933748,224.88559888499228,27.146410506815258,14.329177533457385,10.57345499734093,674.4036841797035,3.3393121216468837,0.00845659208141435,0.045373306239136234,34.56899584579004,114.09397985851946
Pterorhinus sannio,expanding,0.03971416469597567,17.23099876017726,1.4237255685813324,0.9278632852479359,0.5912586254382884,19.3580633760791,0.1702333527543607,3.11882003090559e-4,0.0010643182874750647,28.677055786253817,108.33546308885221
Motacilla cinerea,stable,0.01918299625388841,278.6154947429613,33.008995313316404,19.217952251260186,12.98388364823124,833.9846195640148,4.134348286618791,0.010179000131500346,0.05095492681077414,36.07627594922643,107.86406798088214
Sterna hirundo,expanding,0.047525642225207054,371.63666986709956,41.33105846820452,27.002314271742364,16.237445511751286,966.6568405455636,5.308392170168745,0.012375124558406319,0.06377651365552031,38.51706216496718,105.12870631388844
Falco tinnunculus,expanding,0.041954990435085215,311.02552431131693,34.351448299816916,22.20650463302467,13.606489820267479,840.0123612006495,4.412302112205054,0.010682291166509879,0.051416943930577094,36.55734340455309,106.12755211844342
Hypsipetes leucocephalus,stable,0.007192942412961836,2.236667494743756,0.19162092285640114,0.1211536281317446,0.08955843367081734,4.927894798752376,0.025422587255520775,8.858281138646754e-5,2.4154357543131234e-4,27.378025005225734,108.9572298352522
Apus apus,stable,0.0063794216501984686,473.63690892685804,52.25602520157192,33.45945127304579,20.679153367982323,1264.5005776648754,6.882084222137585,0.01683803706388338,0.08079466491068486,40.75324220681369,105.00654773605457
Cuculus micropterus,expanding,0.02015562895270054,202.83251663464745,25.02360077809571,12.289947598137742,9.852500801007414,670.451188623899,2.9340759692361114,0.007593197694313477,0.037080304114426234,33.87926672822691,114.35329220373828
Phalacrocorax carbo,expanding,0.03517301231234484,357.50058585810075,39.70644020642351,25.69341103681806,15.694774872609539,978.4145694943988,5.062309431637959,0.012144805207785348,0.06023475893045941,37.60295164098474,107.7779293025632
Phoenicurus fuliginosus,expanding,0.024464575464730662,61.72529568650716,3.948514650612636,4.181949811440856,1.8046663524900046,48.23388995895898,0.7983788717430528,0.0026175499504484554,0.005619021422439099,30.32018285343677,106.67258954372983
Prinia inornata,expanding,0.02437855934359233,15.509769508605835,1.0599956977676344,0.6377265438690646,0.48693786741295236,16.010760597802356,0.19550143836959674,0.0011217022675759426,0.0011966537091399145,28.27707673957435,111.03388573247874
Milvus migrans,stable,0.02350539871813886,274.20358343570217,30.939187643851795,19.957669599487982,12.213082375642319,752.137535363763,3.8189034921366383,0.008557280881004603,0.04522501173149519,35.926120677004896,104.10664897829628
Bubulcus coromandus,stable,-1.388195648874495e-4,132.94267211795434,10.434474880821838,8.8526562082687,4.434581840966743,180.50832027216396,1.6020038407756858,0.004372215332469823,0.02126567338244014,31.35708032240566,110.10133448255304
Phylloscopus proregulus,expanding,0.013555598092160403,247.78542594052723,28.84799782643531,15.970662826579101,11.042668469188387,657.5658834855792,3.6666620528369895,0.009195089545732381,0.049293900617309025,34.982719800643096,113.95448428875513
Acrocephalus orientalis,expanding,0.050248769908117455,366.156509167219,39.14560355163484,26.090977581672803,15.358159219940966,887.6536600256426,5.14068456186709,0.01259632921565207,0.06556631317935027,37.40974638096306,114.95212978782641
Aegithalos glaucogularis,expanding,0.034282585344759794,368.82033517859145,32.599522131388156,22.595880416879027,13.282192988037824,561.4216469077145,4.632803261361293,0.009764850821929665,0.04529935271815214,37.970997898465264,113.74168802562431
Eudynamys scolopaceus,expanding,0.021259268410538382,70.93137442809186,5.2625110148120635,4.354310330577723,2.4656232530971565,90.65387327209628,0.9019841786512315,0.0025237645443505433,0.007867063157186069,30.170177177427277,111.3348232525343
Anthus hodgsoni,stable,-0.006704847104453383,189.57508367807006,20.910762370486804,11.934768596016168,7.969344198819146,405.5100382124128,2.8234545508129205,0.006964569363147322,0.039320980652526545,33.87590023124577,110.88892823283909
Pterorhinus perspicillatus,expanding,0.03853057986896289,31.400337279813883,3.505005583807236,1.3783247709714868,1.4252422728661385,61.49390626225487,0.4192018831983717,8.23367829445054e-4,0.0043300836297353535,28.660387969733417,113.34922796189201
Charadrius dubius,expanding,0.03632609767488941,368.2186551242892,41.47157341136143,26.525868406466472,16.317162367786466,1020.0821592780007,5.331108558670642,0.013247100137214574,0.06425207548565545,37.592618613975255,109.27426059405677
Poecile palustris,expanding,0.026590974574832924,503.99986286498944,58.70811760925687,30.711609651589306,22.511942332179764,1227.2751386790912,7.994810065898508,0.020635581230322386,0.10833835435829094,41.87743793091145,118.40985108726235
Actitis hypoleucos,expanding,0.02609096526718598,312.6296734409307,35.08917577978023,22.460916535575667,13.876191320214325,869.5271285185405,4.469475548313421,0.010878694991771543,0.05294307618410439,36.458848624641014,107.39201878739085
Tadorna ferruginea,expanding,0.04841662263489904,360.54289392818777,36.8438030414832,26.11847618479168,14.909811787301985,886.4461752897141,4.899754061573226,0.011546401582820286,0.05505380808332859,37.63962203966957,103.37490366039678
Passer cinnamomeus,expanding,0.0329842963845264,129.98586604684203,9.178931604851943,8.543383107743093,4.257479895791754,163.5472601256526,1.5517863977207842,0.003815822906915607,0.009326527422604943,31.82402901132693,106.7998953859282
Vanellus cinereus,expanding,0.07812376506572583,327.94333572112333,32.87238162352115,24.801817675212607,13.19359523494047,768.1099797057923,4.589024711104518,0.011430380569291514,0.05848156105083579,35.89053640682326,113.81015867203496
Pycnonotus xanthorrhous,expanding,0.030758920951200728,14.805639824140048,1.5933922107882468,0.6753650466442775,0.6336009664644345,25.57669879488619,0.18290970296604642,2.969471480931976e-4,0.001274797391580929,29.294468414534265,106.99654132421637
Emberiza spodocephala,stable,0.01639477530023636,258.91261211815095,31.03917163768809,15.800411427087315,11.709109185669645,655.2603088091064,4.045145739646723,0.010226093960830192,0.0558629260845492,35.7909107961582,114.6942503675242
Ixobrychus sinensis,expanding,0.03364585178405539,309.50377158333424,29.18728500721147,21.732375394483086,11.953429081458053,695.5515789052914,4.082726783950226,0.010219104428787155,0.051265015925584474,34.75617283559234,114.97935715481535
Oriolus chinensis,expanding,0.015497639369681647,214.68324925196274,25.028410307618625,11.689441501635178,9.554804710626113,542.0389181484688,3.3477345310838107,0.008435196284233821,0.046775335717619666,34.20451271786942,114.48037891770441
Emberiza pusilla,stable,0.016002307093250297,231.80064367399925,27.78625943863286,14.482230895499145,10.714205692589873,660.9518103811782,3.257718905609896,0.007635655417957696,0.03936539857374467,34.85956436766053,113.2739853185504
Chroicocephalus ridibundus,expanding,0.0604521337052043,378.4705576460287,42.56579361975174,26.95782401827953,16.876274835029268,1083.6865844393208,5.247029526540299,0.01228996108644341,0.06317296817799145,37.94231472079004,107.86096909526775
Pycnonotus jocosus,expanding,0.017236080688451144,28.683633884118343,1.146958872219139,2.964802819928291,0.6854485019530424,17.6949260242124,0.2193836589610322,4.057910462384558e-4,0.0012918327059721435,25.76657319944092,109.81560289495314
Streptopelia decaocto,expanding,0.034552766796438684,507.0502727942553,51.54991912971736,36.866083093686,20.958603099747478,1258.9733715332995,6.866368247311687,0.0164784369641429,0.07403841590570687,40.514250183264444,105.00236853087289
Pomatorhinus ruficollis,expanding,0.019245901962902656,3.0723174368534205,0.29010840210900696,0.16592461933183394,0.12827381338923233,6.688283575811187,0.034696050668768005,1.0664365454481982e-4,2.6572262276514677e-4,27.792407365173688,108.37934871043883
Bambusicola thoracicus,expanding,0.01977934168222575,17.058706643331448,2.1935964719481267,0.8131794836076452,0.8022055115116261,32.638036374245615,0.24939657370056298,5.255908188351613e-4,0.0022091650994074544,28.61353972589403,111.69974761174662
Pardaliparus venustulus,stable,-0.003436441147517035,244.25481859065363,23.17924037298747,13.795662978406256,9.514753767117233,447.4229612637148,3.140651823187334,0.007360207294028666,0.029614434695690858,34.78195441584083,113.6534031601754
Ficedula albicilla,stable,0.005683127490713345,279.4801330593425,30.827615191673058,19.863950957959652,12.082504859206699,702.993834210999,3.961120575242043,0.009646288172246395,0.050940667931351755,35.59663229054891,112.31124180214849
Picoides canicapillus,expanding,0.08140693155121777,264.6812051246886,27.067861907000093,15.776900469301435,10.687885117903914,497.54112056445786,4.000388597105591,0.010364128135628432,0.04848634662299356,35.47758854539125,113.91967138052064
Hemixos castanonotus,expanding,0.02057207166516551,4.798582319759054,0.4977795187989672,0.2592385179087237,0.2126110537056167,10.648523055190235,0.06380369608312292,1.9161748597475715e-4,7.37590570547662e-4,26.601723820864226,112.67026864952088
Tringa glareola,stable,0.021704179792975068,311.24736471279095,36.07578414437696,21.36010606783288,14.103392067016078,865.4471389541297,4.483025581928096,0.009926708199020754,0.05828565524956175,36.86395130679066,109.87655587237457
Abroscopus albogularis,expanding,0.025525256823008137,14.347414250391813,1.409390557330289,0.629943947362278,0.5924604276568046,22.849986088613978,0.1866948787447266,5.06122711266654e-4,0.001936640112712236,28.443591769208528,109.99430300300472
Saxicola stejnegeri,expanding,0.043651131242530415,260.8461448610037,32.45567338939673,17.08777308311821,12.405781620417358,769.6803190408559,3.8321581375089933,0.008813498167584836,0.05367649335771277,35.604421158516516,115.36342314123496
Garrulus glandarius,stable,0.005324263147105242,193.73005931933355,25.774636127271215,10.995957520026037,9.7597640904383,569.7591062447476,3.1253402542219386,0.008238922145825212,0.04063856144897873,34.53713854517313,113.0304056457251
Chlidonias hybrida,expanding,0.07844341048910351,366.9386708804295,41.1442860777001,26.374890419254672,16.09010134974784,1009.8703360859395,5.168090275744416,0.012280408802174415,0.06224766515541174,37.89023309833315,110.77254913459946
Corvus corone,expanding,0.03895416649268325,370.36802311894263,42.20695611029918,26.05676910363397,16.66155147243418,1049.2813074209648,5.325670841676776,0.01288736832745258,0.06321591421826761,38.36122232822484,105.44122363173925
Trochalopteron elliotii,stable,-0.006335116987626941,65.36443892511093,6.901017649121001,2.7903027780783827,2.6263753332068918,88.79584889991928,0.8136315037058562,0.0011478744784980354,0.004395650005563837,33.11215028494475,98.64599232039302
Parus monticolus,stable,0.009378651717345837,31.9785403474245,3.156974535614026,1.623315059815933,1.346772302638557,65.56175158843558,0.372810187281934,5.393603681547303e-4,0.0019538419112891427,30.359288872701402,101.0705476415012
Phylloscopus fuscatus,stable,0.02083278294920461,237.8797056886492,27.262938036666835,15.284876419659696,10.420167654827726,562.342219104873,3.582186014655966,0.008928868077101922,0.049308316500988714,34.93988944013588,111.83586375091122
Myophonus caeruleus,expanding,0.01981872826150326,36.0767206809175,2.649546053896904,1.8174754082486049,1.245026372248899,50.108427606146336,0.4599044990836511,0.0013445289097362297,0.0038020690731628507,29.23917108925411,106.88725165917754
Pyrrhocorax pyrrhocorax,stable,0.003943372486544439,369.9149939395391,34.23376684166044,27.288922685423188,14.196261411658655,805.108805927696,4.994148453727287,0.011840655191853237,0.04647852758508343,37.59095628603446,97.46353871768875
Ficedula zanthopygia,stable,0.01294545188934006,287.7785994434195,34.47677171729516,17.870873754664213,13.317310591954934,803.634970648246,4.296674559050931,0.010035460234918045,0.05844452604352379,36.401012257109024,116.00393045312755
Pericrocotus cantonensis,stable,0.005200218554510808,18.428847798497387,1.9994199427134112,0.950117318272766,0.8063628245263121,30.07178187318996,0.2766636626078997,6.993219877138812e-4,0.003733328496482918,28.75285874841644,111.23061042364162
Ixos mcclellandii,expanding,0.03136401500371833,3.7857875510958063,0.32892284009943706,0.20575196269660995,0.1475889946919599,6.898212505664447,0.04382853248044351,1.49168646638961e-4,3.3283615615944267e-4,27.7069250405074,109.39454541504632
Tringa nebularia,expanding,0.04408735663966773,292.4988771432894,36.61239885658634,19.10916566266439,14.281378139511231,925.0768316561275,4.368226368414243,0.009233187150824048,0.061504701656259354,36.77269986983272,111.46881603738115
Dicrurus hottentottus,stable,-0.0043954365120517465,73.09072129900217,4.712637762064526,4.271365487409929,2.3364410002946743,83.08102038321378,0.804753897211741,0.002537378870940496,0.005265000710094917,29.532795671965633,111.03622343827313
Gracupica nigricollis,expanding,0.020265733582482855,18.763769090580766,1.8639649861962158,0.8320983874596518,0.8000467314591916,33.246521493895685,0.2172413930739913,5.02267474973078e-4,0.002222139463716071,27.304027709273676,113.2582939976891
Tringa totanus,expanding,0.0433004257249102,364.0581331047304,39.409318768126944,25.860589976239215,15.682885680916185,952.507659072565,5.098605789069736,0.011961469076309237,0.057311479668612025,37.67546559854378,103.25356941068131
Hierococcyx sparverioides,expanding,0.04270709899433075,64.88858302311479,4.276372942353662,4.274393549531884,1.9623485842625918,63.60796281068176,0.7896621337158418,0.002458717065412826,0.005817745658029876,30.213706702670013,108.55849223547219
Leiothrix lutea,stable,-0.00411503070607089,26.080216278753824,2.2980038367282027,1.0659221695667926,0.994991856008609,48.662305333744534,0.2300558872540978,4.0216211647966154e-4,0.001629734092453475,28.53151319977453,109.26446699124504
Charadrius alexandrinus,expanding,0.04622346930480586,338.6498578201771,40.66736794852576,22.760226649542027,16.02952431984303,1037.2985756877285,5.075209383482259,0.011517831417359405,0.059907635465519034,37.571088741945566,109.87115327405934
Dendrocitta formosae,expanding,0.016956527024187925,16.361187396922833,1.5178104469826033,0.9860457896549699,0.6248657546864793,20.0208173964105,0.2781377341245215,8.738738153351899e-4,0.005541706629312158,27.291267111743746,111.44391866557193
Aix galericulata,expanding,0.046719132897412495,304.14215116875073,35.95753921110591,18.357293263014196,13.824037755928558,810.2294688294136,4.555836277480568,0.010542956718024186,0.06198420021866336,37.14042167233998,115.32734876156245
Motacilla tschutschensis,expanding,0.032698927131901194,288.40406559125915,34.7418867403003,19.788109071318583,13.592967516253744,853.3498462817234,4.397461960768326,0.010898323590953758,0.05466770102703794,36.417467064735995,110.84356045296691
Falco amurensis,expanding,0.05788886015326157,414.0092610596128,44.003766199928926,29.76303114154365,17.284652732568503,1000.875649666934,5.752493733657471,0.014113524513288482,0.07229732457541334,38.651176184716874,114.4857386659907
Delichon dasypus,stable,-0.0095751092872183,112.37742008355603,9.445765262879908,7.061925670359359,3.836819629600378,128.13785998027583,1.4952864354492597,0.0030521061820016544,0.016826071947664275,31.817209361476415,104.25984231100992
Lonchura striata,expanding,0.010162123830555512,6.543423199581665,0.4901047891073005,0.29497495743639357,0.24243213912098824,9.46298082477631,0.06240629746029686,1.547982769009806e-4,5.77725566779828e-4,27.62749593727692,110.70281235067687
Garrulax canorus,expanding,0.020003602018310387,48.87701822765276,3.2232156271480377,2.7807983777558567,1.5187350023294361,59.40439455761971,0.4405980186529527,0.0010037853207921059,0.0027315613902697575,28.87152204385151,111.52853919777507
Amaurornis phoenicurus,expanding,0.016786074002626952,79.05105767358302,5.221385846624885,4.817424093950462,2.524543274337413,89.71570572482128,0.7921213027364556,0.0015940873576158088,0.008194737552648556,29.266399119060527,111.35544304250556
Lanius tephronotus,stable,0.002373538488557741,159.6331384439526,11.466358436706674,10.015445514362991,4.913045474712762,128.27877967746076,2.104738152249516,0.005764623147558177,0.012096784572168411,33.390856483693184,96.6056679352307
Columba livia,contracting,-0.062440298779269265,336.2790709508768,38.818263954851346,23.84028555133009,15.402992207697377,970.0805152326132,4.64187892436021,0.010882858619361717,0.050425685678391036,37.34070082013438,104.15849369955622
Phylloscopus claudiae,stable,0.023760954098823974,225.72763395288328,14.505215866424022,14.967477566118665,6.917007460725551,193.78200261315732,2.8028447884248613,0.007244658819538171,0.023636587892792174,33.100428756911796,105.59234562735419
Emberiza elegans,stable,0.015931970166673984,295.8775198999819,33.94149601322395,16.94601508755944,13.197441431052342,771.0757026129066,4.414216610747461,0.010967101781635881,0.05395677092982039,36.4916236208012,114.71946623420288
Gyps himalayensis,stable,0.0032315415280881566,295.4347173667154,29.434491397913867,21.300511262338528,12.473940435791881,779.0134854760461,3.9659585992891278,0.00929981747343237,0.032260228584236085,36.5098908913698,91.6974307955949
Recurvirostra avosetta,expanding,0.06935988773578713,412.3019203708368,45.5124792239746,30.984052317706414,18.264429307527607,1152.2561074520095,5.82518051842855,0.013338080790650669,0.07043569123779123,38.87097550629259,110.72422440314796
Culicicapa ceylonensis,expanding,0.029182829166605577,22.04054074623865,1.6216454881889717,1.1130198858088245,0.7857208771031098,25.8679881964938,0.24985501423802878,4.874002216247394e-4,0.0018242323022851143,28.991710715132708,104.17705650409505
Columba rupestris,expanding,0.018557920608193522,409.55943615231547,42.18334484287286,30.17195261764978,16.971012666923492,974.7536113875019,5.6427232601248445,0.013408166702694542,0.06322534677474081,39.11767104105664,101.83218059767245
Apus nipalensis,expanding,0.030361066645693015,9.188964838175247,0.536696158865687,0.517100628661489,0.2690782888426037,8.666322245591255,0.07614780249754713,1.6766228134513242e-4,5.153996420245358e-4,28.17548393706579,106.42746347433288
Accipiter nisus,expanding,0.03223772664799053,314.9573109278079,34.72415040087911,22.450382759453543,13.751425258494361,846.250026913737,4.470052219060874,0.010828182121200815,0.05198555149676157,36.81750628569319,105.89822123597018
Tringa ochropus,expanding,0.046083970906338804,302.7507978472711,33.39911616053015,21.06172828005141,13.219349399655185,800.4637938109355,4.397344471000125,0.010791052976709677,0.05329638723354387,36.245877863290474,107.63058727905353
Phoenicurus ochruros,expanding,0.008477322438697154,301.3843655697071,28.0024961835846,22.314614484166338,11.857825243972655,662.1282152368716,3.8469119777196426,0.008584999851419747,0.02784576888735905,36.57433997361282,93.559093679016
Turdus rubrocanus,stable,-0.006529396487332643,142.95798611971503,11.369495088243253,8.185251911788946,4.523940778832289,120.87929856845534,1.9398159363203527,0.004631076530086707,0.01107828883027378,33.91402174536388,96.94716079335713
Carpodacus erythrinus,stable,0.013480647297093034,324.0276122650163,33.91318662136785,24.12809887113951,13.958654390612036,851.8236668621595,4.25886091514006,0.00929584037319459,0.04533251114525024,36.95955740862732,102.66951207012629
Psilopogon virens,expanding,0.029838270004437974,14.561769492988917,1.0714886341165966,0.9540827057294272,0.47299862026434536,11.154998006712574,0.24313855760843392,7.706918120142165e-4,0.005038548313524051,27.484114255607043,107.57678501391406
Gallinago gallinago,expanding,0.032668751177238095,291.2338423235642,37.95851191624468,19.256643455126184,14.716329002668063,993.2745463063194,4.2673082711416015,0.009642161211385121,0.055723736891560724,36.71718404487133,111.04552073050077
Prinia flaviventris,expanding,0.013427485934840973,6.771416204640983,0.5158250485775842,0.5719327920831131,0.19926744929592474,2.6241386591403284,0.15425210339290477,6.937190604555033e-4,0.004149404428827216,25.419965564753,111.79717249700755
Motacilla citreola,expanding,0.037686468304705546,320.3079833690995,34.07936968134124,23.766005736050996,13.626082480882857,786.487711522172,4.532424207533024,0.01071149100810601,0.05470844526858477,36.93197839709383,103.00034802077165
Accipiter soloensis,stable,0.0075733630035700475,183.8181648857331,14.84209647591466,11.02030830467337,6.186559902945635,221.11320945310433,2.561633522878054,0.007784530664834244,0.02502850117527615,31.98676866523467,114.31983648036329
Accipiter trivirgatus,expanding,0.02257619561719098,9.330049373943057,0.7039411426009935,0.41709034285689056,0.3412896621456137,13.430568193976795,0.09579285044452163,2.5780571136035956e-4,9.801725171515248e-4,28.26791807125914,109.66698656637764
Cisticola juncidis,stable,0.0035090387048564583,175.0264319273207,13.28487428083375,10.40062929310641,5.591233035126698,196.82125800772357,2.121995128906983,0.006110260607702679,0.016805304467928106,31.58614814341978,114.50438771861292
Dicrurus leucophaeus,expanding,0.015836509213438366,14.485781103151924,1.0491553853009745,0.745397779668652,0.5205437628258324,27.144643147005695,0.12173456021951848,2.4465362886915814e-4,7.716786379746509e-4,28.62249175011019,108.30144702783593
Ardea intermedia,expanding,0.07558771306906374,234.92273680307497,20.6462178255602,15.588188343464052,8.872572733972493,483.7332331795546,2.882393132916069,0.007046865059414339,0.02782466922585433,33.31828678268075,113.51068305259562
Lonchura punctulata,expanding,0.02036136639006538,9.234826489043028,0.6238290158895643,0.4227405307315165,0.3227579721827236,11.808601103309723,0.08573283051455366,2.3152779267377266e-4,8.419888609014615e-4,27.124705426817705,110.64092665750572
Orthotomus sutorius,expanding,0.012777767964926674,0.8784917755494307,0.041391147828172506,0.09194972798143504,0.02102141085398741,0.711537452038222,0.010831682163395076,6.378384463947682e-5,7.210489555878708e-5,24.515717943536174,109.67780298300377
Falco subbuteo,expanding,0.02891750180371037,349.05144245118515,39.82414095463651,24.380456470509866,15.679710041040183,978.935629390729,5.087595038910852,0.012468841634388888,0.06041814412567079,37.6937700954688,107.7753863571341
Pericrocotus ethologus,stable,0.00376411141600916,197.07682973981727,12.443863404036547,12.594493094891927,5.670985491001689,150.86178307363897,2.541151847548145,0.008179145154911827,0.014885025233403851,32.91935896752266,98.95272403286465
Muscicapa sibirica,stable,0.0067473635417526785,234.50696706461153,26.11630774867986,16.073346942337462,10.17789451445427,622.6558097484599,3.358945953601959,0.008292481794049303,0.04524719581872911,34.57054453032406,112.3602253087241
Picumnus innominatus,expanding,0.01610937716750253,5.5797001500649275,0.5234106382281075,0.29522138691226957,0.2274032389101157,11.190190121634398,0.0676114888622959,2.2068693559838026e-4,5.651305685588686e-4,28.203350748418096,108.8254179874218
Sternula albifrons,expanding,0.039863551130823835,478.2630461062958,53.99352067779137,35.563167822936244,21.460021800277584,1428.26819683956,6.890530548030625,0.017031755527393836,0.08649437683060776,39.60497395224271,110.79750256709663
Butorides striata,stable,0.015181800955699072,204.23549324889487,21.008273941089715,12.27846089193857,8.846985498292101,548.6146772109269,2.812724712222263,0.006640587093148396,0.04150221445292437,32.721164772433625,115.16964936385945
Yungipicus canicapillus,expanding,0.033200815983434565,225.04363086713394,17.975988528101986,13.80319252532024,8.123515327376117,346.79612527056184,2.6041133243753984,0.006049976305558781,0.026337268132071368,33.11248615548014,111.537852345207
Periparus ater,stable,0.003445803787801806,374.3083576580697,42.61879834754591,24.058614695309604,17.553020016339588,1113.9999498924049,5.015062401189603,0.010920245337826522,0.05503034266957247,38.5597199496432,107.94707484155357
Phylloscopus magnirostris,stable,-0.005688861605792471,133.35275925774388,10.102352924327528,8.364763343198796,4.089187176746547,101.33719753788947,1.8008139396744547,0.004446558717970341,0.010348080251902555,33.356114573933986,97.2458134300277
Tarsiger cyanurus,stable,0.01698519778789218,221.08569994025953,28.038468613049957,13.970405999597592,10.665820245366396,620.7613973619458,3.171226369177372,0.006933618434375661,0.04613040514569677,35.04780744001036,113.11543133565368
Cuculus sparverioides,stable,-0.007556684548462261,51.60241421149746,4.208095187450563,2.3937380656906133,1.983966573170995,71.51342759039679,0.5697026597899755,0.0012864282615609305,0.005442725494624738,29.854423424194245,110.2166053705599
Cyanoderma ruficeps,expanding,0.03186087819916029,13.492483939686844,0.965542659619818,1.004585557594476,0.40119014493241884,7.098562988188189,0.25196618117867964,9.428472602321624e-4,0.005704793031413284,27.600768486771894,108.77420688433163
Eurystomus orientalis,stable,0.013378658325497988,189.60378518446606,22.831173988613468,10.426411568807286,9.427209802156387,574.5077439155797,2.6760494196291553,0.00585620870995721,0.03761149723383886,32.849411956763404,116.7515431184087
Anas carolinensis,expanding,0.05828019268886514,276.65723483133314,35.5579135366691,16.923475580776994,13.641856126511135,889.6166778578521,3.9037763977650553,0.008043055498967026,0.04995192965308683,36.78259307670114,109.36131844471016
Acrocephalus bistrigiceps,expanding,0.05483345429552696,311.30962907378216,41.89908046307073,18.924945657151895,15.826940008791473,1016.9556721156142,4.73961605692972,0.010561015278039366,0.07036981819391297,37.3726253892926,117.88340074087394
Centropus sinensis,expanding,0.019314231753177032,7.469060653724634,0.4891389569546951,0.6556144810877389,0.20175801910243688,1.731147033197561,0.1538538665328335,6.31701197009711e-4,0.004280575676509276,25.203558031521037,109.93760683385676
Buteo hemilasius,stable,0.008917988440195175,378.89976663285495,41.41486097205163,27.07390019853616,16.567331711164204,1024.1322752174563,5.222729604517901,0.011779405037662428,0.05945338943044389,38.6863569043072,102.51956342539195
Pycnonotus aurigaster,expanding,0.016878768840138,1.4424290550304637,0.07912852911539746,0.1432436876102827,0.0429546932364381,1.9521023781896663,0.014992050152690983,5.6795956279560415e-5,8.456837128890878e-5,25.151495609332777,108.72190752420047
Fringilla montifringilla,expanding,0.06680389799194987,315.970516106981,38.68658720328112,20.636339696840714,15.045715569830806,960.9123956869219,4.54717327119588,0.010402852203217476,0.05736182601950628,37.402877212299956,111.09081660462107
Phylloscopus humei,stable,0.012448396792740141,354.3973161947811,31.632500142755124,27.347878123782582,13.46689056492103,733.8784430749663,4.696126547426847,0.011427131121664437,0.047808577875534296,36.84760506788915,98.19809574510167
Apus pacificus,stable,0.005308845355010297,233.8269143337345,29.243265461475584,15.502710390819814,11.280787260431893,704.705703201662,3.484318750144964,0.007761782646002856,0.046343962777192514,35.51965256928634,110.47133321616238
Emberiza godlewskii,stable,-9.732079038713107e-4,367.61686035930154,30.341747474451513,27.924235071107418,13.049432299727428,627.7942285272426,4.974045774766422,0.01264297331675749,0.04940422873315423,36.94526809536774,97.77117871929188
Tringa erythropus,expanding,0.054709192444251604,335.20843235457056,41.14855990836548,24.153067130845756,16.108294518194768,1030.5744729234616,4.942361295258284,0.01093329049287775,0.06677324329660655,37.89255432881975,113.38633503062779
Enicurus leschenaulti,expanding,0.01699777488226155,11.181281663175492,1.291003738438818,0.5361502385575907,0.49653655150751563,21.995556973978978,0.1507190087727273,3.4267677393645316e-4,0.0010675755214589035,28.68928147942844,109.14792478787442
Phylloscopus borealis,stable,-0.008233818981535251,288.8086255185354,33.703693838369546,19.408256623071015,12.936893763639963,770.7664957060105,4.279007608360332,0.010671580009496475,0.058077311336275486,35.997814165776646,114.1687808989827
Cuculus poliocephalus,stable,-5.377630112187786e-4,92.89381518314833,8.149841639752747,6.011270301668359,3.425751579226515,131.98414070176165,1.333506887486806,0.0036104971617608064,0.016646854892292666,31.073476361756722,108.8184291438087
Phylloscopus coronatus,stable,-0.007639192565841041,296.0550154064915,32.41664841157782,19.004711158664573,13.017997912311104,854.3139436125481,4.1837956255342466,0.01024316178132323,0.05351757339473651,35.37452463718535,115.5019881374635
Phylloscopus trochiloides,stable,0.005227854997208573,259.7131888534064,27.289351458409687,17.447592889439647,11.206370182716576,672.4999633433622,3.6926911447834865,0.008933273111101028,0.03473874179501193,35.832495707689226,94.33540330108879
Pericrocotus solaris,expanding,0.024539465308420067,2.773640880275314,0.21024474268983717,0.1758710585364412,0.09965539256570168,4.844054738291985,0.03260731507806424,1.3318575503694713e-4,2.953765932025235e-4,26.81063885478931,109.22854488610247
Aethopyga gouldiae,stable,0.009320404476889413,31.022431657274176,2.310378569165026,1.8694293952399283,1.0512920971089028,31.81517672739235,0.362304046202317,7.476005431470741e-4,0.0022233639982785565,29.261813123403275,99.14483531266428
Tringa stagnatilis,expanding,0.03440491936946747,325.9580929568264,43.53107595883738,21.544053651662466,16.892120137483293,1140.7404565424,4.969772078265821,0.01089169098723596,0.07237416272953145,37.75370991407284,115.8510164859256
Muscicapa dauurica,expanding,0.054203302599745644,237.59725408149183,27.031875702241507,15.204242796261022,10.473158653630755,622.2844869834562,3.450050073319043,0.008719387338202699,0.043753812900597835,34.48231016650434,114.6447505917234
Buteo japonicus,expanding,0.04131634545550776,287.4238091728815,33.032594642295905,19.554056223674113,13.019342397085447,809.3984022535453,4.131876337523353,0.009979518642544096,0.05168180738659464,36.043095110374146,109.22917444689305
Gelochelidon nilotica,expanding,0.04659827586905335,467.46755394417755,51.71188658471566,34.53266283903663,20.392061495607823,1298.0853356025634,6.798217577170797,0.017150214335210905,0.0882691290624221,39.26509493756791,114.22025373538477
Eumyias thalassinus,expanding,0.020564264560086327,5.4282823082202825,0.40000567393550096,0.3618468344745836,0.1859642733936831,7.419258548075902,0.06826153132918591,2.289098543301174e-4,6.540819724013628e-4,27.400360092751665,106.48054261768537
Sitta villosa,stable,-0.013914668691469416,568.3174360602462,47.7225885105518,36.16376512200778,20.65449768589668,963.5592477345235,6.877885686241054,0.014525201929781116,0.06343822946032623,40.61819201575826,110.8025897788102
Alauda gulgula,stable,-0.014886859103929626,94.07375819317869,8.419114292148649,5.702705262737961,3.373607482235427,117.49082184306054,1.256230301574554,0.0024380601970181814,0.011177791742788898,32.06557833590233,102.99979997308367
Calidris ruficollis,expanding,0.028899703653613027,315.6831773443486,39.806988431764275,18.60858723196233,15.496910985731072,863.0656553878935,5.129982930744342,0.011758838290469522,0.08735330291052215,36.99359154996761,116.74980698779409
Pernis ptilorhynchus,expanding,0.09148988542518659,257.26307774196977,26.999562128037965,16.764117202109418,10.680218568075562,557.1578664540257,3.7055363215683648,0.008931356115838767,0.047953135411221794,35.039473850144155,108.01624216862498
Limosa limosa,expanding,0.053908736563414036,389.3310780258873,47.11739831689333,28.136400164505805,18.356530517088505,1147.2192280458585,5.756536754339915,0.013451026514128104,0.07702659959860363,39.1179710072399,111.58683903864095
Phylloscopus pulcher,stable,0.0018455229713687821,192.28952674346988,11.462107044969587,15.268885032748505,5.015406304208346,116.38570194548794,2.3379162217501808,0.006415278656644145,0.013477865208879435,33.15619036905436,94.64934927380634
Ardea purpurea,expanding,0.05925593118671118,399.3528363702176,42.918872525446915,29.163150195958963,16.887678621800987,1033.0432938452957,5.582621936680673,0.013810462900650515,0.07149855106938097,37.70224874295164,115.39527985104222
Phylloscopus armandii,stable,0.004309071864362555,389.1023471511863,29.621995129954197,30.211934726687353,12.637310908410553,557.5340808627526,5.079656353268892,0.013236719214585607,0.04837741877946861,36.8961238388421,98.87635123665217
Butastur indicus,stable,6.773152535576743e-4,240.19155862907152,24.96754788907028,14.860456174699783,9.836186118871332,546.3921446739425,3.681226616108911,0.01010893158513262,0.05210095372653605,33.801557723536476,115.16399426117788
Platalea leucorodia,expanding,0.048546597234114135,407.46236342739076,46.74438742931788,30.437317063246365,18.21496758407788,1146.641940048517,5.7714294010972935,0.013162534926006046,0.07483481547504794,39.0323948150739,115.06455475443019
Emberiza tristrami,expanding,0.0293837874035264,271.2548637435479,37.270375059717615,14.948773152308721,13.91145093597723,854.9280784023883,4.315431626228356,0.009860631053648473,0.06694143869620035,36.248767652190416,117.82263197210033
Spatula querquedula,expanding,0.03333094925020415,363.9230975074157,42.70012869827749,25.874400968395793,16.78251519999143,1086.6915117023007,5.16862417857763,0.011943064524630172,0.06393271945483503,37.9513936221957,108.86149911300184
Alcippe hueti,expanding,0.013093788101500282,9.283956263472042,1.003991059872384,0.5123215161951524,0.4214963544669024,20.76142189331055,0.12173308556926488,3.6840854178325094e-4,0.0011554102282775019,26.233124962706476,114.32850589729392
Garrulax perspicillatus,expanding,0.026767881662118676,33.930967617218364,4.168143864571495,1.5166479581482886,1.6333842306960633,70.72863728331221,0.44294953102398626,7.976358963772681e-4,0.0036515529929563085,28.51872004816653,115.58669286975481
Cinclus pallasii,stable,-5.683373550639706e-4,151.03168360070185,12.339003025693408,10.808821089829102,5.739496678730215,288.539977018356,2.3130727186202873,0.006501116401960427,0.02171034446338865,32.030881394434346,108.02261907802871
Calidris ferruginea,expanding,0.03734953804567277,364.9742087503254,41.51488804248719,24.308690835888083,16.231822129508977,920.0970377393011,5.5162049199052845,0.013024069072685468,0.07140846665999222,38.05206651808031,111.17974973457471
Tadorna tadorna,expanding,0.04674911482721958,458.1803203031025,50.4100445709159,33.31824724559932,19.873489667281852,1231.537228671319,6.479449326723391,0.014747588421335972,0.0804885599563492,39.805064922889066,109.5506030430757
Chlidonias leucopterus,expanding,0.041571670423213976,380.45562933993364,48.854607833920994,25.60967618579952,18.628163240254302,1224.610620826526,5.705792313110837,0.013639034927342997,0.07534861267804485,39.20953745466688,112.43037844117632
Anthus roseatus,expanding,0.022317376411091217,246.92220955617918,17.624008423390578,18.13420395212338,7.700780597535633,306.33237378793734,3.1729849972563224,0.008894316403194788,0.02162875845295694,34.246477800978965,98.6820019410207
Phoenicurus frontalis,expanding,0.013909405788296634,145.2784950763291,10.95086245099685,9.228303470256739,4.494591888241104,122.4018225385535,1.8551489700167425,0.004176813598537006,0.011238337686380523,33.424072056781995,97.17448930388126
Mareca strepera,expanding,0.05244360470708704,354.93027235676686,41.00631952037559,24.736102590837977,16.0618416542898,1004.6433805654508,5.080767789565107,0.01183482921195986,0.06162588309564269,38.247200326592534,106.90338441734683
Periparus rubidiventris,contracting,-0.012127159817286319,100.01037667844571,8.380746343426194,4.9954447873993475,3.5043424649413515,99.36494771656606,1.2181181213856496,0.0021641101997064587,0.006502845686936327,33.32228276258496,94.14799268232517
Eremophila alpestris,stable,0.005148203042875228,396.24625964606867,43.26959512804465,30.1522573529953,17.33965623046686,1046.2220582246384,5.6109509963771185,0.01254585414105539,0.05976565810525966,39.098859786643644,96.37061017587887
Aythya nyroca,expanding,0.0613896995313127,354.45383292763654,35.352789692983194,25.64222519670112,14.178217727635538,826.052914938645,4.741148095746322,0.011166079676590989,0.04799033680042538,37.34416503466459,104.13857905260387
Calidris acuminata,expanding,0.02746766320061279,366.0371534883956,51.50098736714763,21.807411754672305,19.654400459815548,1337.9367346852703,5.722540757503475,0.012474615968802973,0.08493958251677464,39.320590700435524,119.06338428610506
Ceryle rudis,expanding,0.028470788627561482,70.40309277538152,6.410388432052612,4.029524287273292,2.723298254877968,101.78321407609339,0.8449469112208882,0.0016451291116931306,0.0069194800550145255,29.674264316944782,114.34520741885864
