species,mean_trend,l95,u95,p_pos,direction,n_grid_first,n_grid_last,n_grid_delta,order_lat,family_lat,genus_lat,body_mass_g,body_length_mm,clutch_size,egg_volume_mm3,longevity_y,maturity_y,avonet_hwi,elev_range_m,avonet_range_size,Habitat,Habitat.Density,Migration,Trophic.Level,Trophic.Niche,Primary.Lifestyle,niche_rel,diet_specialization,habitat_breadth_data,habitat_openness_avonet,migration_class,migration_score
Passer montanus,0.027590107953580717,0.014852928326325586,0.040340039519174,1,Winner,1200.59,1306.58,105.99000000000001,PASSERIFORMES,Passeridae,Passer,20,132.5,5.5,2600.4594,13.1,0.8733744010951403,24.6,4400,39069801.39,Woodland,2,1,Omnivore,Granivore,Terrestrial,0.07858048162230671,0.9214195183776933,1.3273971828683893,1.5,1,1
Motacilla alba,0.007805351084109294,-0.004594731343184243,0.02108881710479603,0.895,Neutral,1278.545,1305.485,26.939999999999827,PASSERIFORMES,Motacillidae,Motacilla,22.5,175.5,5.5,2872.32,13.7,0.999315537303217,31.4,5000,39488711.64,Human Modified,3,3,Carnivore,Invertivore,Terrestrial,0.47275031685678076,0.5272496831432192,1.3312083680038365,4,3,3
Hirundo rustica,0.030287339673388577,0.016094185475466986,0.043912074012736044,1,Winner,1092,1228.115,136.115,PASSERIFORMES,Hirundinidae,Hirundo,18,165.5,4.5,3264,16,0.999315537303217,52.6,3000,51701054.06,Human Modified,3,3,Carnivore,Invertivore,Aerial,0.47275031685678076,0.5272496831432192,1.327041514165251,4,3,3
Parus minor,0.01692825601046626,0.0034457076631545735,0.03208171059407613,0.985,Winner,741.5400000000001,862.855,121.31499999999994,PASSERIFORMES,Paridae,Parus,306.59629111652225,381.5013948412698,3.5625327017037547,21677.51269588726,18.83604365079365,1.756734967747288,35.20919406565655,1718.8231787286793,5948685.47373649,NA,2,NA,NA,NA,NA,NA,0.8238276299112801,1.3352575001434122,2,NA,2
Pica serica,0.06848828138745518,0.05408529303469489,0.0834647021524641,1,Winner,520.5,911.24,390.74,PASSERIFORMES,Corvidae,Pica,514.0272402435065,468.5451954365081,5,27361.16793122713,19.99674841269841,1.9527849927849923,37.776778373015865,2048.236815920191,7661560.180766787,NA,2,NA,NA,NA,NA,NA,0.8238276299112801,1.3399479664864657,2,NA,2
Streptopelia orientalis,0.03690277560227022,0.014184592362919529,0.06113972156209782,1,Winner,1053.49,1258.31,204.81999999999994,COLUMBIFORMES,Columbidae,Streptopelia,249,329.5,2,13756.23,17.663544642857147,1.2181580619927628,32.8,4000,16926350.97,Woodland,3,3,Herbivore,Omnivore,Terrestrial,0.1761723700887199,0.8238276299112801,1.3414199697538118,1.5,3,3
Phoenicurus auroreus,0.011463214585990955,-0.002920550709886073,0.024148896985724814,0.94,Neutral,827.225,902.79,75.56499999999994,PASSERIFORMES,Muscicapidae,Phoenicurus,18,143.5,6.5,2611.2,10.858134920634916,0.9843818079593208,20.5,3700,4822744.76,Forest,2,3,Omnivore,Invertivore,Insessorial,0.47275031685678076,0.5272496831432192,1.341790819754423,1,3,3
Spilopelia chinensis,0.05141749399836968,0.03932720507270536,0.06278561155010545,1,Winner,417.66999999999996,696.115,278.44500000000005,COLUMBIFORMES,Columbidae,Spilopelia,159,313.3732490079365,2,13585.906032032355,16.484078679653678,1.4514155384884326,30.3,1000,7371539.16,Woodland,3,1,Herbivore,Granivore,Terrestrial,0.07858048162230671,0.9214195183776933,1.3286254259660466,1.5,1,1
Falco tinnunculus,0.04098537540463568,0.02191676179701942,0.06016020198140018,1,Winner,1152.975,1307.805,154.83000000000015,FALCONIFORMES,Falconidae,Falco,206.5,328,4.5,18796.38966,23.8,0.999315537303217,51,5500,49037026.09,Shrubland,3,3,Carnivore,Vertivore,Aerial,0.05449936628643853,0.9455006337135614,1.3302656201447123,2,3,3
Pycnonotus sinensis,0.02410550956515212,0.015014629771523933,0.03574204379225936,1,Winner,466.275,610.395,144.12,PASSERIFORMES,Pycnonotidae,Pycnonotus,34.5,193,4,3372.8544,14.60153863636364,1.492636450799181,20.8,500,3154277.75,Human Modified,2,3,Herbivore,Frugivore,Insessorial,0.021546261089987327,0.9784537389100126,1.304610965781247,4,3,3
Egretta garzetta,0.03984313245841356,0.023787502705822382,0.0531910313561984,1,Winner,479.235,719.845,240.61,PELECANIFORMES,Ardeidae,Egretta,445,582,4.5,39951.36,22.3,0.999315537303217,33.1,2270,34141787.35,Wetland,3,2,Carnivore,Aquatic predator,Terrestrial,0.14702154626108999,0.85297845373891,1.2560059251494657,3,2,2
Tachybaptus ruficollis,0.06025371440154387,0.04067295552778701,0.07797155683969563,1,Winner,638.155,997.9699999999999,359.81499999999994,PODICIPEDIFORMES,Podicipedidae,Tachybaptus,217.5,269,5.5,17997.14418,17.5,0.999315537303217,32.2,4000,36639881.74,Wetland,3,1,Carnivore,Aquatic predator,Aquatic,0.14702154626108999,0.85297845373891,1.339118430581034,3,1,1
Upupa epops,0.03387226417725366,0.020380737463482106,0.04968765159093664,1,Winner,1049.58,1255.9299999999998,206.3499999999999,BUCEROTIFORMES,Upupidae,Upupa,67,289,7,5155.08,11.1,0.999315537303217,21.4,4400,46881685.44,Grassland,3,3,Carnivore,Invertivore,Terrestrial,0.47275031685678076,0.5272496831432192,1.325417476783092,2.5,3,3
Ardea cinerea,0.06342403466488415,0.0417195860616165,0.08321241880399137,1,Winner,714.5899999999999,1193.27,478.68000000000006,PELECANIFORMES,Ardeidae,Ardea,1383.5,901,5,62203.68,37.5,1.998631074606434,34.6,4000,46421646.29,Wetland,3,1,Carnivore,Aquatic predator,Terrestrial,0.14702154626108999,0.85297845373891,1.3111704544485419,3,1,1
Alcedo atthis,0.025021380729585062,0.006402214771947102,0.04413633563874343,1,Winner,765.2600000000001,897.495,132.2349999999999,CORACIIFORMES,Alcedinidae,Alcedo,28,164,6,3866.31,21,0.999315537303217,26.9,3005.3948928571417,24992154.31,Riverine,2,1,Carnivore,Aquatic predator,Insessorial,0.14702154626108999,0.85297845373891,1.3433089803843987,3,1,1
Lanius schach,0.02645628635860209,0.01720322001981313,0.03615192996515348,1,Winner,383.65999999999997,517.955,134.29500000000007,PASSERIFORMES,Laniidae,Lanius,57,250,4.5,10070.0877,12.046048196248204,1.0941345811196914,20.3,3000,11170512.1,Shrubland,2,2,Carnivore,Invertivore,Insessorial,0.47275031685678076,0.5272496831432192,1.2740805315114145,2,2,2
Anas platyrhynchos,0.049982663634589974,0.029831387126012476,0.06943108777973735,1,Winner,893.615,1243.75,350.135,ANSERIFORMES,Anatidae,Anas,1150,577.5,9,56579.4,29.1,0.999315537303217,50.7,2000,39707247.47,Wetland,3,2,Herbivore,Herbivore aquatic,Aquatic,0.024081115335868188,0.9759188846641318,1.3276708530991634,3,2,2
Phasianus colchicus,0.04954649134257585,0.03171621665490435,0.06687776971613452,1,Winner,692.25,1061.05,368.79999999999995,GALLIFORMES,Phasianidae,Phasianus,1457,799,6,29841.10674,27,0.6570841889117043,25.8,3500,7426719.32,Human Modified,2,1,Herbivore,Omnivore,Terrestrial,0.1761723700887199,0.8238276299112801,1.325360799853351,4,1,1
Motacilla cinerea,0.01815058521440965,-0.010789387325895888,0.04838527978467943,0.895,Neutral,1192.92,1272.185,79.26499999999987,PASSERIFORMES,Motacillidae,Motacilla,18,180,5,1799.28,8,0.999315537303217,34.6,4100,19613139.17,Riverine,3,2,Carnivore,Invertivore,Terrestrial,0.47275031685678076,0.5272496831432192,1.3464801158084192,3,2,2
Chloris sinica,0.013306868688010658,0.0030757364552386817,0.024750201099220215,0.995,Winner,797.895,866.22,68.32500000000005,PASSERIFORMES,Fringillidae,Chloris,18.5,130.5,4.5,2037.3225,12.180230952380953,1.0028308073400451,33.5,2400,6303643.12,Shrubland,2,1,Herbivore,Granivore,Generalist,0.07858048162230671,0.9214195183776933,1.3191304160239754,2,1,1
Cecropis daurica,7.578731618994394e-5,-0.01408232465650426,0.013485365809966217,0.505,Neutral,809.0450000000001,799.035,-10.010000000000105,PASSERIFORMES,Hirundinidae,Cecropis,24,180.5,5,2696.625,9,0.9938398357289528,53.2,3900,18735899.27,Grassland,3,3,Carnivore,Invertivore,Aerial,0.47275031685678076,0.5272496831432192,1.3628393847331837,2.5,3,3
Ardeola bacchus,0.013179644090858273,-0.0031600278334292515,0.027567635232802423,0.925,Neutral,604.355,656.59,52.235000000000014,PELECANIFORMES,Ardeidae,Ardeola,295,506,3,17382.13824,18.788256854256858,1.666188933433286,26.8,1450,5458763.13,Wetland,3,2,Carnivore,Aquatic predator,Terrestrial,0.14702154626108999,0.85297845373891,1.2744344613570702,3,2,2
Anthus hodgsoni,-0.009624523062308647,-0.0312593248035774,0.008838024894640879,0.205,Neutral,951.085,908.0550000000001,-43.02999999999997,PASSERIFORMES,Motacillidae,Anthus,23,155,5,4706.8563,10.194723809523811,0.9958540872201012,25.9,1500,14109130.12,Grassland,3,3,Carnivore,Invertivore,Terrestrial,0.47275031685678076,0.5272496831432192,1.351505624669485,2.5,3,3
Ardea alba,0.03759234640055739,0.018749921278292992,0.058229161814702286,1,Winner,864.93,1175.645,310.71500000000003,PELECANIFORMES,Ardeidae,Ardea,970,939,4,51438.6,22.8,1.998631074606434,32.1,4000,74898555.49,Wetland,3,2,Carnivore,Aquatic predator,Terrestrial,0.14702154626108999,0.85297845373891,1.3315837099036465,3,2,2
Gallinula chloropus,0.076000868866796,0.050957195705007466,0.09897893492213171,1,Winner,516.335,1072.6,556.2649999999999,GRUIFORMES,Rallidae,Gallinula,270,292.5,8,18659.49648,18.6,0.999315537303217,32.2,3000,38515141.7,Wetland,3,1,Omnivore,Omnivore,Terrestrial,0.1761723700887199,0.8238276299112801,1.3211941081120397,3,1,1
Tadorna ferruginea,0.05147032991069,0.03319149714566893,0.07014238065547483,1,Winner,681.2,1055.315,374.115,ANSERIFORMES,Anatidae,Tadorna,1328,593,9,77734.71,24.21583174603174,1.938334241505699,48.5,4800,18403211.28,Wetland,3,2,Omnivore,Omnivore,Terrestrial,0.1761723700887199,0.8238276299112801,1.3108672877538443,3,2,2
Cuculus canorus,0.03368102379807826,0.019156602621689195,0.051268680301106935,1,Winner,1065.955,1249.4550000000002,183.50000000000023,CUCULIFORMES,Cuculidae,Cuculus,126.5,323.5,1,3254.93628969,12.9,0.999315537303217,43.9,3800,37338142.79,Forest,2,3,Carnivore,Invertivore,Insessorial,0.47275031685678076,0.5272496831432192,1.3356668979020252,1,3,3
Turdus mandarinus,0.030687527209419405,0.017610060899123748,0.043206456209831344,1,Winner,381.63,538.95,157.32000000000005,PASSERIFORMES,Turdidae,Turdus,95,245,5,7795.892070927446,16.76995578898225,1.0411041116651985,25.2,4000,2503000.65,Forest,2,1,Omnivore,Omnivore,Generalist,0.1761723700887199,0.8238276299112801,1.2716486599369072,1,1,1
Phalacrocorax carbo,0.04226208179070922,0.015908800356037832,0.06402798068568633,1,Winner,793.5400000000001,1159.51,365.9699999999999,SULIFORMES,Phalacrocoracidae,Phalacrocorax,2120,820,4,55725.15,32.1,3.997262149212868,37.1,0,24540701.98,Wetland,3,2,Carnivore,Aquatic predator,Aquatic,0.14702154626108999,0.85297845373891,1.3296257582785354,3,2,2
Acridotheres cristatellus,0.01902118374137285,0.008507715428975849,0.030902434375236966,1,Winner,366.00500000000005,453.88500000000005,87.88,PASSERIFORMES,Sturnidae,Acridotheres,114,249,4.5,6567.372,13,1.4334824195311862,24.1,500,3073262.93,Grassland,3,2,Omnivore,Omnivore,Generalist,0.1761723700887199,0.8238276299112801,1.2494724691525598,2.5,2,2
Corvus macrorhynchos,0.018586653654640125,-0.009306958614993649,0.04352274063910067,0.895,Neutral,758.1650000000001,1029.1599999999999,270.9949999999998,PASSERIFORMES,Corvidae,Corvus,545,490,4,18571.803,19.28106091269842,1.4304465916621962,34.8,5000,13313192.58,Woodland,2,1,Omnivore,Omnivore,Generalist,0.1761723700887199,0.8238276299112801,1.3315077900587795,1.5,1,1
Anas zonorhyncha,0.04398488821825437,0.022286507243831324,0.06528040901922125,1,Winner,573.105,829.385,256.28,ANSERIFORMES,Anatidae,Anas,1135,573,9.5,47263.80375,22.35735555555555,1.2679240690862863,49.3,3350,8223090.75,Wetland,3,2,Herbivore,Herbivore aquatic,Aquatic,0.024081115335868188,0.9759188846641318,1.3304784611049698,3,2,2
Fulica atra,0.10878313555154456,0.08134333218740569,0.13127365193287657,1,Winner,318.565,1225.72,907.155,GRUIFORMES,Rallidae,Fulica,677.5,406,9,32487,20.6,0.999315537303217,39.6,3500,33490842.86,Wetland,3,1,Herbivore,Herbivore aquatic,Generalist,0.024081115335868188,0.9759188846641318,1.337712027053918,3,1,1
Milvus migrans,0.022411887096901492,-0.006033313754164138,0.0458028915026968,0.925,Neutral,1059.94,1238.66,178.72000000000003,ACCIPITRIFORMES,Accipitridae,Milvus,1082.5,600,2.5,79902.72,24,2.9979466119096507,48.1,2000,59168603.49,Woodland,3,3,Omnivore,Omnivore,Aerial,0.1761723700887199,0.8238276299112801,1.319770003871474,1.5,3,3
Phoenicurus fuliginosus,0.02557861056810526,0.008742201173846565,0.03852223509271599,1,Winner,407.78499999999997,594.63,186.84500000000003,PASSERIFORMES,Muscicapidae,Phoenicurus,20.33,180.8516290674603,4,4902.437937423591,12.714076190476192,1.1247479955021007,25.4,3400,5100213.95,Riverine,3,1,Carnivore,Aquatic predator,Insessorial,0.14702154626108999,0.85297845373891,1.3719437405472836,3,1,1
Podiceps cristatus,0.06313980331580067,0.04278276222818409,0.0842139341841354,1,Winner,611.86,1127.7549999999999,515.8949999999999,PODICIPEDIFORMES,Podicipedidae,Podiceps,825,550,4.5,49882.33908,19.2,1.998631074606434,42.9,3000,19812770.45,Wetland,3,1,Carnivore,Aquatic predator,Aquatic,0.14702154626108999,0.85297845373891,1.3212613709570695,3,1,1
Copsychus saularis,0.009342759429508489,0.0014564983407199703,0.01704521859649462,0.99,Winner,334.62,374.615,39.995000000000005,PASSERIFORMES,Muscicapidae,Copsychus,40,207,5,3551.3748,10.66554424603175,1.1024567702052277,19.1,2000,9009660.2,Woodland,1,1,Carnivore,Invertivore,Terrestrial,0.47275031685678076,0.5272496831432192,1.338493794953826,1.5,1,1
Actitis hypoleucos,0.013684329024901732,-0.014616455010887949,0.04000935951801131,0.795,Neutral,1257.13,1297.145,40.01499999999987,CHARADRIIFORMES,Scolopacidae,Actitis,50,180,4.5,14283.10335,14.5,0.999315537303217,48,4000,25847437.41,Wetland,3,3,Carnivore,Aquatic predator,Terrestrial,0.14702154626108999,0.85297845373891,1.3150223247445667,3,3,3
Zosterops simplex,0.010860510715747675,9.7457885768318e-4,0.019842524139992733,0.99,Winner,467.2,521.29,54.089999999999975,PASSERIFORMES,Zosteropidae,Zosterops,11.29,127.0255389796984,4,2201.181650100696,12.040188852813849,1.0319811256695226,23.8,2590,3806871.23,Forest,2,1,Omnivore,Omnivore,Insessorial,0.1761723700887199,0.8238276299112801,1.0711450019768198,1,1,1
Sinosuthora webbiana,0.03569047370062933,0.018395018141844507,0.04970084692263656,1,Winner,361.76500000000004,567.85,206.08499999999998,PASSERIFORMES,Paradoxornithidae,Sinosuthora,11,120.5,4.5,1309.57392,11.146892063492068,1.1203320256441385,13.9,1950.3452512626257,4347110.32,Shrubland,2,1,Herbivore,Omnivore,Insessorial,0.1761723700887199,0.8238276299112801,1.3301443874324372,2,1,1
Lanius cristatus,0.004361988013950396,-0.010709188699872104,0.017879472506769627,0.7,Neutral,924.3,935.775,11.475000000000023,PASSERIFORMES,Laniidae,Lanius,30,189,6,4220.964,10.375988528138535,0.9937542452983898,26.6,1800,14145065.02,Shrubland,3,3,Carnivore,Invertivore,Insessorial,0.47275031685678076,0.5272496831432192,1.3381254947153267,2,3,3
Nycticorax nycticorax,0.057874868339747414,0.038842172939568285,0.07819654042826209,1,Winner,408.15000000000003,791.2,383.05,PELECANIFORMES,Ardeidae,Nycticorax,592.5,532.5,4,27489,21.1,0.999315537303217,33.1,4816,50345275.03,Wetland,3,3,Carnivore,Aquatic predator,Terrestrial,0.14702154626108999,0.85297845373891,1.2892070606735322,3,3,3
Dicrurus macrocercus,-0.005106651174961709,-0.018037706044625894,0.005739698922451934,0.24,Neutral,591.055,570.255,-20.799999999999955,PASSERIFORMES,Dicruridae,Dicrurus,52.5,267.5,3.5,5304,11.98421607142858,1.0823982513607744,27.8,2600,9351037.98,Shrubland,2,1,Carnivore,Invertivore,Insessorial,0.47275031685678076,0.5272496831432192,1.273564341366988,2,1,1
Spodiopsar cineraceus,0.06340503866790564,0.0466217387006758,0.08368926684081099,1,Winner,508.21500000000003,851.475,343.26,PASSERIFORMES,Sturnidae,Spodiopsar,84.5,212,6,6442.87488,12.697691269841275,0.9781092342709368,36,1300,5348180.01,Grassland,3,1,Carnivore,Invertivore,Terrestrial,0.47275031685678076,0.5272496831432192,1.338686889442574,2.5,1,1
Cyanopica cyanus,0.02399171531769417,0.011213579158959786,0.037361737667696716,1,Winner,492.83,645.9599999999999,153.12999999999994,PASSERIFORMES,Corvidae,Cyanopica,102.5,372,6.5,8396.64,14.105560912698412,1.1412365796421218,14.3,1600,4748269.37,Woodland,2,1,Omnivore,Omnivore,Generalist,0.1761723700887199,0.8238276299112801,1.3620780362641565,1.5,1,1
Phylloscopus inornatus,0.025439001906911184,0.0104548421148034,0.042793547323871875,1,Winner,663.6,795.4150000000001,131.81500000000005,PASSERIFORMES,Phylloscopidae,Phylloscopus,7.5,96.5,5.5,1175.04,9.362684523809524,0.9997637571569776,19,3500,10713136.25,Woodland,1,3,Carnivore,Invertivore,Insessorial,0.47275031685678076,0.5272496831432192,1.3206791978380017,1.5,3,3
Phylloscopus proregulus,0.015042111188077259,3.994247312804838e-4,0.03164862173197846,0.975,Winner,786.2049999999999,859.58,73.37500000000011,PASSERIFORMES,Phylloscopidae,Phylloscopus,6.25,97,5.5,1632,9.701265873015872,0.9911849515987065,18.9,1400,5259814.86,Forest,1,3,Carnivore,Invertivore,Insessorial,0.47275031685678076,0.5272496831432192,1.3341967616139148,1,3,3
Emberiza pusilla,0.021259022121906102,0.002307664090193675,0.04046215000040852,0.98,Winner,744.895,879.8050000000001,134.91000000000008,PASSERIFORMES,Emberizidae,Emberiza,14.25,132.5,5,2165.9955,12.346238094177062,1.0132689884075892,24.5,1000,10268381.21,Forest,2,3,Herbivore,Granivore,Generalist,0.07858048162230671,0.9214195183776933,1.3160648967794522,1,3,3
Corvus corone,0.043830924724693986,0.021427214375744564,0.06201006668438428,1,Winner,735.88,1060.275,324.3950000000001,PASSERIFORMES,Corvidae,Corvus,505,489,4.5,24023.04,19.2,2.9979466119096507,36.9,3600,33343165.09,Human Modified,3,1,Carnivore,Omnivore,Terrestrial,0.1761723700887199,0.8238276299112801,1.329641132723256,4,1,1
Chroicocephalus ridibundus,0.06324527178639064,0.04263894912886213,0.08218146522621189,1,Winner,414.84499999999997,1005.63,590.7850000000001,CHARADRIIFORMES,Laridae,Chroicocephalus,292,392.5,3,19149.6942,32.9,1.998631074606434,45.542265115440074,2102.6403864468866,8950107.23005726,NA,2,NA,NA,NA,NA,NA,0.8238276299112801,1.2899694037314808,2,NA,2
Dendrocopos major,0.01656692362014693,-0.0034029618270664747,0.03828080968553269,0.93,Neutral,635.925,788.62,152.69500000000005,PICIFORMES,Picidae,Dendrocopos,71,221.5,5,6072.57,12.7,0.999315537303217,29.3,2500,24413724.29,Woodland,1,1,Omnivore,Omnivore,Insessorial,0.1761723700887199,0.8238276299112801,1.3618523069716548,1.5,1,1
Aegithalos concinnus,0.012684522071809135,0.0027224625747241786,0.023214311505779305,0.99,Winner,342.335,411.825,69.49000000000001,PASSERIFORMES,Aegithalidae,Aegithalos,6.5,103.5,6.5,775.9395,9.612399494949496,1.068628738741673,17.6,3900,2797505.09,Forest,1,1,Carnivore,Invertivore,Insessorial,0.47275031685678076,0.5272496831432192,1.3789636159391412,1,1,1
Buteo japonicus,0.04284830144475678,0.006756342737807456,0.06814500704997989,0.995,Winner,932.125,1176.37,244.2449999999999,ACCIPITRIFORMES,Accipitridae,Buteo,762.5,545,2.5,71677.44,25.664747619047606,2.2644889481003463,41.2,1300,4465171.4,Grassland,3,2,Carnivore,Vertivore,Insessorial,0.05449936628643853,0.9455006337135614,1.3248262290662318,2.5,2,2
Tringa ochropus,0.045038556698512346,0.013666362365284764,0.07123636564853177,1,Winner,961.995,1277.63,315.6350000000001,CHARADRIIFORMES,Scolopacidae,Tringa,82,227.5,3.5,19278,11.5,0.999315537303217,45.8,3000,15230538.62,Wetland,3,3,Carnivore,Aquatic predator,Terrestrial,0.14702154626108999,0.85297845373891,1.3540707755957917,3,3,3
Bubulcus coromandus,-0.002607651420293855,-0.031251227875323764,0.020017613009660873,0.44,Neutral,576.8,603.5,26.700000000000045,PELECANIFORMES,Ardeidae,Bubulcus,987.1152964898994,614.1884365079364,3.903827692265192,56549.22864886227,22.959334523809524,2.0801586849723384,39.26944567099568,1714.4053900543906,7285193.679925817,NA,2,NA,NA,NA,NA,NA,0.8238276299112801,1.2820406497352757,2,NA,2
Tarsiger cyanurus,0.020992891557739222,6.569893639915736e-4,0.04062343337734445,0.975,Winner,729.72,857.995,128.27499999999998,PASSERIFORMES,Muscicapidae,Tarsiger,13.5,137,5.5,1930.095,12.69846114612512,0.9969291744076104,24.5,3000,11663371.34,Forest,1,3,Carnivore,Invertivore,Generalist,0.47275031685678076,0.5272496831432192,1.2885374970506753,1,3,3
Spizixos semitorques,0.031032750835814023,0.019662407243339234,0.04044505322777435,1,Winner,147.335,362.44,215.105,PASSERIFORMES,Pycnonotidae,Spizixos,42.5,192,3.5,4786.86,13.881992460317456,1.3928116651011906,14.8,300,2328094.86,Shrubland,2,1,Omnivore,Omnivore,Insessorial,0.1761723700887199,0.8238276299112801,1.3599358197911853,2,1,1
Columba livia,-0.08831661065738405,-0.10323056088483158,-0.06908076601925309,0,Loser,1307.545,812.705,-494.84000000000003,COLUMBIFORMES,Columbidae,Columba,270.5,335,2,22456.32,35,0.38329911019849416,45.1,3000,17464191.46,Human Modified,3,1,Herbivore,Granivore,Terrestrial,0.07858048162230671,0.9214195183776933,1.3326195947398953,4,1,1
Accipiter nisus,0.03526116166622919,0.017492904137329398,0.053238799757604406,1,Winner,1074.805,1271.645,196.83999999999992,ACCIPITRIFORMES,Accipitridae,Accipiter,150,330,3.5,22644.41208,20.2,0.999315537303217,35.5,4500,23601609.31,Forest,1,2,Carnivore,Vertivore,Insessorial,0.05449936628643853,0.9455006337135614,1.3287186779031215,1,2,2
Anas carolinensis,0.046355117799752446,0.015798236213280154,0.07082282589855293,0.995,Winner,703.655,1063.025,359.3700000000001,ANSERIFORMES,Anatidae,Anas,292.5,404,9.5,30612.75,27.1,0.4928131416837782,52.8,3350,14419469.42340143,Wetland,3,2,Omnivore,Aquatic predator,Aquatic,0.14702154626108999,0.85297845373891,1.3152021734129706,3,2,2
Charadrius dubius,0.0395742198785916,0.01396607863907183,0.0628293467994061,0.995,Winner,747.095,1059.5349999999999,312.4399999999998,CHARADRIIFORMES,Charadriidae,Charadrius,34,168,3.5,9840.96,13,1.998631074606434,51,800,33641119.87,Wetland,3,3,Carnivore,Aquatic predator,Terrestrial,0.14702154626108999,0.85297845373891,1.327933845224471,3,3,3
Himantopus himantopus,0.07628800988389112,0.057199795634446174,0.09816400293433049,1,Winner,435.14,983.51,548.37,CHARADRIIFORMES,Recurvirostridae,Himantopus,183,376,4,26103.33,16,1.9904175222450375,52.2,3330,56867877.55,Wetland,3,2,Carnivore,Aquatic predator,Terrestrial,0.14702154626108999,0.85297845373891,1.3034802750536956,3,2,2
Prinia inornata,0.024402369504963602,0.013688309218108994,0.0344566546397715,1,Winner,290.015,405.39,115.375,PASSERIFORMES,Cisticolidae,Prinia,9,132.5,5,998.223,9.87456874098124,1.180621291135662,14.2,800,7403210.36,Shrubland,2,1,Carnivore,Invertivore,Generalist,0.47275031685678076,0.5272496831432192,1.373984212571651,2,1,1
Emberiza spodocephala,0.02483514060882939,0.004997708299410054,0.0429557080180634,1,Winner,629.2,781.3349999999999,152.13499999999988,PASSERIFORMES,Emberizidae,Emberiza,20.95,145.5,4.5,2741.76,9.578985912698416,0.9909948013428482,19.4,1300,4863864.08,Shrubland,2,3,Carnivore,Invertivore,Terrestrial,0.47275031685678076,0.5272496831432192,1.3551059169620212,2,3,3
Picus canus,0.0157890827457692,-0.011729872599359908,0.03909825293123756,0.9,Neutral,712.825,872.4499999999999,159.6249999999999,PICIFORMES,Picidae,Picus,139.5,288,9.5,7019.3952,14.322093650793656,1.0039233619069317,25.8,2000,11476968.7,Forest,1,1,Carnivore,Invertivore,Insessorial,0.47275031685678076,0.5272496831432192,1.3551075629743348,1,1,1
Phylloscopus fuscatus,0.013475134843993646,-0.015621974324954388,0.03873849266254765,0.84,Neutral,875.6,923.505,47.90499999999997,PASSERIFORMES,Phylloscopidae,Phylloscopus,10,121.5,5,1551.42,9.477758333333332,0.9958353161022536,19.1,4200,11609109.62,Wetland,1,3,Carnivore,Invertivore,Insessorial,0.47275031685678076,0.5272496831432192,1.3314460630477096,3,3,3
Buteo hemilasius,0.017838030008424762,0.002411541692209818,0.030539104927909913,0.985,Winner,793.49,921.9549999999999,128.46499999999992,ACCIPITRIFORMES,Accipitridae,Buteo,1560,602,3,96532.8,29.598777655677644,3.1580960013254664,38.2,3500,5366251.83,Grassland,3,1,Carnivore,Vertivore,Generalist,0.05449936628643853,0.9455006337135614,1.303839608069773,2.5,1,1
Spodiopsar sericeus,0.04309537852291569,0.02841445015520794,0.05789621573222077,1,Winner,189.80999999999997,441.135,251.32500000000002,PASSERIFORMES,Sturnidae,Spodiopsar,73.5,216,6.3,6048.8856,14.57975694444445,1.3995123158839766,32.6,500,1660503.05,Shrubland,2,2,Omnivore,Invertivore,Insessorial,0.47275031685678076,0.5272496831432192,1.2645732711808981,2,2,2
Garrulus glandarius,0.015503783628369731,-0.006905620051312696,0.03490717498618191,0.915,Neutral,502.6,625.13,122.52999999999997,PASSERIFORMES,Corvidae,Garrulus,155,330,6.5,10102.2075,17.9,0.999315537303217,19.4,3600,19458203.9,Forest,1,2,Omnivore,Omnivore,Insessorial,0.1761723700887199,0.8238276299112801,1.32950179902166,1,2,2
Sterna hirundo,0.04217463236715695,0.01753164065828824,0.06450512213633916,1,Winner,701.785,1012.065,310.2800000000001,CHARADRIIFORMES,Laridae,Sterna,111,351,3,24437.16,33,2.9979466119096507,67.3,4000,30248469.5,Marine,3,3,Carnivore,Aquatic predator,Aerial,0.14702154626108999,0.85297845373891,1.3385769261895166,4,3,3
Columba rupestris,0.01702984421527793,0.005454451142303116,0.027550530584173793,0.995,Winner,750.71,852.51,101.79999999999995,COLUMBIFORMES,Columbidae,Columba,242.5,320,2,15193.92,17.53587916666666,1.1797082450593732,48.6,4600,11847809.42,Rock,3,1,Herbivore,Granivore,Terrestrial,0.07858048162230671,0.9214195183776933,1.3178620613880907,4,1,1
Pomatorhinus ruficollis,0.018360304677292473,0.007980669613384981,0.028411702463849144,1,Winner,270.295,383.335,113.03999999999996,PASSERIFORMES,Timaliidae,Pomatorhinus,26,170,4,4489.3056,13.24516174136321,1.0475594749193295,10,3200,2706746.89,Forest,2,1,Carnivore,Invertivore,Generalist,0.47275031685678076,0.5272496831432192,1.4872539025513865,1,1,1
Mergus merganser,0.0229307436829572,0.0011723393689807217,0.04451566513820575,0.975,Winner,911.4849999999999,1020.78,109.29500000000007,ANSERIFORMES,Anatidae,Mergus,1430.5,655,10.5,99488.25,14.8,1.998631074606434,46,2800,24915961.61,Riverine,3,3,Carnivore,Aquatic predator,Aquatic,0.14702154626108999,0.85297845373891,1.3001622636017993,3,3,3
Fringilla montifringilla,0.07657297205845338,0.05570281722721135,0.09588506298398441,1,Winner,425.53999999999996,969.1,543.5600000000001,PASSERIFORMES,Fringillidae,Fringilla,23.5,152,6,2305.39125,14.8,0.999315537303217,32.5,3050,13666715.85,Forest,1,3,Herbivore,Omnivore,Generalist,0.1761723700887199,0.8238276299112801,1.3260578879083296,1,3,3
Passer cinnamomeus,0.02096704446393457,-0.003556557897689739,0.043207094474043514,0.945,Neutral,378.71999999999997,680.51,301.79,PASSERIFORMES,Passeridae,Passer,18,130,5,2368.26048,12.315432142857144,0.9862173685125416,31.5,4300,4611660.97,Forest,2,1,Herbivore,Granivore,Terrestrial,0.07858048162230671,0.9214195183776933,1.4065333665733273,1,1,1
Myophonus caeruleus,0.01571357059582112,9.344518387548026e-4,0.028000281344408007,0.975,Winner,404.47499999999997,503.415,98.94000000000005,PASSERIFORMES,Muscicapidae,Myophonus,173,316,4,13756.23,14.857198412698413,1.1343535928859318,20.7,3000,6946443.79,Forest,1,1,Carnivore,Omnivore,Terrestrial,0.1761723700887199,0.8238276299112801,1.3074234354297427,1,1,1
Pyrrhocorax pyrrhocorax,0.006543200433928855,-0.005552998758142996,0.01865481462383216,0.875,Neutral,621.44,662.04,40.59999999999991,PASSERIFORMES,Corvidae,Pyrrhocorax,347.5,415,4.5,16793.28,20.3,1.998631074606434,39,6000,12981520.53,Rock,3,2,Carnivore,Invertivore,Terrestrial,0.47275031685678076,0.5272496831432192,1.3139783766576338,4,2,2
Saxicola stejnegeri,0.04028091132274508,0.020208961551693893,0.06963741128135821,1,Winner,511.965,765.255,253.29000000000002,PASSERIFORMES,Muscicapidae,Saxicola,352.5397325000001,404.7277202380952,3.5047865736615744,22228.708257323044,19.407551785714286,1.791615658886706,36.55492224025974,3000,8134562.970940198,NA,2,NA,NA,NA,NA,NA,0.8238276299112801,1.3094850560848028,2,NA,2
Horornis fortipes,0.023855725184442643,0.011120964448474512,0.03716711998587705,1,Winner,289.955,413.11999999999995,123.16499999999996,PASSERIFORMES,Scotocercidae,Horornis,11.5,118,4,1949.22,11.056706979458454,1.0453583542474691,11.3,1585,2424335.04,Forest,1,2,Carnivore,Invertivore,Generalist,0.47275031685678076,0.5272496831432192,1.3751111627904744,1,2,2
Pardaliparus venustulus,-0.004991117972983238,-0.02715529346441226,0.017064294447256607,0.335,Neutral,545.4350000000001,546.03,0.5949999999999136,PASSERIFORMES,Paridae,Pardaliparus,11.5,98,6,1673.055,10.72611527777778,1.0238883565290111,24.3,2700,1615993.56,Forest,2,1,Carnivore,Invertivore,Insessorial,0.47275031685678076,0.5272496831432192,1.3278140985673526,1,1,1
Streptopelia decaocto,0.040892176925587095,0.02367786176907569,0.05972491505290208,1,Winner,472.68499999999995,731.9649999999999,259.28,COLUMBIFORMES,Columbidae,Streptopelia,185,312.5,2,11721.84,17.9,0.999315537303217,35.4,2400,19265912.02,Human Modified,3,1,Herbivore,Omnivore,Terrestrial,0.1761723700887199,0.8238276299112801,1.2994744119188393,4,1,1
Pycnonotus xanthorrhous,0.02838038706568383,0.017113199269670955,0.039006079237417786,1,Winner,137.97,334.08500000000004,196.11500000000004,PASSERIFORMES,Pycnonotidae,Pycnonotus,33.5,194,3.5,3011.499,12.277375595238096,1.2054041860869358,15.8,1300,1741022.34,Shrubland,2,1,Herbivore,Frugivore,Insessorial,0.021546261089987327,0.9784537389100126,1.3945927627046493,2,1,1
Eophona migratoria,0.015439748353374909,-0.0038400638987317747,0.03570963793326514,0.915,Neutral,463.485,553.11,89.625,PASSERIFORMES,Fringillidae,Eophona,50.25,190.5,4.5,5418.75,12.045080790043292,1.0138053409819303,33.1,1000,3312437.98,Forest,2,1,Herbivore,Omnivore,Insessorial,0.1761723700887199,0.8238276299112801,1.3142463781195075,1,1,1
Emberiza elegans,0.020984517013287438,-0.0021356144896732313,0.04277404998590218,0.95,Neutral,374.15000000000003,593.115,218.96499999999997,PASSERIFORMES,Emberizidae,Emberiza,18.5,145,6,2611.2,10.777111652236655,0.9940771786013044,17.7,1000,3012325.14,Woodland,3,2,Omnivore,Omnivore,Terrestrial,0.1761723700887199,0.8238276299112801,1.352594698812806,1.5,2,2
Mareca strepera,0.05187113260333164,0.02240235556373644,0.07807502535658854,1,Winner,642.25,1043.595,401.345,ANSERIFORMES,Anatidae,Mareca,887.5,517.5,10,75826.319564279,23.218036706349213,1.5473263674685638,54.8,2730,18552362.65,Wetland,3,2,Herbivore,Herbivore aquatic,Aquatic,0.024081115335868188,0.9759188846641318,1.336335279351336,3,2,2
Pterorhinus sannio,0.040552961677336574,0.02861132968804217,0.04986995714159402,1,Winner,70.115,306.01,235.89499999999998,PASSERIFORMES,Leiothrichidae,Pterorhinus,142.4976305581021,277.32755402930394,3.5,13045.224293132156,14.585199801587304,1.225005959171255,31.86497857142857,1230,6854616.25682492,NA,2,NA,NA,NA,NA,NA,0.8238276299112801,1.2942449431107557,2,NA,2
Lonchura striata,0.015885905348483453,0.005836547952830182,0.02766218905379002,0.995,Winner,290.81,357.15000000000003,66.34000000000003,PASSERIFORMES,Estrildidae,Lonchura,12,109.5,5,898.24464,10,1.0642341215518805,20.9,2260,5429668.12,Shrubland,3,1,Herbivore,Granivore,Insessorial,0.07858048162230671,0.9214195183776933,1.1613179102066238,2,1,1
Tringa nebularia,0.035998831624900786,0.009289974004606452,0.05746344271916275,0.99,Winner,477.425,793.255,315.83,CHARADRIIFORMES,Scolopacidae,Tringa,239,320,4,29743.2,24.4,0.999315537303217,52.1,1200,12134126.53,Wetland,3,3,Carnivore,Aquatic predator,Terrestrial,0.14702154626108999,0.85297845373891,1.3165149024366771,3,3,3
Motacilla tschutschensis,0.03343608445720195,0.008332568702107575,0.061002771133417795,1,Winner,828.855,1036.015,207.16000000000008,PASSERIFORMES,Motacillidae,Motacilla,19,170,5,3373.65,8.833597853535355,0.9873049661571192,33.5,1300,9215280.51,Grassland,3,3,Carnivore,Invertivore,Terrestrial,0.47275031685678076,0.5272496831432192,1.323096162159043,2.5,3,3
Hypsipetes leucocephalus,0.008349299882719532,-0.001523963164289082,0.016635645116390065,0.95,Neutral,306.33000000000004,360.89500000000004,54.565,PASSERIFORMES,Pycnonotidae,Hypsipetes,54,246,3,4106.95687875,14.980297023809522,1.439432034483881,24.7,1600,4614841.53,Forest,1,3,Herbivore,Frugivore,Insessorial,0.021546261089987327,0.9784537389100126,1.3624019347786387,1,3,3
Urocissa erythroryncha,0.08943331083087258,0.0798128588765166,0.09803087243649565,1,Winner,1.4449999999999998,531.62,530.175,PASSERIFORMES,Corvidae,Urocissa,175,572,4.5,9209.87325,16.957413492063488,1.427070787566679,19.3,1500,4461983.11,Forest,1,1,Carnivore,Omnivore,Insessorial,0.1761723700887199,0.8238276299112801,1.3220235988306634,1,1,1
Delichon dasypus,-0.03394744761579627,-0.11082197320746669,-0.001200513812951418,0.02,Loser,861.3100000000001,652.5749999999999,-208.73500000000013,PASSERIFORMES,Hirundinidae,Delichon,12.5,115,3,1821.771,11.986192821067824,1.4250404682396458,54.8,3500,3760523.9,Rock,2,3,Carnivore,Invertivore,Aerial,0.47275031685678076,0.5272496831432192,1.30180336314056,4,3,3
Carpodacus erythrinus,0.007893490016741498,-0.015561028197196704,0.031082868459506065,0.73,Neutral,890.755,993.48,102.72500000000002,PASSERIFORMES,Fringillidae,Carpodacus,22.5,147.5,4.5,2592.2688,9,0.999315537303217,30.8,4350,23264611.24,Shrubland,2,3,Herbivore,Granivore,Insessorial,0.07858048162230671,0.9214195183776933,1.2616893288397997,2,3,3
Tringa totanus,0.03722774752388814,0.01531537555519667,0.06344633671925001,1,Winner,461.07,784.05,322.97999999999996,CHARADRIIFORMES,Scolopacidae,Tringa,127,271.5,4,25589.76,26.9,0.999315537303217,47.2,3100,19709237.23,Wetland,3,3,Carnivore,Aquatic predator,Terrestrial,0.14702154626108999,0.85297845373891,1.2741715971644685,3,3,3
Motacilla citreola,0.036464841277448076,0.009402571280105057,0.05805600339598162,0.995,Winner,737.7349999999999,1045.2649999999999,307.53,PASSERIFORMES,Motacillidae,Motacilla,21.5,172.5,4.5,2872.32,11.083961273448775,1.0815409210912268,28.2,4600,16401945.75,Wetland,3,3,Carnivore,Aquatic predator,Terrestrial,0.14702154626108999,0.85297845373891,1.2938485936945738,3,3,3
Falco peregrinus,0.02648727034211814,-0.00742918893265091,0.06569179620085909,0.92,Neutral,1071.785,1205.715,133.92999999999984,FALCONIFORMES,Falconidae,Falco,736,435,3,54693.42,25,0.999315537303217,52.2,4000,38088662.45,Grassland,3,2,Carnivore,Vertivore,Aerial,0.05449936628643853,0.9455006337135614,1.3285702306445262,2.5,2,2
Aythya ferina,0.03652993973148918,0.00765011498514535,0.06406629767072854,0.995,Winner,668.55,970.835,302.2850000000001,ANSERIFORMES,Anatidae,Aythya,866,448,8,65567.538,23.2,0.999315537303217,50.1,2690,16611109.18,Wetland,3,1,Herbivore,Herbivore aquatic,Aquatic,0.024081115335868188,0.9759188846641318,1.3184414008846588,3,1,1
Vanellus cinereus,0.07629976507551504,0.05221175062402236,0.09955301756998804,1,Winner,298.06,789.0400000000001,490.9800000000001,CHARADRIIFORMES,Charadriidae,Vanellus,263.5,335,4,37228.90248,19.60900351731602,1.565411492454613,45.2,1300,549695.13,Wetland,3,3,Carnivore,Aquatic predator,Terrestrial,0.14702154626108999,0.85297845373891,1.3668489807104696,3,3,3
Vanellus vanellus,0.045873158990178256,0.023709733123531647,0.06588818998701534,1,Winner,401.77000000000004,771.165,369.3949999999999,CHARADRIIFORMES,Charadriidae,Vanellus,222.5,320,4,22596.8913,24.5,1.998631074606434,40.2,1300,18594755.95,Wetland,3,2,Carnivore,Omnivore,Terrestrial,0.1761723700887199,0.8238276299112801,1.3339245063225476,3,2,2
Tringa glareola,0.011639947602636862,-0.02118769637855418,0.041221462294235504,0.78,Neutral,945.79,1034.255,88.46500000000015,CHARADRIIFORMES,Scolopacidae,Tringa,62,212.5,4,16793.28,11.7,0.999315537303217,48.4,1000,16979550.25,Wetland,3,3,Carnivore,Aquatic predator,Terrestrial,0.14702154626108999,0.85297845373891,1.302079782154373,3,3,3
Falco subbuteo,0.022496447583196154,-0.00859481398073994,0.04542422719214138,0.95,Neutral,934.36,1128.0049999999999,193.64499999999987,FALCONIFORMES,Falconidae,Falco,171,310,3,22456.32,14.9,0.999315537303217,57.8,4000,28255832.68,Woodland,3,3,Carnivore,Invertivore,Aerial,0.47275031685678076,0.5272496831432192,1.3337302981424082,1.5,3,3
Ixos mcclellandii,0.031016832164508547,0.02005877220269937,0.040016365740558967,1,Winner,213.45000000000002,364.01500000000004,150.56500000000003,PASSERIFORMES,Pycnonotidae,Ixos,40,226,3,5338.15419,13.33801607142857,1.2738730701954497,18.1,1900,2391920.69,Woodland,1,1,Omnivore,Omnivore,Insessorial,0.1761723700887199,0.8238276299112801,1.4659508684977913,1.5,1,1
Gallinago gallinago,0.03391262720168815,0.0024041575151650648,0.06120236508408497,0.98,Winner,658.9449999999999,937.5550000000001,278.6100000000001,CHARADRIIFORMES,Scolopacidae,Gallinago,132,273,4,21074.73,18.2,0.999315537303217,44.3,2800,20105909.91,Wetland,3,3,Carnivore,Aquatic predator,Terrestrial,0.14702154626108999,0.85297845373891,1.3200327269370713,3,3,3
Lonchura punctulata,0.02012346619591548,0.01204518539582808,0.02803726961938524,1,Winner,240.58,330.04999999999995,89.46999999999994,PASSERIFORMES,Estrildidae,Lonchura,14,113.5,6,1093.6134,11.14337996031746,1.0924734879349849,22,3000,7189322.58,Grassland,2,1,Herbivore,Granivore,Generalist,0.07858048162230671,0.9214195183776933,0.8455795896330116,2.5,1,1
Apus pacificus,-0.002631966661612133,-0.03617657541214053,0.023407023927456767,0.47,Neutral,1024.8700000000001,1029.005,4.134999999999991,CAPRIMULGIFORMES,Apodidae,Apus,43,187.5,2.5,4126.92,16.076197222222227,1.7357220083893592,69.4,3000,15859868.87,Woodland,1,2,Carnivore,Invertivore,Aerial,0.47275031685678076,0.5272496831432192,1.353087900256714,1.5,2,2
Apus nipalensis,0.024243245973776483,0.013180927869664058,0.03690107463116675,1,Winner,258.27500000000003,418.765,160.48999999999995,CAPRIMULGIFORMES,Apodidae,Apus,28,126.5,3,2604.825,14.46593421717172,1.9191893551729284,67.6,2100,5768014.18,Human Modified,1,3,Carnivore,Invertivore,Aerial,0.47275031685678076,0.5272496831432192,1.1319445903066419,4,3,3
Eudynamys scolopaceus,0.021221040813412015,0.008823618991962247,0.03264910761887899,1,Winner,419.165,521.74,102.57499999999999,CUCULIFORMES,Cuculidae,Eudynamys,208.5,400,1,2928.35470306392,18.32413313492063,1.5355350271068948,31.4,1800,9692360.68,Woodland,2,2,Herbivore,Frugivore,Insessorial,0.021546261089987327,0.9784537389100126,1.3454860182813864,1.5,2,2
Chlidonias hybrida,0.07361827568069315,0.052489697781332376,0.09377753479989698,1,Winner,365.83000000000004,870.69,504.86,CHARADRIIFORMES,Laridae,Chlidonias,90,253,3,21332.025,16,2.0414645491781003,63.6,2000,10089513.85,Wetland,3,3,Carnivore,Aquatic predator,Aerial,0.14702154626108999,0.85297845373891,1.2952750735480019,3,3,3
Oriolus chinensis,0.019134457299644046,0.003392107168620724,0.03349141079934341,1,Winner,653.09,748.54,95.44999999999993,PASSERIFORMES,Oriolidae,Oriolus,84,243,4,11504.18475,29,1.488401826612812,29.1,1600,5911861.17,Forest,2,2,Omnivore,Frugivore,Insessorial,0.021546261089987327,0.9784537389100126,1.35607702850337,1,2,2
Periparus ater,0.006577689706356774,-0.02197039134056192,0.028278429638869597,0.72,Neutral,517.39,581.215,63.825000000000045,PASSERIFORMES,Paridae,Periparus,8.75,105,9.5,1056.83424,9.5,0.999315537303217,21.9,4570,18987457.58,Forest,1,1,Omnivore,Invertivore,Insessorial,0.47275031685678076,0.5272496831432192,1.3144490790167087,1,1,1
Amaurornis phoenicurus,0.01706887510498202,6.527237059841584e-4,0.03130578318728755,0.98,Winner,310.88,399.97,89.09000000000003,GRUIFORMES,Rallidae,Amaurornis,216.5,313,6,18360,15.654328373015874,1.2750762822811064,23.2,2000,9839893.66,Wetland,2,1,Carnivore,Aquatic predator,Terrestrial,0.14702154626108999,0.85297845373891,1.1458174674543153,3,1,1
Charadrius alexandrinus,0.04112621122286092,0.017012191856787994,0.06151377734841633,1,Winner,281.115,626.395,345.28,CHARADRIIFORMES,Charadriidae,Charadrius,40.5,165,4,11866.41768609,19,0.8774811772758385,55,3000,13539453.43,Coastal,3,2,Carnivore,Aquatic predator,Terrestrial,0.14702154626108999,0.85297845373891,1.2875659301245437,3,2,2
Apus apus,0.003942966171175603,-0.01198515144265852,0.018122236994111165,0.73,Neutral,769.9,798.06,28.159999999999968,CAPRIMULGIFORMES,Apodidae,Apus,34.5,176,3,3832.14,21.1,1.998631074606434,71.6,4000,24779919.71,Human Modified,1,3,Carnivore,Invertivore,Aerial,0.47275031685678076,0.5272496831432192,1.3540608947311044,4,3,3
Falco amurensis,0.05413077035360152,0.04117560870178039,0.06775119987362804,1,Winner,309.83000000000004,619.22,309.39,FALCONIFORMES,Falconidae,Falco,137,275,4,21558.42624,15.47607162698413,1.500893725314154,52.9,500,2793291.94,Grassland,3,3,Carnivore,Invertivore,Insessorial,0.47275031685678076,0.5272496831432192,1.3437925926965686,2.5,3,3
Spatula clypeata,0.05208160146833885,0.018426857518754627,0.080391648140507,1,Winner,575.985,1043.2350000000001,467.2500000000001,ANSERIFORMES,Anatidae,Spatula,550,484,10,44991.18,22.008214880952387,1.5151848592505666,58,4000,27068888.24,Wetland,3,3,Omnivore,Aquatic predator,Aquatic,0.14702154626108999,0.85297845373891,1.3062975078147114,3,3,3
Aegithalos glaucogularis,0.04521294095465039,0.03152670067318183,0.059356818267393356,1,Winner,225.63,488.095,262.46500000000003,PASSERIFORMES,Aegithalidae,Aegithalos,9,142,9.5,1011.7125,10.088103463203462,1.064727920645783,19.9,3020,1794376.61,Forest,2,1,Carnivore,Invertivore,Insessorial,0.47275031685678076,0.5272496831432192,1.3472288813350888,1,1,1
Abroscopus albogularis,0.03191188394145885,0.019491989518438602,0.04553720748465359,1,Winner,187.655,346.96,159.30499999999998,PASSERIFORMES,Scotocercidae,Abroscopus,6,92.5,4.5,1138.32,11.440789880952384,1.4105592912107268,13.3,600,1704650.6,Forest,1,1,Carnivore,Invertivore,Insessorial,0.47275031685678076,0.5272496831432192,1.4118695676141497,1,1,1
Cuculus micropterus,0.023871244558776608,0.006819447246265687,0.03789878628874684,0.99,Winner,603.98,733.74,129.76,CUCULIFORMES,Cuculidae,Cuculus,123,323.5,1,2928.35470306392,14.360315873015873,1.2547013624067,45.1,2100,10050685.23,Forest,1,1,Carnivore,Invertivore,Insessorial,0.47275031685678076,0.5272496831432192,1.3639501139913073,1,1,1
Turdus eunomus,0.014798575078973728,-0.013891965693567194,0.039439899951039026,0.885,Neutral,625.8,733.695,107.8950000000001,PASSERIFORMES,Turdidae,Turdus,77,226,5.5,4370.69458125,15.2396006302521,1.0292761779820274,33.1,3000,4386800.98,Forest,2,3,Omnivore,Invertivore,Generalist,0.47275031685678076,0.5272496831432192,1.2960961890724478,1,3,3
Lanius tephronotus,0.0011741569233145437,-0.011231740349159362,0.012000868017440002,0.58,Neutral,472.28000000000003,490.185,17.904999999999973,PASSERIFORMES,Laniidae,Lanius,46,224.5,5,5129.1873,10.17756388888889,1.0818503525526089,20.6,1800,1356194.63,Grassland,3,3,Carnivore,Invertivore,Insessorial,0.47275031685678076,0.5272496831432192,1.3014115041546388,2.5,3,3
Emberiza cioides,0.028902511169990396,0.010530016740353695,0.04790900591474134,1,Winner,460.04,651.29,191.24999999999994,PASSERIFORMES,Emberizidae,Emberiza,24,161,4.5,2603.62038,11.432960912698416,0.9838687515617676,22.1,1700,10532097.13,Grassland,3,2,Herbivore,Granivore,Terrestrial,0.07858048162230671,0.9214195183776933,1.3644711963065579,2.5,2,2
Phoenicurus ochruros,0.008998153027515401,-0.0016296855289348875,0.018132207312441806,0.945,Neutral,441.305,489.09999999999997,47.79499999999996,PASSERIFORMES,Muscicapidae,Phoenicurus,19,146,5,2441.9871,10.2,0.999315537303217,23.1,5200,13764225.49,Rock,3,2,Omnivore,Invertivore,Insessorial,0.47275031685678076,0.5272496831432192,1.3267647188554046,4,2,2
Circus cyaneus,0.058696181894066515,0.02697087963134635,0.0901799880515233,1,Winner,665.4499999999999,1134.01,468.56000000000006,ACCIPITRIFORMES,Accipitridae,Circus,455,470,4.5,34413.55815,17.1,0.999315537303217,44.7,2500,17331412.86,Grassland,3,3,Carnivore,Vertivore,Aerial,0.05449936628643853,0.9455006337135614,1.3115345688610272,2.5,3,3
Aythya fuligula,0.020977431986595966,-0.012706148597597914,0.058701130571321106,0.83,Neutral,815.16,1064.1,248.93999999999994,ANSERIFORMES,Anatidae,Aythya,657.5,403,9,50581.29,45.2,0.999315537303217,50.1,3000,20377977.97,Wetland,3,2,Omnivore,Herbivore aquatic,Aquatic,0.024081115335868188,0.9759188846641318,1.3201881774311703,3,2,2
Accipiter trivirgatus,0.02802167501055023,0.008891435345032733,0.043544889269599985,1,Winner,281.37,416.835,135.46499999999997,ACCIPITRIFORMES,Accipitridae,Accipiter,370,410,2.5,46294.74,20.87934861111111,1.9035093325945496,23,1800,3366430.69,Forest,1,1,Carnivore,Vertivore,Insessorial,0.05449936628643853,0.9455006337135614,1.2263785053428484,1,1,1
Mareca penelope,0.04615755575304436,0.012096708656221892,0.07830337834339879,0.995,Winner,548.73,1018.275,469.54499999999996,ANSERIFORMES,Anatidae,Mareca,725,489,8.5,51438.6,22.67571686507937,1.5319235829004807,57.2,3650,16342850.08,Wetland,3,3,Herbivore,Omnivore,Terrestrial,0.1761723700887199,0.8238276299112801,1.3343477389185747,3,3,3
Pernis ptilorhynchus,0.0585516912174668,0.019925982226199956,0.09362719430084428,1,Winner,522.3249999999999,1047.185,524.86,ACCIPITRIFORMES,Accipitridae,Pernis,1400,550,2,47680.92,21.966901136363628,2.0637581298464256,32,2000,11263289.52,Woodland,2,1,Carnivore,Invertivore,Insessorial,0.47275031685678076,0.5272496831432192,1.2678558110245368,1.5,1,1
Anthus richardi,0.007567364568614327,-0.02812053566381301,0.03422692384987887,0.73,Neutral,928.99,1015.415,86.42499999999995,PASSERIFORMES,Motacillidae,Anthus,31.5,175.5,5,4196.28,9.72208154761905,0.9955934916289096,29.3,1800,13319039.29,Grassland,3,3,Carnivore,Invertivore,Terrestrial,0.47275031685678076,0.5272496831432192,1.3363596446310853,2.5,3,3
Leiothrix lutea,-5.322985498160634e-4,-0.015829311737718135,0.01608090223070176,0.485,Neutral,280.995,287.735,6.740000000000009,PASSERIFORMES,Leiothrichidae,Leiothrix,21,141.5,3.5,3333.22128,15,1.0519833936312353,12.8,2300,2885282.76,Shrubland,1,1,Carnivore,Invertivore,Insessorial,0.47275031685678076,0.5272496831432192,1.209216561917182,2,1,1
Ficedula albicilla,0.0015323650707140958,-0.021435776863954918,0.0261508551306265,0.59,Neutral,963.105,974.56,11.454999999999927,PASSERIFORMES,Muscicapidae,Ficedula,10.5,120,5.5,1508.325,9.42029920634921,1.0068358593266156,26.6,2296.837164779665,10678211.07,Woodland,2,3,Carnivore,Invertivore,Insessorial,0.47275031685678076,0.5272496831432192,1.324047134385627,1.5,3,3
Anthus spinoletta,0.043657827255202335,0.018022006338126062,0.0726122711210684,0.995,Winner,812.3449999999999,1087.775,275.4300000000002,PASSERIFORMES,Motacillidae,Anthus,22.5,164,5,3170.74446,8.8,0.9938398357289528,23.4,3200,3806294.97,Grassland,3,3,Carnivore,Invertivore,Terrestrial,0.47275031685678076,0.5272496831432192,1.337325077175208,2.5,3,3
Emberiza godlewskii,-0.012594005878899766,-0.030930667892785618,0.0031361833589331352,0.06,Neutral,615.39,541.075,-74.31499999999994,PASSERIFORMES,Emberizidae,Emberiza,19,161.5,4,2868.21834803245,11.070985912698411,0.9970075725476116,21.4,3700,5814242.22,Shrubland,2,2,Omnivore,Granivore,Terrestrial,0.07858048162230671,0.9214195183776933,1.2876929523916014,2,2,2
Alauda gulgula,-0.032003577335008734,-0.06429454441009541,-0.004497985610473256,0.015,Loser,780.755,600.755,-180,PASSERIFORMES,Alaudidae,Alauda,32,152.5,4,2759.16834,10.479040367965364,1.0405504248014494,27.5,4300,11895680.09,Grassland,3,2,Omnivore,Omnivore,Terrestrial,0.1761723700887199,0.8238276299112801,1.3355633210771212,2.5,2,2
Aythya nyroca,0.05829724559668241,0.0288980717579558,0.08481821399371203,1,Winner,491.125,1014.765,523.64,ANSERIFORMES,Anatidae,Aythya,650,400.5,9,31411.2468,19.497104563492066,1.26436966689482,48.9,4200,6827514.86,Wetland,3,3,Herbivore,Herbivore aquatic,Aquatic,0.024081115335868188,0.9759188846641318,1.3111522940204476,3,3,3
Gyps himalayensis,0.0034200589281942182,-0.0037595060822863307,0.009877882333349988,0.81,Neutral,433.83,451.00000000000006,17.170000000000073,ACCIPITRIFORMES,Accipitridae,Gyps,10000,1349.5,1,236905.2,38.83195416666667,4.56581495654699,35.5,2500,3859146.13,Rock,3,1,Scavenger,Scavenger,Terrestrial,0.0038022813688212928,0.9961977186311787,1.3436150134299083,4,1,1
Anas acuta,0.04025325649639299,0.0026475448358172066,0.08077816912554862,0.975,Winner,543.155,1209.095,665.94,ANSERIFORMES,Anatidae,Anas,855,572.5,8.5,44991.18,27.4,0.6570841889117043,57.8,4000,28403500.77,Wetland,3,3,Herbivore,Herbivore aquatic,Aquatic,0.024081115335868188,0.9759188846641318,1.3348277703561424,3,3,3
Ixobrychus sinensis,0.03172111707399838,0.005661202643861439,0.05800247244567649,0.995,Winner,467.565,639.145,171.57999999999998,PELECANIFORMES,Ardeidae,Ixobrychus,76,330,7,13467.1875,13.421683297258296,1.1848762942320423,31,1500,8593201.95,Wetland,1,3,Carnivore,Aquatic predator,Terrestrial,0.14702154626108999,0.85297845373891,1.3448380193262792,3,3,3
Parus monticolus,0.007293036739061957,-0.005804763649554028,0.018535091302949617,0.895,Neutral,96.51499999999999,160.375,63.860000000000014,PASSERIFORMES,Paridae,Parus,12,124,5,1428.84864,10.018441666666662,1.044113840813531,15.7,3860,1684621.77,Forest,1,1,Omnivore,Invertivore,Insessorial,0.47275031685678076,0.5272496831432192,1.4098927133895258,1,1,1
Alauda arvensis,0.059643945804035516,0.038049058429304394,0.07975390245812011,1,Winner,437.265,833.25,395.985,PASSERIFORMES,Alaudidae,Alauda,34,171.5,4,4295.15625,10.1,0.999315537303217,33.6,3500,26018285.25,Grassland,3,2,Omnivore,Omnivore,Terrestrial,0.1761723700887199,0.8238276299112801,1.3462122185308396,2.5,2,2
Dicrurus hottentottus,-0.0025490083225403483,-0.01858109448941347,0.014094527219540721,0.385,Neutral,471.185,460.17499999999995,-11.010000000000048,PASSERIFORMES,Dicruridae,Dicrurus,85,310,3.5,9307.755,13.265770472582972,1.0857896282172446,24.5,1500,7425702.56,Forest,1,1,Carnivore,Invertivore,Insessorial,0.47275031685678076,0.5272496831432192,1.242717801866816,1,1,1
Acrocephalus orientalis,0.046351079934955866,0.021098501490820407,0.07008150881459235,1,Winner,440.57,700.895,260.325,PASSERIFORMES,Acrocephalidae,Acrocephalus,29,187,5,3141.18384,9.613999801587306,1.0257144568299568,20.9,1000,5305557.13,Wetland,3,3,Carnivore,Invertivore,Insessorial,0.47275031685678076,0.5272496831432192,1.3300993094271558,3,3,3
Enicurus leschenaulti,0.016365376473977015,4.1876083037942305e-4,0.030959538227503997,0.975,Winner,222.555,316.95,94.39499999999998,PASSERIFORMES,Muscicapidae,Enicurus,47,278.5,3,3859.463409375,14.46347216810967,1.7329006805613567,20.2,450,6166589.04,Riverine,3,1,Carnivore,Aquatic predator,Terrestrial,0.14702154626108999,0.85297845373891,1.4409640370219028,3,1,1
Bambusicola thoracicus,0.02317516242829968,0.010304001833947921,0.035501636730135844,1,Winner,102.375,244.66,142.285,GALLIFORMES,Phasianidae,Bambusicola,283.5,307.5,8.5,12640.86,13.530592370129868,1.106027758764924,23.9,1000,1284965.77,Forest,2,1,Herbivore,Omnivore,Terrestrial,0.1761723700887199,0.8238276299112801,1.4166856373617664,1,1,1
Elanus caeruleus,0.030607429540438044,0.016492815991727017,0.04132978927192539,1,Winner,130.495,326.7,196.20499999999998,ACCIPITRIFORMES,Accipitridae,Elanus,230,325,4,19114.29,6,0.9938398357289528,45.2,3000,26685941.8,Grassland,3,2,Carnivore,Vertivore,Aerial,0.05449936628643853,0.9455006337135614,1.3830114711635948,2.5,2,2
Picumnus innominatus,0.015702464292291798,0.0012492333617528043,0.030834827614929994,0.98,Winner,318.6,405.255,86.65499999999997,PICIFORMES,Picidae,Picumnus,13,103,3.5,1101.6,9.905089285714284,1.0738993486739867,10.7,2100,4531626.73,Forest,1,1,Carnivore,Invertivore,Insessorial,0.47275031685678076,0.5272496831432192,1.5137805126765043,1,1,1
Recurvirostra avosetta,0.061595261994357046,0.0345470340621491,0.08323843800547169,1,Winner,290.205,654.9649999999999,364.75999999999993,CHARADRIIFORMES,Recurvirostridae,Recurvirostra,297.5,436.5,4,33111.75,27.8,1.998631074606434,49.7,3000,17136961.53,Wetland,3,2,Carnivore,Aquatic predator,Terrestrial,0.14702154626108999,0.85297845373891,1.3294009073765884,3,2,2
Eremophila alpestris,0.0033131466184559725,-0.008432459675346844,0.013248189323508765,0.72,Neutral,553.11,580.0649999999999,26.954999999999927,PASSERIFORMES,Alaudidae,Eremophila,37.5,171.5,3.5,4274.31,8,0.999315537303217,38.6,5400,35118904.89,Grassland,3,3,Omnivore,Omnivore,Terrestrial,0.1761723700887199,0.8238276299112801,1.3141479717461706,2.5,3,3
Turdus naumanni,0.043508116891242524,0.02507322992863845,0.06467392397538008,1,Winner,433.22499999999997,679.3149999999999,246.08999999999997,PASSERIFORMES,Turdidae,Turdus,73.18,231.08538888888893,4,6748.3688632571,15.516058674985144,1.0423129760003451,32.8,1000,2025726.75,Forest,2,3,Omnivore,Invertivore,Generalist,0.47275031685678076,0.5272496831432192,1.3020430091308577,1,3,3
Monticola solitarius,-5.596160943115616e-4,-0.029713720575954946,0.022473445451258064,0.51,Neutral,512,516.39,4.389999999999986,PASSERIFORMES,Muscicapidae,Monticola,50.5,211.5,4.5,6522.39,10.8601882936508,1.0042222140738537,29.5,4200,9788977.12,Rock,3,2,Carnivore,Omnivore,Insessorial,0.1761723700887199,0.8238276299112801,1.0785632511535392,4,2,2
Hemixos castanonotus,0.021770503432273363,0.014621369257883264,0.0299051013236206,1,Winner,129.56,247.43499999999997,117.87499999999997,PASSERIFORMES,Pycnonotidae,Hemixos,39,208,4,5338.15419,14.06419832251082,1.237491457796898,19.7,1000,979934.26,Forest,1,2,Omnivore,Frugivore,Insessorial,0.021546261089987327,0.9784537389100126,1.4174735760509805,1,2,2
Anser anser,0.04818885131728392,0.020328927313398606,0.07115655054052533,0.995,Winner,431.99,803.19,371.20000000000005,ANSERIFORMES,Anatidae,Anser,3250,835,4.5,184354.1472,31,2.9979466119096507,47.2,2300,13285537.12,Wetland,3,3,Herbivore,Herbivore terrestrial,Terrestrial,0.015209125475285171,0.9847908745247148,1.3435731832710227,3,3,3
Dicrurus leucophaeus,0.00880031040051424,-0.009294455965043318,0.023569118061460375,0.865,Neutral,373.57,447.17999999999995,73.60999999999996,PASSERIFORMES,Dicruridae,Dicrurus,52,283,3.5,6895.2,12.227953012265507,1.0727669404517433,31.5,3000,6692531.66,Forest,1,1,Carnivore,Invertivore,Insessorial,0.47275031685678076,0.5272496831432192,1.0892064293178305,1,1,1
Saxicola maurus,0.049255760795681745,0.030013803016369724,0.0680432336386655,1,Winner,570.035,874.7400000000001,304.70500000000015,PASSERIFORMES,Muscicapidae,Saxicola,17,132,6.5,1799.28,11.313322619047629,1.1816922796953575,22.1253323953824,3000,7846743.767422017,NA,2,NA,NA,NA,NA,NA,0.8238276299112801,1.285303479484258,2,NA,2
Pycnonotus jocosus,0.016597676455200553,0.010532228665949798,0.022531812454600803,1,Winner,95.73,188.185,92.455,PASSERIFORMES,Pycnonotidae,Pycnonotus,33,192.5,3,3965.76,11.1,1.3042812761426696,14.2,2000,5185044.87,Shrubland,2,1,Herbivore,Omnivore,Insessorial,0.1761723700887199,0.8238276299112801,0.9204088663006711,2,1,1
Mareca falcata,0.04749855629718852,0.026434365068541542,0.06520706683119415,1,Winner,375.59,639.95,264.36000000000007,ANSERIFORMES,Anatidae,Mareca,745,487.5,8,53078.76,20.90252662337663,1.4002291478390032,54.5,2367.805496212121,5490157.81,Wetland,3,3,Herbivore,Herbivore aquatic,Aquatic,0.024081115335868188,0.9759188846641318,1.355614566936487,3,3,3
Aix galericulata,0.044364079262357706,0.023026232150403305,0.06644025559196096,1,Winner,421.525,671.215,249.69000000000005,ANSERIFORMES,Anatidae,Aix,510,415.5,9.5,37405.695,10.4,0.9938398357289528,50.1,1500,1904941.91,Forest,3,3,Herbivore,Herbivore aquatic,Generalist,0.024081115335868188,0.9759188846641318,1.3452739250021566,1,3,3
Tringa erythropus,0.04620856162992583,0.022228512367076316,0.06941485820850274,1,Winner,356.47499999999997,660.105,303.63000000000005,CHARADRIIFORMES,Scolopacidae,Tringa,134.5,290.5,4,30362.34,8.6,0.999315537303217,50.8,3750,3716042.92,Grassland,3,3,Carnivore,Aquatic predator,Terrestrial,0.14702154626108999,0.85297845373891,1.3385765202838042,2.5,3,3
Stachyridopsis ruficeps,0.002842412374097896,-0.008169367214672195,0.01383345613400544,0.69,Neutral,260.335,257.46000000000004,-2.874999999999943,NA,NA,NA,NA,NA,NA,NA,NA,NA,NA,NA,NA,NA,2,NA,NA,NA,NA,NA,0.8238276299112801,1.4658448370681394,2,NA,2
Riparia riparia,0.05573096970015381,0.025305676409000923,0.08688043975273282,1,Winner,717.225,1146,428.775,PASSERIFORMES,Hirundinidae,Riparia,14,130,5,1028.16,10.1,0.999315537303217,53,2100,36583654.61,Riverine,3,3,Carnivore,Invertivore,Aerial,0.47275031685678076,0.5272496831432192,1.3342782778541193,3,3,3
Phoenicurus frontalis,0.005668852924216383,-0.007619823010114272,0.019602951721478273,0.805,Neutral,450.575,484.975,34.400000000000034,PASSERIFORMES,Muscicapidae,Phoenicurus,15.77,137.25034722222222,4.5,2226.202980562323,11.224517424242425,1.045741588170744,23.2,4200,2351061.38,Forest,1,2,Carnivore,Invertivore,Insessorial,0.47275031685678076,0.5272496831432192,1.2952863673804456,1,2,2
Tadorna tadorna,0.04369078332785335,0.01771867953645479,0.06403574895512287,1,Winner,367.34,664.145,296.805,ANSERIFORMES,Anatidae,Tadorna,1125,586.5,9,92855.7,24.8,1.998631074606434,51.8,2400,9435093.57,Coastal,3,2,Carnivore,Aquatic predator,Generalist,0.14702154626108999,0.85297845373891,1.3173045110527992,3,2,2
Corvus corax,0.0027464559916590054,-0.009021132264172395,0.012805851384195394,0.73,Neutral,521.3449999999999,532.395,11.050000000000068,PASSERIFORMES,Corvidae,Corvus,1050,670,5,27760.32,69,2.9979466119096507,39.8,6000,52288449.5,Forest,3,2,Omnivore,Omnivore,Terrestrial,0.1761723700887199,0.8238276299112801,1.303961911913169,1,2,2
Culicicapa ceylonensis,0.015884908667153384,2.774993344465638e-4,0.033015447753792226,0.98,Winner,212.45999999999998,354.59000000000003,142.13000000000005,PASSERIFORMES,Stenostiridae,Culicicapa,9,116,3,1233.8685,10.802319246031749,1.2540886813771803,18.9,3100,4653880.02,Woodland,1,1,Carnivore,Invertivore,Insessorial,0.47275031685678076,0.5272496831432192,1.3615084381342057,1.5,1,1
Yungipicus canicapillus,0.020154256534879823,-0.004275121850113772,0.03731889157927467,0.96,Neutral,91.85499999999999,230.905,139.05,NA,NA,NA,NA,NA,NA,NA,NA,NA,NA,NA,NA,NA,2,NA,NA,NA,NA,NA,0.8238276299112801,1.278488297843362,2,NA,2
Muscicapa sibirica,0.00246140335574084,-0.0224202314350652,0.021376228312088668,0.61,Neutral,883.57,905.475,21.904999999999973,PASSERIFORMES,Muscicapidae,Muscicapa,12,129.5,4.5,1485.20925,9.807033134920635,0.9901028921265028,33,2600,8436138.82,Forest,1,3,Carnivore,Invertivore,Insessorial,0.47275031685678076,0.5272496831432192,1.334275186282098,1,3,3
Cinclus pallasii,0.006953883157239143,-0.01565680194588885,0.024906426789256503,0.775,Neutral,118.95,161.45000000000002,42.500000000000014,PASSERIFORMES,Cinclidae,Cinclus,88.5,211.5,4.5,5916,12.78042936507937,1.1053293514987548,27.9,4550,9425465.17,Riverine,3,1,Carnivore,Aquatic predator,Generalist,0.14702154626108999,0.85297845373891,1.3881676523066222,3,1,1
Platalea leucorodia,0.05102768236745603,0.03467965355180437,0.0678076106816208,1,Winner,287.705,595.6949999999999,307.98999999999995,PELECANIFORMES,Threskiornithidae,Platalea,2040,834,3.5,89389.23,30.1,2.9979466119096507,40.4,500,6276598.58,Wetland,3,2,Carnivore,Aquatic predator,Terrestrial,0.14702154626108999,0.85297845373891,1.3399684477576714,3,2,2
Dendrocitta formosae,0.016580707984569818,0.008108390480198178,0.025604195932344066,1,Winner,178.195,276.065,97.87,PASSERIFORMES,Corvidae,Dendrocitta,95,350.5,4,8396.64,15.85592662337662,1.1760663711526125,16,1750,3328585.52,Forest,2,1,Omnivore,Omnivore,Insessorial,0.1761723700887199,0.8238276299112801,1.4361793280250421,1,1,1
Chaimarrornis leucocephalus,-0.024416032446585637,-0.0444071517103074,-0.008787632148507937,0.005,Loser,421.85999999999996,182.92499999999998,-238.93499999999997,NA,NA,NA,NA,NA,NA,NA,NA,NA,NA,NA,NA,NA,2,NA,NA,NA,NA,NA,0.8238276299112801,1.3388224008265444,2,NA,2
Butorides striata,0.015990748466217154,-0.001556723295760044,0.03438454404327322,0.945,Neutral,448.38,535.775,87.39499999999998,PELECANIFORMES,Ardeidae,Butorides,315,435,5,25681.39425,19.695339285714287,1.5259445259280984,29.8,3000,53556698.29,Wetland,3,1,Carnivore,Aquatic predator,Terrestrial,0.14702154626108999,0.85297845373891,1.2680604674708245,3,1,1
Trochalopteron elliotii,-0.012112436266995572,-0.028997723404160212,0.002929029969467013,0.06,Neutral,158.29500000000002,86.265,-72.03000000000002,PASSERIFORMES,Leiothrichidae,Trochalopteron,63,249.5,2.5,6288.4224,15.29673472222222,1.316780798105232,6.1,3200,1030829.66,Forest,1,1,Carnivore,Invertivore,Generalist,0.47275031685678076,0.5272496831432192,1.3779270569579256,1,1,1
Turdus hortulorum,0.023631048320636498,0.00456520286458212,0.04394785172082724,0.995,Winner,322.69,454.04499999999996,131.35499999999996,PASSERIFORMES,Turdidae,Turdus,61.5,215.5,4,6522.39,13.343956890331889,1.0455495176167633,28.4,1100,1755458.64,Forest,1,3,Carnivore,Invertivore,Terrestrial,0.47275031685678076,0.5272496831432192,1.285840664060241,1,3,3
Troglodytes troglodytes,-0.012215399313301505,-0.04225436108289133,0.0157061125816814,0.205,Neutral,883.5200000000001,795.775,-87.74500000000012,PASSERIFORMES,Troglodytidae,Troglodytes,10,100.5,5,1224.68204544,7,0.999315537303217,15.7,4575,15761767.29,Forest,1,3,Carnivore,Invertivore,Insessorial,0.47275031685678076,0.5272496831432192,1.2617192167429039,1,3,3
Cisticola juncidis,0.002069169648016968,-0.017623027017738026,0.021766878444214852,0.58,Neutral,451.795,442.885,-8.910000000000025,PASSERIFORMES,Cisticolidae,Cisticola,9,100.5,4.5,1296.25272,11.05931814574314,1.0764089420162284,13.5,2400,18929166.75,Grassland,3,3,Carnivore,Invertivore,Generalist,0.47275031685678076,0.5272496831432192,1.3622128262363342,2.5,3,3
Gracupica nigricollis,0.01883811984864421,0.008629938515669032,0.02633593727084465,1,Winner,116.14999999999999,215.235,99.08500000000002,PASSERIFORMES,Sturnidae,Gracupica,162.5,285.5,5,11449.1685,13.144914087301588,1.1270980981715049,26.2,2000,2862924.75,Grassland,3,1,Carnivore,Invertivore,Insessorial,0.47275031685678076,0.5272496831432192,1.3155018086110104,2.5,1,1
Pycnonotus aurigaster,0.01644632531935476,0.011337816827007642,0.02331550790632797,1,Winner,111.49999999999999,194.43499999999997,82.93499999999999,PASSERIFORMES,Pycnonotidae,Pycnonotus,44,210,2.5,3537.36,13.196429166666665,1.320100371565462,15.5,1830,2959739.34,Shrubland,2,1,Herbivore,Omnivore,Insessorial,0.1761723700887199,0.8238276299112801,0.8079405547479195,2,1,1
Phylloscopus humei,0.009176013963479,-0.011944140853954994,0.02736451996357278,0.845,Neutral,664.1600000000001,713.485,49.32499999999993,PASSERIFORMES,Phylloscopidae,Phylloscopus,6.5,96.5,4.5,1138.32,9.71514107142857,1.0222771775148545,24.8,1980,3694487.56,Forest,1,3,Carnivore,Invertivore,Insessorial,0.47275031685678076,0.5272496831432192,1.2880618351070638,1,3,3
Circus spilonotus,0.024610763009430044,-0.002456505175907815,0.050137528841584414,0.965,Neutral,411.16499999999996,615.0699999999999,203.90499999999997,ACCIPITRIFORMES,Accipitridae,Circus,550,521,4.5,37805.98992,18.053467460317464,1.7150581368589568,47.7,3000,5723030.46,Wetland,3,3,Carnivore,Vertivore,Aerial,0.05449936628643853,0.9455006337135614,1.3310843425280845,3,3,3
Pericrocotus solaris,0.024490428014595698,0.015536015939779843,0.03446393237337551,1,Winner,185.39000000000001,306.515,121.12499999999997,PASSERIFORMES,Campephagidae,Pericrocotus,16,177.5,3.5,4080,10.944396085858584,1.0894974712905898,28.3,1500,2902202.9,Forest,2,1,Carnivore,Invertivore,Insessorial,0.47275031685678076,0.5272496831432192,1.4115546114749258,1,1,1
Cuculus sparverioides,-0.017485726505690476,-0.044223718819686286,0.006670883125701271,0.07,Neutral,542.6949999999999,397.14500000000004,-145.5499999999999,NA,NA,NA,NA,NA,NA,NA,NA,NA,NA,NA,NA,NA,2,NA,NA,NA,NA,NA,0.8238276299112801,1.145922746095131,2,NA,2
Aquila chrysaetos,0.007034681733014132,-0.0105021146126607,0.020996445329326804,0.825,Neutral,655.05,695.285,40.235000000000014,ACCIPITRIFORMES,Accipitridae,Aquila,3950,848.5,2,143208,48,3.997262149212868,36.7,3630,39450257.98,Grassland,3,2,Carnivore,Vertivore,Aerial,0.05449936628643853,0.9455006337135614,1.3029694646853156,2.5,2,2
Ptyonoprogne rupestris,0.006697768193614922,-0.006377134212140261,0.018496132228113336,0.84,Neutral,640.77,687.13,46.360000000000014,PASSERIFORMES,Hirundinidae,Ptyonoprogne,21.5,143.5,4,2639.25,12.347126388888896,1.1131275443888362,56,4500,10906260.69,Rock,3,2,Carnivore,Invertivore,Aerial,0.47275031685678076,0.5272496831432192,1.2965822491009997,4,2,2
Anthus rubescens,0.039523402112160926,0.014749792888724576,0.06171560500387628,1,Winner,406.455,641.98,235.52500000000003,PASSERIFORMES,Motacillidae,Anthus,23,155,5,3388.07592667168,5.1,0.999315537303217,28.4,3250,12413847.38,Grassland,3,3,Carnivore,Invertivore,Terrestrial,0.47275031685678076,0.5272496831432192,1.2886018646482391,2.5,3,3
Picoides canicapillus,0.1031153935840744,0.09072742425302739,0.11644691815445132,1,Winner,4.6,611.835,607.235,PICIFORMES,Picidae,Picoides,25.76,172.5522053571429,5.5,3679.889301636524,12.42105277777778,1.0068524466825266,28.3,2800,8010257.64,Forest,1,1,Carnivore,Invertivore,Insessorial,0.47275031685678076,0.5272496831432192,1.4330391041271615,1,1,1
Lanius sphenocercus,0.04432533324314731,0.025518909077663094,0.06027316459897517,1,Winner,364.005,607.205,243.20000000000005,PASSERIFORMES,Laniidae,Lanius,96,277.5,6,7944.04611,11.182968362193362,1.0460319252957837,25.9,1100,1889472.71,Grassland,3,2,Carnivore,Invertivore,Insessorial,0.47275031685678076,0.5272496831432192,1.315527423761671,2.5,2,2
Psilopogon virens,0.025547750884367417,0.011710518456624897,0.03763237465667294,1,Winner,158.685,299.8,141.115,PICIFORMES,Megalaimidae,Psilopogon,173.5,312.5,3.5,16727.49,16.836784920634912,1.2701962995556415,21.7,2400,3256344.79,Forest,1,1,Herbivore,Frugivore,Insessorial,0.021546261089987327,0.9784537389100126,1.3230330977469886,1,1,1
Ceryle rudis,0.026795504816725844,0.016283725274030762,0.03912833972660757,1,Winner,117.305,276.48,159.175,CORACIIFORMES,Alcedinidae,Ceryle,102,273,4.5,8812.8,3.9,0.9938398357289528,34.5,2500,23875911.23,Wetland,3,1,Carnivore,Aquatic predator,Insessorial,0.14702154626108999,0.85297845373891,1.3753640400378047,3,1,1
Halcyon smyrnensis,0.012145350499677379,0.0036309627454635795,0.019336442609830796,0.995,Winner,191.205,257.72499999999997,66.51999999999995,CORACIIFORMES,Alcedinidae,Halcyon,77,280.5,6,8387.8935,5.5,1.0935499712091066,21.7,2300,6823580.46,Human Modified,2,2,Carnivore,Omnivore,Insessorial,0.1761723700887199,0.8238276299112801,1.1010284516961526,4,2,2
Regulus regulus,-0.038005660094482765,-0.07052950029173954,-0.003935439478973866,0.015,Loser,928,617.145,-310.855,PASSERIFORMES,Regulidae,Regulus,5.5,98.5,9.5,863.94,7,0.999315537303217,22,4000,13206760.36,Forest,1,3,Carnivore,Invertivore,Insessorial,0.47275031685678076,0.5272496831432192,1.228011804856695,1,3,3
Sitta europaea,0.02072710996719419,0.0037178804468191626,0.037070946371597316,0.985,Winner,170.13,264.71,94.57999999999998,PASSERIFORMES,Sittidae,Sitta,19.5,133,8.5,3168.885,12.9,0.999315537303217,23.8,3300,21575986.15,Forest,1,1,Carnivore,Invertivore,Insessorial,0.47275031685678076,0.5272496831432192,1.3049774072691414,1,1,1
Garrulax canorus,0.06394245169572978,0.05112352002573891,0.07538697169900291,1,Winner,25.8,376.40999999999997,350.60999999999996,PASSERIFORMES,Leiothrichidae,Garrulax,56.5,225.5,4,5593.94775,11.489327579365083,1.0578752566735097,7,1800,1868020.76,Shrubland,2,1,Carnivore,Invertivore,Terrestrial,0.47275031685678076,0.5272496831432192,1.372190142730888,2,1,1
Riparia diluta,0.018362888038177292,-0.008006126096722858,0.041959935903581984,0.91,Neutral,479.085,571.5500000000001,92.46500000000009,PASSERIFORMES,Hirundinidae,Riparia,14,130,5,2108.50296856499,11.315187662337662,1.0661884371237536,53.8,4500,9873409.46,Riverine,3,3,Carnivore,Invertivore,Aerial,0.47275031685678076,0.5272496831432192,1.350926257811162,3,3,3
Saxicola ferreus,0.014739269559498128,-0.0029608425516300754,0.030796954972342534,0.945,Neutral,229.25,346,116.75,PASSERIFORMES,Muscicapidae,Saxicola,16,132.5,4.5,2180.25,10.219357142857142,1.0356291380115792,18.5,3300,3385788.78,Shrubland,2,1,Carnivore,Invertivore,Insessorial,0.47275031685678076,0.5272496831432192,1.3389335439036132,2,1,1
Accipiter soloensis,0.009871587358641432,-0.011203524402019518,0.03271417570593007,0.755,Neutral,358.56,449.72999999999996,91.16999999999996,ACCIPITRIFORMES,Accipitridae,Accipiter,120,274.5,3.5,17442,14.104370941558445,1.3285808162291732,39,1000,2375886.74,Forest,1,3,Carnivore,Vertivore,Insessorial,0.05449936628643853,0.9455006337135614,1.3243333208679098,1,3,3
Accipiter virgatus,0.02109116629706921,2.7608942646299733e-4,0.036842849922372,0.975,Winner,367.96000000000004,500.61499999999995,132.65499999999992,ACCIPITRIFORMES,Accipitridae,Accipiter,190,299,3.5,16600.05171,14.590052380952375,1.27728289223515,27.4,2200,4398429.71,Forest,1,2,Carnivore,Vertivore,Generalist,0.05449936628643853,0.9455006337135614,1.4065362184364623,1,2,2
Aethopyga christinae,0.030871370901490267,0.02225869620289363,0.03778504593614652,1,Winner,53.019999999999996,235.58,182.56,PASSERIFORMES,Nectariniidae,Aethopyga,7,101.5,2.5,739.627653,12.060243849206351,1.3391514971263418,18.2,1792.6704265873016,33798.32,Forest,1,1,Herbivore,Omnivore,Insessorial,0.1761723700887199,0.8238276299112801,1.2017286751424416,1,1,1
Eumyias thalassinus,0.014543724133273737,-1.0683374578947087e-4,0.02796866081829475,0.965,Neutral,228.53,319.52500000000003,90.99500000000003,PASSERIFORMES,Muscicapidae,Eumyias,18.5,149,4,2872.32,10.634857936507938,1.0845906342687628,20.9,1200,4490414.63,Forest,1,1,Carnivore,Invertivore,Insessorial,0.47275031685678076,0.5272496831432192,1.4172699539428706,1,1,1
Prinia flaviventris,0.01576224803061971,0.009373578809249328,0.022248205992670005,1,Winner,106.90499999999999,201.54,94.635,PASSERIFORMES,Cisticolidae,Prinia,7,115.5,4.5,1101.6,9.843955844155843,1.083922593244459,11.9,1550,4037497.01,Shrubland,3,1,Carnivore,Invertivore,Insessorial,0.47275031685678076,0.5272496831432192,1.3734147916371722,2,1,1
Athene noctua,0.006821472183861389,-0.012567516118464468,0.024170581312126953,0.78,Neutral,810.9000000000001,865.425,54.524999999999864,STRIGIFORMES,Strigidae,Athene,140,228,4,17442,11.1,0.999315537303217,31.8,2600,26742298.73,Human Modified,3,1,Carnivore,Omnivore,Insessorial,0.1761723700887199,0.8238276299112801,1.3314262269219472,4,1,1
Anthus roseatus,0.017592239798921144,-0.003634432368099457,0.03647523109183787,0.925,Neutral,548.38,654.225,105.84500000000003,PASSERIFORMES,Motacillidae,Anthus,23,154.5,4,3305.78736,10.37063551587301,1.0461606341601193,18.1,2700,4930715.09,Grassland,3,1,Carnivore,Invertivore,Terrestrial,0.47275031685678076,0.5272496831432192,1.3319177271446812,2.5,1,1
