period,species,mean_psi_inside,mean_psi_outside,psi_diff,habitat_breadth,sp_group
P1,Passer montanus,0.8185585981369721,0.8723350906038695,-0.05377649246689742,5,specialist
P1,Pycnonotus sinensis,0.11462079730623403,0.4038471320369966,-0.2892263347307626,5,specialist
P1,Hirundo rustica,0.6594121626325425,0.7916338332767028,-0.13222167064416024,8,generalist
P1,Spilopelia chinensis,0.11577609730898224,0.37465693868101596,-0.2588808413720337,8,generalist
P1,Pica serica,0.25552343803129185,0.4147276759609268,-0.15920423792963495,5,specialist
P1,Motacilla alba,0.9669949541913142,0.949767164464347,0.017227789726967258,8,generalist
P1,Turdus mandarinus,0.10504066221761774,0.3457195497238843,-0.24067888750626656,5,specialist
P1,Egretta garzetta,0.17070347715414944,0.41303174679409804,-0.2423282696399486,8,generalist
P1,Parus minor,0.35373796311954914,0.5959852243450461,-0.24224726122549695,5,specialist
P1,Cyanopica cyanus,0.3254658224365974,0.41723799569201286,-0.09177217325541548,5,specialist
P1,Streptopelia orientalis,0.6495553496484054,0.7658208576546881,-0.11626550800628266,8,generalist
P1,Tachybaptus ruficollis,0.3078140019596599,0.5053513050986356,-0.19753730313897566,8,generalist
P1,Nycticorax nycticorax,0.2027489802964536,0.3725204559735485,-0.16977147567709489,8,generalist
P1,Gallinula chloropus,0.34723628044285293,0.5120542949390415,-0.1648180144961886,8,generalist
P1,Sinosuthora webbiana,0.13735983983499422,0.364627646706251,-0.22726780687125675,5,specialist
P1,Chloris sinica,0.432474828104389,0.6264741718868653,-0.1939993437824763,5,specialist
P1,Cecropis daurica,0.3370428079765628,0.6455973193673392,-0.30855451139077644,8,generalist
P1,Acridotheres cristatellus,0.08650759696347261,0.3243073885756197,-0.2377997916121471,8,generalist
P1,Ardeola bacchus,0.2510674835924903,0.49493366683431517,-0.24386618324182485,8,generalist
P1,Copsychus saularis,0.05721079269246195,0.2886303257371415,-0.23141953304467952,2,specialist
P1,Ardea cinerea,0.4634162098136618,0.5878663689316311,-0.12445015911796936,8,generalist
P1,Anas platyrhynchos,0.6845222060791065,0.6667091704700735,0.017813035609033023,8,generalist
P1,Lanius schach,0.10803726994366089,0.3353125447831338,-0.22727527483947293,5,specialist
P1,Spodiopsar cineraceus,0.23428771383717797,0.4269982315598891,-0.1927105177227111,8,generalist
P1,Alcedo atthis,0.370225124797905,0.6227978060671369,-0.2525726812692319,5,specialist
P1,Anas zonorhyncha,0.32271263211627216,0.4742381913634227,-0.15152555924715055,8,generalist
P1,Phasianus colchicus,0.47323828990823796,0.5639138322865614,-0.09067554237832348,5,specialist
P1,Zosterops simplex,0.1249034135169258,0.40106044759388365,-0.27615703407695785,5,specialist
P1,Cuculus canorus,0.9427003471229048,0.7605148138965937,0.18218553322631115,5,specialist
P1,Corvus macrorhynchos,0.44486486487566196,0.5028174493973945,-0.05795258452173252,5,specialist
P1,Upupa epops,0.8849873537998855,0.7251558364406878,0.15983151735919765,8,generalist
P1,Dendrocopos major,0.46682181390471933,0.5219665285607417,-0.05514471465602233,2,specialist
P1,Spodiopsar sericeus,0.03933276694806944,0.20972636544876733,-0.17039359850069788,5,specialist
P1,Dicrurus macrocercus,0.2387970349509697,0.4857264342620818,-0.24692939931111207,5,specialist
P1,Spizixos semitorques,0.05392493856230565,0.1898481010156647,-0.13592316245335906,5,specialist
P1,Phoenicurus auroreus,0.3949016010257987,0.6508737322837068,-0.25597213125790813,5,specialist
P1,Ardea alba,0.577669778725587,0.6905971610844928,-0.11292738235890576,8,generalist
P1,Himantopus himantopus,0.3616806048587417,0.42120695677282133,-0.05952635191407962,8,generalist
P1,Urocissa erythroryncha,0.0702962751585761,0.24690947409810937,-0.17661319893953326,2,specialist
P1,Aegithalos concinnus,0.1145900259266232,0.3135678724609365,-0.19897784653431327,2,specialist
P1,Lanius cristatus,0.4933701989244256,0.7132880952373324,-0.2199178963129068,8,generalist
P1,Fulica atra,0.3469348174760545,0.37732077465955727,-0.030385957183502788,8,generalist
P1,Horornis fortipes,0.08991140101368053,0.2900696225349299,-0.20015822152124937,2,specialist
P1,Eophona migratoria,0.16731382503748018,0.4047282418384651,-0.23741441680098493,5,specialist
P1,Podiceps cristatus,0.5258249992964356,0.502431970741472,0.023393028554963613,8,generalist
P1,Picus canus,0.5488459514575069,0.5919243657244836,-0.04307841426697667,2,specialist
P1,Phylloscopus inornatus,0.19409154069705925,0.5348033035288772,-0.3407117628318179,2,specialist
P1,Pterorhinus sannio,0.04673273209432125,0.12340497452242574,-0.0766722424281045,5,specialist
P1,Motacilla cinerea,0.7343884907887851,0.8228728672982921,-0.08848437650950702,8,generalist
P1,Sterna hirundo,0.6292206509224076,0.5026875859824124,0.12653306493999528,8,generalist
P1,Falco tinnunculus,0.876318581277777,0.7867391199479509,0.08957946132982608,8,generalist
P1,Hypsipetes leucocephalus,0.08973264744833012,0.27349690796181597,-0.18376426051348585,2,specialist
P1,Apus apus,0.6795044372398235,0.5559320122667764,0.1235724249730471,2,specialist
P1,Cuculus micropterus,0.17157324673912092,0.5128439020737824,-0.3412706553346615,2,specialist
P1,Phalacrocorax carbo,0.6089536429936881,0.648412409853084,-0.039458766859395866,8,generalist
P1,Phoenicurus fuliginosus,0.24409230125043582,0.345136690811594,-0.10104438956115816,8,generalist
P1,Prinia inornata,0.035882941034313894,0.2618397455769579,-0.225956804542644,5,specialist
P1,Milvus migrans,0.7545531332402183,0.6432724034439734,0.11128072979624493,8,generalist
P1,Bubulcus coromandus,0.2850712649462461,0.46518685295455053,-0.18011558800830446,5,specialist
P1,Phylloscopus proregulus,0.3095517336708105,0.621302439686533,-0.31175070601572247,2,specialist
P1,Acrocephalus orientalis,0.21399493719515092,0.3607390588913774,-0.1467441216962265,8,generalist
P1,Aegithalos glaucogularis,0.18627451714332172,0.26809345805472795,-0.08181894091140623,5,specialist
P1,Eudynamys scolopaceus,0.103358090372146,0.36429138492141516,-0.26093329454926917,5,specialist
P1,Anthus hodgsoni,0.5397389677741092,0.6778645476446887,-0.1381255798705795,8,generalist
P1,Pterorhinus perspicillatus,0.009961353298351431,0.09692222754813187,-0.08696087424978044,5,specialist
P1,Charadrius dubius,0.49787634784111306,0.5997128213596434,-0.10183647351853037,8,generalist
P1,Poecile palustris,0.12186794330464264,0.18358500459673405,-0.06171706129209141,2,specialist
P1,Actitis hypoleucos,0.7643672635562258,0.8266035426453097,-0.06223627908908391,8,generalist
P1,Tadorna ferruginea,0.7423045246664821,0.49798339853960305,0.24432112612687906,8,generalist
P1,Passer cinnamomeus,0.22989543443834,0.30564502393537946,-0.07574958949703944,5,specialist
P1,Vanellus cinereus,0.13937321689979898,0.30263204122568366,-0.16325882432588468,8,generalist
P1,Pycnonotus xanthorrhous,0.10073464319892277,0.17263851749695008,-0.07190387429802732,5,specialist
P1,Emberiza spodocephala,0.28738053663243407,0.5304036756977909,-0.24302313906535683,5,specialist
P1,Ixobrychus sinensis,0.14283845775725817,0.3779734475431327,-0.23513498978587455,2,specialist
P1,Oriolus chinensis,0.21363371091814287,0.5411502582636285,-0.32751654734548563,5,specialist
P1,Emberiza pusilla,0.30759026855076127,0.5819690217073934,-0.2743787531566321,5,specialist
P1,Chroicocephalus ridibundus,0.40634620536782123,0.4461115075447751,-0.03976530217695384,5,specialist
P1,Pycnonotus jocosus,0.016021083131719027,0.09812435378638652,-0.08210327065466749,5,specialist
P1,Streptopelia decaocto,0.5030940091182204,0.41905123156136526,0.08404277755685519,8,generalist
P1,Pomatorhinus ruficollis,0.0810641815878064,0.24466171703690692,-0.16359753544910052,5,specialist
P1,Bambusicola thoracicus,0.035082507681687504,0.15133304846068837,-0.11625054077900088,5,specialist
P1,Pardaliparus venustulus,0.2637625663520364,0.44933481546897236,-0.18557224911693598,5,specialist
P1,Ficedula albicilla,0.5185504494593405,0.7231622743499141,-0.2046118248905736,5,specialist
P1,Picoides canicapillus,0.055570306284551715,0.11438678822810534,-0.05881648194355363,2,specialist
P1,Hemixos castanonotus,0.010522647449203705,0.1360188104280451,-0.1254961629788414,2,specialist
P1,Tringa glareola,0.5576618479222568,0.6512602554648391,-0.09359840754258231,8,generalist
P1,Abroscopus albogularis,0.058623646248629334,0.2173906693675802,-0.15876702311895086,2,specialist
P1,Saxicola stejnegeri,0.15831313922032497,0.42126252555513255,-0.2629493863348076,5,specialist
P1,Garrulus glandarius,0.2808377777755785,0.4507910602430718,-0.1699532824674933,2,specialist
P1,Chlidonias hybrida,0.2542337840137823,0.3552583775695037,-0.10102459355572135,8,generalist
P1,Corvus corone,0.6849114969076686,0.5718520383394801,0.11305945856818855,8,generalist
P1,Trochalopteron elliotii,0.329898804464262,0.22741195419630106,0.10248685026796095,2,specialist
P1,Parus monticolus,0.20595984704397688,0.1753800676865858,0.03057977935739109,2,specialist
P1,Phylloscopus fuscatus,0.43590912967925294,0.6232764298665485,-0.18736730018729558,2,specialist
P1,Myophonus caeruleus,0.20163681540330253,0.3246715888498002,-0.12303477344649766,2,specialist
P1,Pyrrhocorax pyrrhocorax,0.7613316805295524,0.44761935617922854,0.3137123243503238,8,generalist
P1,Ficedula zanthopygia,0.23345690883525463,0.46128736065513487,-0.22783045181988024,2,specialist
P1,Pericrocotus cantonensis,0.09513062604175754,0.3362999755278227,-0.24116934948606517,2,specialist
P1,Ixos mcclellandii,0.0336700330747566,0.19726870661953272,-0.1635986735447761,2,specialist
P1,Tringa nebularia,0.3018619340991318,0.4113423135219022,-0.10948037942277039,8,generalist
P1,Dicrurus hottentottus,0.1691855159771543,0.4071716868250887,-0.2379861708479344,2,specialist
P1,Gracupica nigricollis,0.01168452817983051,0.12164885750790327,-0.10996432932807276,8,generalist
P1,Tringa totanus,0.5154476264052232,0.4050205774360317,0.11042704896919153,8,generalist
P1,Hierococcyx sparverioides,0.09678532521510207,0.25588508713774677,-0.1590997619226447,2,specialist
P1,Leiothrix lutea,0.13199770879075884,0.2702736502996775,-0.13827594150891864,2,specialist
P1,Charadrius alexandrinus,0.29591001312700876,0.3498910876760832,-0.053981074549074415,8,generalist
P1,Dendrocitta formosae,0.024954807246267488,0.17516306795388217,-0.15020826070761467,5,specialist
P1,Aix galericulata,0.20316961834049385,0.3523774717025905,-0.14920785336209663,8,generalist
P1,Motacilla tschutschensis,0.48300791531354836,0.6420464192351517,-0.15903850392160335,8,generalist
P1,Falco amurensis,0.17910404839000305,0.2628559641553943,-0.08375191576539126,8,generalist
P1,Delichon dasypus,0.5257613918138788,0.5183881895632352,0.00737320225064364,5,specialist
P1,Lonchura striata,0.0540663414548705,0.280933730449439,-0.2268673889945685,8,generalist
P1,Garrulax canorus,0.0541860098326934,0.27414629361468146,-0.21996028378198806,5,specialist
P1,Amaurornis phoenicurus,0.08065908726440678,0.2891902103411701,-0.2085311230767633,5,specialist
P1,Lanius tephronotus,0.5529010239534489,0.3070576310833463,0.24584339287010254,8,generalist
P1,Columba livia,0.9617018796122906,0.9347490775351425,0.02695280207714812,8,generalist
P1,Phylloscopus claudiae,0.2256911916519984,0.2290000894484782,-0.003308897796479776,5,specialist
P1,Emberiza elegans,0.2114455345541363,0.36316816518443,-0.1517226306302937,8,generalist
P1,Gyps himalayensis,0.6344981950507701,0.3128220768162462,0.3216761182345239,8,generalist
P1,Recurvirostra avosetta,0.2285460967205801,0.2941675535813293,-0.06562145686074919,8,generalist
P1,Culicicapa ceylonensis,0.14785526575915967,0.18540406912169335,-0.03754880336253369,2,specialist
P1,Columba rupestris,0.8287235990646049,0.5285203854532512,0.3002032136113537,8,generalist
P1,Apus nipalensis,0.10377285921094209,0.21744234717244645,-0.11366948796150436,2,specialist
P1,Accipiter nisus,0.9428334026539634,0.7898797094820832,0.15295369317188023,2,specialist
P1,Tringa ochropus,0.5793951656493129,0.6639431719458984,-0.08454800629658543,8,generalist
P1,Phoenicurus ochruros,0.6681764118979971,0.31859519992561197,0.3495812119723852,8,generalist
P1,Turdus rubrocanus,0.5098985236445804,0.30666818428949144,0.203230339355089,2,specialist
P1,Carpodacus erythrinus,0.8432586944155779,0.6239473366873314,0.2193113577282465,5,specialist
P1,Psilopogon virens,0.048389134192361995,0.15066371763181305,-0.10227458343945106,2,specialist
P1,Gallinago gallinago,0.4038440601051612,0.5559179280619508,-0.15207386795678962,8,generalist
P1,Prinia flaviventris,0.010009924746133728,0.11655525167694512,-0.1065453269308114,8,generalist
P1,Motacilla citreola,0.7904401936745039,0.52965224982546,0.2607879438490439,8,generalist
P1,Accipiter soloensis,0.09345561570496984,0.3300012224567216,-0.23654560675175174,2,specialist
P1,Accipiter trivirgatus,0.06257182591029932,0.2736272891979574,-0.21105546328765812,2,specialist
P1,Cisticola juncidis,0.10571749954626293,0.37877974650307955,-0.27306224695681663,8,generalist
P1,Dicrurus leucophaeus,0.11879816506247368,0.2956095216733858,-0.1768113566109121,2,specialist
P1,Ardea intermedia,0.023887352584425297,0.0907578905148951,-0.0668705379304698,8,generalist
P1,Lonchura punctulata,0.025592416283699848,0.2151377832529182,-0.18954536696921837,5,specialist
P1,Orthotomus sutorius,0.011767228946853961,0.0944284084090015,-0.08266117946214754,5,specialist
P1,Falco subbuteo,0.6468090935323308,0.6641938790305585,-0.01738478549822764,8,generalist
P1,Pericrocotus ethologus,0.4109724108208488,0.2867172189819628,0.124255191838886,2,specialist
P1,Muscicapa sibirica,0.42444375068994394,0.68356689337868,-0.2591231426887361,2,specialist
P1,Picumnus innominatus,0.10302673881839967,0.28091408540168555,-0.17788734658328587,2,specialist
P1,Sternula albifrons,0.26733567960180293,0.347787765162044,-0.08045208556024108,8,generalist
P1,Butorides striata,0.10956988137962302,0.39101188902409895,-0.2814420076444759,8,generalist
P1,Yungipicus canicapillus,0.1071784564982974,0.19266196848619177,-0.08548351198789438,5,specialist
P1,Periparus ater,0.5315786258323515,0.48883863163325686,0.04273999419909463,2,specialist
P1,Phylloscopus magnirostris,0.3492504225138651,0.22820168305595287,0.12104873945791225,2,specialist
P1,Tarsiger cyanurus,0.36827683038894415,0.5897292545010099,-0.22145242411206573,2,specialist
P1,Cuculus sparverioides,0.24749254469758597,0.4495763265632436,-0.20208378186565762,5,specialist
P1,Cyanoderma ruficeps,0.03353624869343928,0.16111887890408097,-0.1275826302106417,2,specialist
P1,Eurystomus orientalis,0.08451665379085851,0.2921949026527847,-0.20767824886192618,5,specialist
P1,Anas carolinensis,0.45257417281512136,0.5267578527044746,-0.07418367988935326,8,generalist
P1,Acrocephalus bistrigiceps,0.12699113163130205,0.23463675150004093,-0.10764561986873888,8,generalist
P1,Centropus sinensis,0.010200310080162022,0.0768030468273463,-0.06660273674718428,5,specialist
P1,Buteo hemilasius,0.8319072507419886,0.556185435226399,0.2757218155155896,8,generalist
P1,Pycnonotus aurigaster,0.01538858078740904,0.0994594782980621,-0.08407089751065307,5,specialist
P1,Fringilla montifringilla,0.31949898417738787,0.4246503380394868,-0.10515135386209895,2,specialist
P1,Phylloscopus humei,0.7995343868509434,0.4812034410192713,0.31833094583167204,2,specialist
P1,Apus pacificus,0.6018869760621572,0.7307876098633524,-0.1289006338011952,2,specialist
P1,Emberiza godlewskii,0.8077000602839018,0.4821202067269364,0.32557985355696545,5,specialist
P1,Tringa erythropus,0.21456399862975187,0.3142139956426288,-0.09964999701287694,8,generalist
P1,Enicurus leschenaulti,0.08551294802431206,0.21279784719701197,-0.12728489917269992,8,generalist
P1,Phylloscopus borealis,0.4545995010536476,0.6831490028416524,-0.22854950178800476,2,specialist
P1,Cuculus poliocephalus,0.3032302491241167,0.43077317909990304,-0.1275429299757863,2,specialist
P1,Phylloscopus coronatus,0.24881934122422583,0.5183893339088822,-0.26956999268465637,5,specialist
P1,Phylloscopus trochiloides,0.7348064008269308,0.38594695700799536,0.34885944381893547,2,specialist
P1,Pericrocotus solaris,0.026369748242077662,0.17237819371677898,-0.14600844547470132,5,specialist
P1,Aethopyga gouldiae,0.21552097856722272,0.17171792017565257,0.04380305839157014,2,specialist
P1,Tringa stagnatilis,0.17455784574859515,0.31570412674724213,-0.14114628099864698,8,generalist
P1,Muscicapa dauurica,0.10028385585413578,0.3284876192571013,-0.2282037634029655,2,specialist
P1,Buteo japonicus,0.5346922424692226,0.6955585940602674,-0.1608663515910448,8,generalist
P1,Gelochelidon nilotica,0.1610411120607305,0.24093166468709543,-0.07989055262636494,8,generalist
P1,Eumyias thalassinus,0.10160225293614497,0.202612605668861,-0.10101035273271602,2,specialist
P1,Sitta villosa,0.2667092526672325,0.26950957210224963,-0.002800319435017129,2,specialist
P1,Alauda gulgula,0.47680681665727864,0.43382816814964337,0.042978648507635275,8,generalist
P1,Calidris ruficollis,0.10205263432343863,0.1622023462554002,-0.06014971193196157,8,generalist
P1,Pernis ptilorhynchus,0.2906240914483257,0.3583163109976848,-0.06769221954935911,5,specialist
P1,Limosa limosa,0.22501873672966924,0.2576320380339171,-0.03261330130424786,8,generalist
P1,Phylloscopus pulcher,0.4828848600590658,0.2805860810894841,0.2022987789695817,2,specialist
P1,Ardea purpurea,0.13215563388270388,0.23054762523513625,-0.09839199135243237,8,generalist
P1,Phylloscopus armandii,0.8111870034644144,0.49708958166130823,0.3140974218031062,5,specialist
P1,Butastur indicus,0.19356240173784472,0.5263069953135773,-0.33274459357573255,5,specialist
P1,Platalea leucorodia,0.15625903958647705,0.25142856882904224,-0.09516952924256519,8,generalist
P1,Emberiza tristrami,0.12801655690752012,0.2935888638023808,-0.1655723068948607,2,specialist
P1,Spatula querquedula,0.5192196573338288,0.5755880703182229,-0.0563684129843941,8,generalist
P1,Alcippe hueti,0.004123717027830604,0.08600783775744768,-0.08188412072961708,5,specialist
P1,Garrulax perspicillatus,0.005813893773198159,0.06520488960070131,-0.05939099582750315,5,specialist
P1,Cinclus pallasii,0.20694939854489933,0.27878764277906,-0.07183824423416066,8,generalist
P1,Calidris ferruginea,0.2320267224296746,0.2606044423527207,-0.028577719923046085,8,generalist
P1,Tadorna tadorna,0.3086294185380814,0.3549057015890753,-0.046276283050993905,8,generalist
P1,Chlidonias leucopterus,0.27807108060382835,0.3568334027291083,-0.07876232212527995,8,generalist
P1,Anthus roseatus,0.6290812520042074,0.3876049106164276,0.2414763413877798,8,generalist
P1,Phoenicurus frontalis,0.5062856775044143,0.28666770359528765,0.21961797390912668,2,specialist
P1,Mareca strepera,0.5490712395671457,0.5151166262116909,0.0339546133554548,8,generalist
P1,Periparus rubidiventris,0.3824972771117599,0.22571029174240048,0.15678698536935942,2,specialist
P1,Eremophila alpestris,0.734597807924634,0.396797551665464,0.33780025625917004,8,generalist
P1,Aythya nyroca,0.5324813306483656,0.4130046692527027,0.11947666139566288,8,generalist
P1,Calidris acuminata,0.12044846048099446,0.2222999506169194,-0.10185149013592494,8,generalist
P1,Ceryle rudis,0.01760512402417489,0.12173787891390302,-0.10413275488972812,8,generalist
P2,Passer montanus,0.8823316413209863,0.9233500867701635,-0.04101844544917721,5,specialist
P2,Pycnonotus sinensis,0.12797190456338567,0.42384766417213093,-0.29587575960874524,5,specialist
P2,Hirundo rustica,0.6874867171234513,0.812313553744266,-0.12482683662081462,8,generalist
P2,Spilopelia chinensis,0.16187759221245265,0.43346956200721476,-0.2715919697947621,8,generalist
P2,Pica serica,0.3114172668050914,0.4845194995762642,-0.17310223277117281,5,specialist
P2,Motacilla alba,0.9738173614898212,0.9590330075410113,0.014784353948809947,8,generalist
P2,Turdus mandarinus,0.12147472465558914,0.3687902258060508,-0.24731550115046166,5,specialist
P2,Egretta garzetta,0.20063365886269638,0.4475011336412181,-0.2468674747785217,8,generalist
P2,Parus minor,0.34886617761571453,0.5926929367592941,-0.2438267591435796,5,specialist
P2,Cyanopica cyanus,0.34558028943641156,0.43674935472748294,-0.09116906529107138,5,specialist
P2,Streptopelia orientalis,0.7125621485053102,0.8111173656526344,-0.09855521714732418,8,generalist
P2,Tachybaptus ruficollis,0.3637838059197897,0.5643678080303307,-0.200584002110541,8,generalist
P2,Nycticorax nycticorax,0.22946080549356718,0.4065572940682177,-0.17709648857465055,8,generalist
P2,Gallinula chloropus,0.3832485708152597,0.5557273339465856,-0.17247876313132587,8,generalist
P2,Sinosuthora webbiana,0.14003667185095198,0.3692593995522219,-0.22922272770126995,5,specialist
P2,Chloris sinica,0.4285831341264714,0.6233533703476822,-0.1947702362212108,5,specialist
P2,Cecropis daurica,0.28832170075339986,0.613354383529602,-0.3250326827762022,8,generalist
P2,Acridotheres cristatellus,0.08804838514607095,0.3276464028428978,-0.23959801769682687,8,generalist
P2,Ardeola bacchus,0.20128025203282635,0.4497653607677548,-0.24848510873492846,8,generalist
P2,Copsychus saularis,0.05814737440729584,0.2903390919104414,-0.23219171750314554,2,specialist
P2,Ardea cinerea,0.48108868113678166,0.6064173404245122,-0.12532865928773057,8,generalist
P2,Anas platyrhynchos,0.7104948469049849,0.6924146299558548,0.01808021694913009,8,generalist
P2,Lanius schach,0.1099506860876331,0.3376872013836488,-0.22773651529601574,5,specialist
P2,Spodiopsar cineraceus,0.29946009517360933,0.5088394164773272,-0.2093793213037179,8,generalist
P2,Alcedo atthis,0.3839235291454661,0.6341115193835406,-0.2501879902380745,5,specialist
P2,Anas zonorhyncha,0.33282372325925375,0.48591235302238905,-0.1530886297631353,8,generalist
P2,Phasianus colchicus,0.5472827371051894,0.6422640920198284,-0.094981354914639,5,specialist
P2,Zosterops simplex,0.10326104117277098,0.3773440900242948,-0.27408304885152385,5,specialist
P2,Cuculus canorus,0.9490613247529343,0.7782632696055797,0.17079805514735458,5,specialist
P2,Corvus macrorhynchos,0.5158931303585385,0.570323210078422,-0.05443007971988356,5,specialist
P2,Upupa epops,0.9226536467503347,0.7886908266260234,0.13396282012431127,8,generalist
P2,Dendrocopos major,0.5292490464698035,0.5834473364564017,-0.05419828998659815,2,specialist
P2,Spodiopsar sericeus,0.057307162238192745,0.2598509296408643,-0.20254376740267158,5,specialist
P2,Dicrurus macrocercus,0.24382309333324007,0.48963772500009906,-0.245814631666859,5,specialist
P2,Spizixos semitorques,0.07151223959801455,0.22765442543690775,-0.15614218583889322,5,specialist
P2,Phoenicurus auroreus,0.40073406232733044,0.6547778243351441,-0.25404376200781364,5,specialist
P2,Ardea alba,0.587986830029886,0.7014841823639223,-0.11349735233403624,8,generalist
P2,Himantopus himantopus,0.39762888070459,0.459617646490806,-0.06198876578621598,8,generalist
P2,Urocissa erythroryncha,0.08312467788690721,0.2751266004910526,-0.1920019226041454,2,specialist
P2,Aegithalos concinnus,0.12688345633712964,0.32638993597000815,-0.19950647963287851,2,specialist
P2,Lanius cristatus,0.4315940893049877,0.6754243273796617,-0.24383023807467402,8,generalist
P2,Fulica atra,0.3920960293666657,0.4252302404869673,-0.03313421112030157,8,generalist
P2,Horornis fortipes,0.10773786386273831,0.3131784982369351,-0.2054406343741968,2,specialist
P2,Eophona migratoria,0.1526303060482087,0.3850617909865973,-0.2324314849383886,5,specialist
P2,Podiceps cristatus,0.5810215030256574,0.5545338217802597,0.026487681245397687,8,generalist
P2,Picus canus,0.6248928718379126,0.6660078987412295,-0.04111502690331681,2,specialist
P2,Phylloscopus inornatus,0.20233114761382795,0.5446686599856514,-0.3423375123718234,2,specialist
P2,Pterorhinus sannio,0.06453712195407109,0.15626275142537238,-0.09172562947130129,5,specialist
P2,Motacilla cinerea,0.7368831110095542,0.8253587463884287,-0.08847563537887448,8,generalist
P2,Sterna hirundo,0.6287905999631402,0.5019938411678947,0.12679675879524555,8,generalist
P2,Falco tinnunculus,0.8832412431090951,0.7954150368979004,0.08782620621119475,8,generalist
P2,Hypsipetes leucocephalus,0.1045254032322898,0.286913855641288,-0.1823884524089982,2,specialist
P2,Apus apus,0.6901854550765585,0.5644215414889249,0.1257639135876336,2,specialist
P2,Cuculus micropterus,0.18138044312044851,0.5256817678300142,-0.34430132470956565,2,specialist
P2,Phalacrocorax carbo,0.6074940022654299,0.6470797506422106,-0.03958574837678064,8,generalist
P2,Phoenicurus fuliginosus,0.26010245511920943,0.35975165727863667,-0.09964920215942724,8,generalist
P2,Prinia inornata,0.03215578218979857,0.2534622642078602,-0.22130648201806166,5,specialist
P2,Milvus migrans,0.7452359630759757,0.6315343829798223,0.11370158009615339,8,generalist
P2,Bubulcus coromandus,0.3561040870535369,0.5190414222939931,-0.16293733524045617,5,specialist
P2,Phylloscopus proregulus,0.271768665484754,0.5923728748402809,-0.3206042093555269,2,specialist
P2,Acrocephalus orientalis,0.23474085160322322,0.39405154011866883,-0.1593106885154456,8,generalist
P2,Aegithalos glaucogularis,0.1892793817015559,0.271473763005208,-0.08219438130365209,5,specialist
P2,Eudynamys scolopaceus,0.11366591964147939,0.37532604111363327,-0.2616601214721539,5,specialist
P2,Anthus hodgsoni,0.4691495209162415,0.6300654251425276,-0.1609159042262861,8,generalist
P2,Pterorhinus perspicillatus,0.013677574818591024,0.12328798914902578,-0.10961041433043475,5,specialist
P2,Charadrius dubius,0.5308920108938501,0.6342194189862559,-0.10332740809240581,8,generalist
P2,Poecile palustris,0.13135107042517422,0.19785026816902015,-0.06649919774384594,2,specialist
P2,Actitis hypoleucos,0.6666371512672745,0.7442201551584552,-0.07758300389118067,8,generalist
P2,Tadorna ferruginea,0.7928377986978306,0.5534067671615027,0.23943103153632783,8,generalist
P2,Passer cinnamomeus,0.35343057615272533,0.42838993287615396,-0.07495935672342863,5,specialist
P2,Vanellus cinereus,0.17981945493950854,0.3796047347533243,-0.19978527981381575,8,generalist
P2,Pycnonotus xanthorrhous,0.12144374341270814,0.19945123478295038,-0.07800749137024224,5,specialist
P2,Emberiza spodocephala,0.30490860994135777,0.550050730272757,-0.2451421203313992,5,specialist
P2,Ixobrychus sinensis,0.14552138776578366,0.3839832630453849,-0.23846187527960122,2,specialist
P2,Oriolus chinensis,0.20458346663862761,0.5340448073827445,-0.3294613407441169,5,specialist
P2,Emberiza pusilla,0.34770375172506957,0.6151913962736456,-0.26748764454857604,5,specialist
P2,Chroicocephalus ridibundus,0.4713000946340489,0.5100945362168625,-0.03879444158281359,5,specialist
P2,Pycnonotus jocosus,0.0203828324773934,0.11718086506263602,-0.09679803258524261,5,specialist
P2,Streptopelia decaocto,0.5329633665960749,0.4423067716344929,0.09065659496158202,8,generalist
P2,Pomatorhinus ruficollis,0.11587598587804933,0.2803454795162767,-0.16446949363822738,5,specialist
P2,Bambusicola thoracicus,0.04320699831887303,0.1739501467749381,-0.13074314845606508,5,specialist
P2,Pardaliparus venustulus,0.2848277789362127,0.47192279581966745,-0.18709501688345476,5,specialist
P2,Ficedula albicilla,0.4503883749772751,0.6868124615994026,-0.2364240866221275,5,specialist
P2,Picoides canicapillus,0.07230851451622859,0.15032025891357434,-0.07801174439734575,2,specialist
P2,Hemixos castanonotus,0.012747384189994604,0.14918926533447321,-0.1364418811444786,2,specialist
P2,Tringa glareola,0.4092425137658112,0.503262735883617,-0.09402022211780581,8,generalist
P2,Abroscopus albogularis,0.06728151620832977,0.2342174728801272,-0.16693595667179745,2,specialist
P2,Saxicola stejnegeri,0.1779016778440156,0.4675883144280849,-0.28968663658406935,5,specialist
P2,Garrulus glandarius,0.2635425514771662,0.4327377668209101,-0.16919521534374388,2,specialist
P2,Chlidonias hybrida,0.2824174395587144,0.3887835896187203,-0.10636615006000588,8,generalist
P2,Corvus corone,0.7002227459065231,0.5852457610476952,0.1149769848588279,8,generalist
P2,Trochalopteron elliotii,0.3077871181560822,0.20875720234649348,0.0990299158095887,2,specialist
P2,Parus monticolus,0.21402878187084184,0.1828856631050327,0.031143118765809136,2,specialist
P2,Phylloscopus fuscatus,0.34292694753449754,0.5479738882286376,-0.20504694069414003,2,specialist
P2,Myophonus caeruleus,0.2236394587449447,0.34372872870756044,-0.12008926996261574,2,specialist
P2,Pyrrhocorax pyrrhocorax,0.738079593866636,0.42253627954057066,0.31554331432606536,8,generalist
P2,Ficedula zanthopygia,0.24484584585873817,0.47787439956240807,-0.2330285537036699,2,specialist
P2,Pericrocotus cantonensis,0.08585688767112057,0.32515125854044985,-0.23929437086932928,2,specialist
P2,Ixos mcclellandii,0.048730075674599284,0.22896105034171405,-0.18023097466711477,2,specialist
P2,Tringa nebularia,0.33492262726973543,0.4505204705607554,-0.11559784329101996,8,generalist
P2,Dicrurus hottentottus,0.15640857440289183,0.39568282091188406,-0.23927424650899223,2,specialist
P2,Gracupica nigricollis,0.012475236984309697,0.1264387877499299,-0.1139635507656202,8,generalist
P2,Tringa totanus,0.5117721699400425,0.4012010519333771,0.11057111800666541,8,generalist
P2,Hierococcyx sparverioides,0.10638606043068025,0.2704538018468334,-0.16406774141615313,2,specialist
P2,Leiothrix lutea,0.16438773190158298,0.3066718275671227,-0.1422840956655397,2,specialist
P2,Charadrius alexandrinus,0.28823006082250796,0.3416163388462942,-0.05338627802378626,8,generalist
P2,Dendrocitta formosae,0.03058658791249165,0.19483743867332168,-0.16425085076083001,5,specialist
P2,Aix galericulata,0.23558886151582178,0.3984015353415417,-0.16281267382571993,8,generalist
P2,Motacilla tschutschensis,0.4565808344130575,0.6193711933284144,-0.16279035891535687,8,generalist
P2,Falco amurensis,0.2204153393780836,0.322468856622859,-0.1020535172447754,8,generalist
P2,Delichon dasypus,0.4456072140803012,0.4434853851544137,0.00212182892588747,5,specialist
P2,Lonchura striata,0.0585492764807529,0.2879630103356581,-0.22941373385490518,8,generalist
P2,Garrulax canorus,0.05738662896700038,0.28220701666342973,-0.22482038769642937,5,specialist
P2,Amaurornis phoenicurus,0.0874334307670045,0.3010488781099704,-0.2136154473429659,5,specialist
P2,Lanius tephronotus,0.5498615157907811,0.30394534280203006,0.24591617298875107,8,generalist
P2,Columba livia,0.9375578140865385,0.8965285804974373,0.041029233589101155,8,generalist
P2,Phylloscopus claudiae,0.24468543793301725,0.24812255613438358,-0.0034371182013663293,5,specialist
P2,Emberiza elegans,0.3227464647392463,0.4947951575341649,-0.17204869279491863,8,generalist
P2,Gyps himalayensis,0.6296713434581406,0.3102812961884606,0.31939004726967996,8,generalist
P2,Recurvirostra avosetta,0.2302618513114603,0.29656660041242056,-0.06630474910096026,8,generalist
P2,Culicicapa ceylonensis,0.19063339330850065,0.23102416906418158,-0.040390775755680924,2,specialist
P2,Columba rupestris,0.8379532031700462,0.5393903439523771,0.2985628592176691,8,generalist
P2,Apus nipalensis,0.11744267204211287,0.23212766746694402,-0.11468499542483115,2,specialist
P2,Accipiter nisus,0.9540999279313933,0.81299182807952,0.14110809985187334,2,specialist
P2,Tringa ochropus,0.6642787631958246,0.7411400366205136,-0.07686127342468907,8,generalist
P2,Phoenicurus ochruros,0.675840009148386,0.32418389254670427,0.3516561166016818,8,generalist
P2,Turdus rubrocanus,0.5154375424175714,0.31149714718807536,0.20394039522949609,2,specialist
P2,Carpodacus erythrinus,0.8530915703590859,0.6394836192942001,0.21360795106488584,5,specialist
P2,Psilopogon virens,0.059616785154206244,0.1703479535251242,-0.11073116837091795,2,specialist
P2,Gallinago gallinago,0.4153803533782884,0.5693184207716981,-0.15393806739340976,8,generalist
P2,Prinia flaviventris,0.01155501827770419,0.13441271943476055,-0.12285770115705635,8,generalist
P2,Motacilla citreola,0.814013595392494,0.5603643588778116,0.2536492365146824,8,generalist
P2,Accipiter soloensis,0.12586418536359958,0.38774525543429417,-0.2618810700706946,2,specialist
P2,Accipiter trivirgatus,0.08890531829268442,0.30486647051143995,-0.21596115221875553,2,specialist
P2,Cisticola juncidis,0.0964322460806596,0.3633764579732019,-0.2669442118925423,8,generalist
P2,Dicrurus leucophaeus,0.15660073952143808,0.3276930896779057,-0.17109235015646765,2,specialist
P2,Ardea intermedia,0.022870300451713274,0.0881986709738153,-0.065328370522102025,8,generalist
P2,Lonchura punctulata,0.02452619621043169,0.2124971187567209,-0.1879709225462892,5,specialist
P2,Orthotomus sutorius,0.012558300477492054,0.10493720759949725,-0.0923789071220052,5,specialist
P2,Falco subbuteo,0.6521241703315616,0.6694243546901848,-0.01730018435862324,8,generalist
P2,Pericrocotus ethologus,0.4216335884626785,0.29578153694206266,0.12585205152061585,2,specialist
P2,Muscicapa sibirica,0.43957857331162675,0.6926373624348056,-0.2530587891231788,2,specialist
P2,Picumnus innominatus,0.11057827935563937,0.2897247031390934,-0.17914642378345402,2,specialist
P2,Sternula albifrons,0.29767228588451067,0.383151159898397,-0.08547887401388632,8,generalist
P2,Butorides striata,0.12638053793830786,0.4250922981512975,-0.2987117602129896,8,generalist
P2,Yungipicus canicapillus,0.17721800681585753,0.29324672017314757,-0.11602871335729004,5,specialist
P2,Periparus ater,0.5546941481407424,0.5111723805593947,0.043521767581347626,2,specialist
P2,Phylloscopus magnirostris,0.3722068912258435,0.24591819509275398,0.12628869613308952,2,specialist
P2,Tarsiger cyanurus,0.3736965167101735,0.5946199293525084,-0.2209234126423349,2,specialist
P2,Cuculus sparverioides,0.24003699579218668,0.4443974891333874,-0.2043604933412007,5,specialist
P2,Cyanoderma ruficeps,0.04933477007467625,0.19813138376997638,-0.14879661369530012,2,specialist
P2,Eurystomus orientalis,0.08849406150048039,0.30489546586212296,-0.21640140436164257,5,specialist
P2,Anas carolinensis,0.45061099756976225,0.5252750254211741,-0.07466402785141185,8,generalist
P2,Acrocephalus bistrigiceps,0.1443831294341718,0.2878423871114212,-0.14345925767724937,8,generalist
P2,Centropus sinensis,0.010722534819121053,0.08134339931949412,-0.07062086450037307,5,specialist
P2,Buteo hemilasius,0.8064149955893469,0.5252381002405219,0.28117689534882506,8,generalist
P2,Pycnonotus aurigaster,0.018963118815610972,0.11790105588562118,-0.09893793707001021,5,specialist
P2,Fringilla montifringilla,0.41514535232005423,0.5233469826340339,-0.10820163031397967,2,specialist
P2,Phylloscopus humei,0.8002426284182944,0.4817781833977685,0.3184644450205259,2,specialist
P2,Apus pacificus,0.610869961886129,0.737099638447887,-0.126229676561758,2,specialist
P2,Emberiza godlewskii,0.8049731422548375,0.4769963594428656,0.3279767828119719,5,specialist
P2,Tringa erythropus,0.2551031672290713,0.36804783186956225,-0.11294466464049097,8,generalist
P2,Enicurus leschenaulti,0.11497880528689264,0.25415112835382264,-0.13917232306693,8,generalist
P2,Phylloscopus borealis,0.45800866224281617,0.6866099885798275,-0.2286013263370113,2,specialist
P2,Cuculus poliocephalus,0.2955619157269128,0.42480964107896274,-0.12924772535204992,2,specialist
P2,Phylloscopus coronatus,0.28007822420607903,0.5519557890564102,-0.27187756485033115,5,specialist
P2,Phylloscopus trochiloides,0.7358821576964275,0.38669234962738624,0.34918980806904126,2,specialist
P2,Pericrocotus solaris,0.035937578113684726,0.19697473799157247,-0.16103715987788775,5,specialist
P2,Aethopyga gouldiae,0.23405192442020253,0.19018703963860528,0.04386488478159725,2,specialist
P2,Tringa stagnatilis,0.17255183388769432,0.3127675359723793,-0.14021570208468495,8,generalist
P2,Muscicapa dauurica,0.08434494012791646,0.2962127937989994,-0.21186785367108293,2,specialist
P2,Buteo japonicus,0.5222315199821457,0.6876126162011098,-0.16538109621896413,8,generalist
P2,Gelochelidon nilotica,0.17685207080516593,0.263963430295129,-0.08711135948996304,8,generalist
P2,Eumyias thalassinus,0.11973071030110968,0.222936611080613,-0.10320590077950331,2,specialist
P2,Sitta villosa,0.21497260642992946,0.22352651748673072,-0.008553911056801256,2,specialist
P2,Alauda gulgula,0.42111488899484795,0.37786413902741484,0.04325074996743311,8,generalist
P2,Calidris ruficollis,0.11898799847469042,0.19283401567488484,-0.07384601720019442,8,generalist
P2,Pernis ptilorhynchus,0.3415018740379172,0.4116668235091673,-0.07016494947125007,5,specialist
P2,Limosa limosa,0.26077687938517724,0.29854306457485974,-0.0377661851896825,8,generalist
P2,Phylloscopus pulcher,0.48645250901751647,0.28281788791599605,0.20363462110152042,2,specialist
P2,Ardea purpurea,0.15796702895462417,0.27586107379438174,-0.11789404483975757,8,generalist
P2,Phylloscopus armandii,0.811172677612063,0.496491633465595,0.314681044146468,5,specialist
P2,Butastur indicus,0.20080172121835882,0.5355267570992028,-0.334725035880844,5,specialist
P2,Platalea leucorodia,0.1765750780162856,0.28577796315185416,-0.10920288513556856,8,generalist
P2,Emberiza tristrami,0.13507885161508923,0.3141353323593769,-0.17905648074428768,2,specialist
P2,Spatula querquedula,0.45630642686579176,0.5111711930827073,-0.05486476621691555,8,generalist
P2,Alcippe hueti,0.005862246910740911,0.10151474890677384,-0.09565250199603292,5,specialist
P2,Garrulax perspicillatus,0.008939170802384365,0.08852207700687932,-0.07958290620449496,5,specialist
P2,Cinclus pallasii,0.2039324992536,0.27581338339024475,-0.07188088413664476,8,generalist
P2,Calidris ferruginea,0.26504087041521807,0.29691519142862477,-0.0318743210134067,8,generalist
P2,Tadorna tadorna,0.3581451861137925,0.403836808327271,-0.0456916222134785,8,generalist
P2,Chlidonias leucopterus,0.25232742326375746,0.32709747256302657,-0.07477004929926911,8,generalist
P2,Anthus roseatus,0.6093334596234902,0.3668510484763133,0.2424824111471769,8,generalist
P2,Phoenicurus frontalis,0.5235452377093861,0.3009138358544928,0.22263140185489333,2,specialist
P2,Mareca strepera,0.5587926914644942,0.52404874023895065,0.03474395122554352,8,generalist
P2,Periparus rubidiventris,0.3473186222264443,0.1991740702090311,0.14814455201741317,2,specialist
P2,Eremophila alpestris,0.7297220617740987,0.3926892381688147,0.337032823605284,8,generalist
P2,Aythya nyroca,0.6120585767115077,0.4822266393245137,0.12983193738699395,8,generalist
P2,Calidris acuminata,0.12382852858740405,0.22943087916350616,-0.10560235057610211,8,generalist
P2,Ceryle rudis,0.024142231528221498,0.15088794151071386,-0.12674570998249235,8,generalist
P3,Passer montanus,0.9175442288328355,0.9485686316151855,-0.03102440278234997,5,specialist
P3,Pycnonotus sinensis,0.14115349906226488,0.44145554846671803,-0.30030204940445315,5,specialist
P3,Hirundo rustica,0.7379318968801608,0.8475012371977425,-0.1095693403175817,8,generalist
P3,Spilopelia chinensis,0.20831021276764325,0.47882407493905116,-0.27051386217140794,8,generalist
P3,Pica serica,0.3939106287942437,0.5725912908808455,-0.17868066208660177,5,specialist
P3,Motacilla alba,0.9805292572060098,0.9688592147978952,0.011670042408114645,8,generalist
P3,Turdus mandarinus,0.14845302315004832,0.4013978323060507,-0.25294480915600237,5,specialist
P3,Egretta garzetta,0.2207194798478577,0.4690414644471453,-0.2483219845992876,8,generalist
P3,Parus minor,0.370691330965886,0.6081409811403047,-0.23744965017441866,5,specialist
P3,Cyanopica cyanus,0.37466378914627646,0.465102347620921,-0.09043855847464455,5,specialist
P3,Streptopelia orientalis,0.7013609961580859,0.8040204591754616,-0.10265946301737572,8,generalist
P3,Tachybaptus ruficollis,0.39320844696415946,0.5928666508963523,-0.1996582039321928,8,generalist
P3,Nycticorax nycticorax,0.28918811276079376,0.47313839056025164,-0.18395027779945788,8,generalist
P3,Gallinula chloropus,0.44300631431989873,0.6198618145605269,-0.17685550024062818,8,generalist
P3,Sinosuthora webbiana,0.17996501372283014,0.4227324921152606,-0.24276747839243046,5,specialist
P3,Chloris sinica,0.4518390333979946,0.6421515877584355,-0.19031255436044092,5,specialist
P3,Cecropis daurica,0.3113527951040941,0.6298432946081061,-0.318490499504012,8,generalist
P3,Acridotheres cristatellus,0.12593323367422596,0.38142064740230247,-0.2554874137280765,8,generalist
P3,Ardeola bacchus,0.24429566848138737,0.490126088220244,-0.24583041973885664,8,generalist
P3,Copsychus saularis,0.0696305749060895,0.30399787922969956,-0.23436730432361008,2,specialist
P3,Ardea cinerea,0.5193895734717392,0.6449765624982065,-0.12558698902646726,8,generalist
P3,Anas platyrhynchos,0.7116951009752471,0.6935994763094948,0.01809562466575232,8,generalist
P3,Lanius schach,0.1355082385246317,0.36476772631596105,-0.22925948779132935,5,specialist
P3,Spodiopsar cineraceus,0.36633125624952667,0.5765176178601338,-0.2101863616106071,8,generalist
P3,Alcedo atthis,0.42346559074281725,0.6634604628420487,-0.23999487209923148,5,specialist
P3,Anas zonorhyncha,0.33973575210944673,0.4939844998174343,-0.15424874770798758,8,generalist
P3,Phasianus colchicus,0.5757426735160719,0.6724539122443016,-0.09671123872822973,5,specialist
P3,Zosterops simplex,0.1426455166242431,0.41969860423395494,-0.2770530876097118,5,specialist
P3,Cuculus canorus,0.9645341178130287,0.8330698661563184,0.13146425165671027,5,specialist
P3,Corvus macrorhynchos,0.4128516816187721,0.4723363283465606,-0.05948464672778847,5,specialist
P3,Upupa epops,0.9361497272167288,0.8150213765695498,0.12112835064717908,8,generalist
P3,Dendrocopos major,0.5319492477979466,0.586180895020791,-0.05423164722284435,2,specialist
P3,Spodiopsar sericeus,0.08861417746684783,0.32417325441021644,-0.2355590769433686,5,specialist
P3,Dicrurus macrocercus,0.2370475723399685,0.485109690561822,-0.2480621182218535,5,specialist
P3,Spizixos semitorques,0.08788171667218712,0.2579583819483054,-0.17007666527611826,5,specialist
P3,Phoenicurus auroreus,0.41113206433295607,0.6616519486419867,-0.25051988430903066,5,specialist
P3,Ardea alba,0.5773339744652634,0.6913142905176703,-0.113980316052407,8,generalist
P3,Himantopus himantopus,0.46793657030449204,0.5335312458050184,-0.06559467550052639,8,generalist
P3,Urocissa erythroryncha,0.12462119137161924,0.34152470739464497,-0.2169035160230257,2,specialist
P3,Aegithalos concinnus,0.13567496544950586,0.3349599433619807,-0.19928497791247485,2,specialist
P3,Lanius cristatus,0.47656738412611793,0.7037540134536466,-0.2271866293275287,8,generalist
P3,Fulica atra,0.47233985524528765,0.5087608205445946,-0.03642096529930694,8,generalist
P3,Horornis fortipes,0.13907236441220083,0.3472586986567128,-0.208186334244512,2,specialist
P3,Eophona migratoria,0.16113064120020948,0.3983888403388164,-0.2372581991386069,5,specialist
P3,Podiceps cristatus,0.5836156057375019,0.5569593651082817,0.02665624062922023,8,generalist
P3,Picus canus,0.5936171367316958,0.6359811371076703,-0.04236400037597454,2,specialist
P3,Phylloscopus inornatus,0.2199858249392954,0.563281942278973,-0.3432961173396776,2,specialist
P3,Pterorhinus sannio,0.10472277091479097,0.21647466258847797,-0.111751891673687,5,specialist
P3,Motacilla cinerea,0.8053916805618676,0.8697048737556157,-0.06431319319374806,8,generalist
P3,Sterna hirundo,0.6473348801858715,0.518657721481288,0.12867715870458352,8,generalist
P3,Falco tinnunculus,0.912005645805376,0.8363688173099564,0.07563682849541964,8,generalist
P3,Hypsipetes leucocephalus,0.0960202569289358,0.2798535511061989,-0.18383329417726313,2,specialist
P3,Apus apus,0.684404605324039,0.5599614853739542,0.12444311995008484,2,specialist
P3,Cuculus micropterus,0.1957748333808315,0.5420595311668462,-0.3462846977860148,2,specialist
P3,Phalacrocorax carbo,0.6411082344755122,0.6795838179722888,-0.0384755834967766,8,generalist
P3,Phoenicurus fuliginosus,0.28843257295110114,0.3848434247316915,-0.09641085178059033,8,generalist
P3,Prinia inornata,0.04059940558124478,0.2750842749979074,-0.2344848694166626,5,specialist
P3,Milvus migrans,0.7482413486196402,0.6348869985654203,0.1133543500542199,8,generalist
P3,Bubulcus coromandus,0.3746156461867127,0.5327048932229717,-0.15808924703625893,5,specialist
P3,Phylloscopus proregulus,0.33184858019383956,0.637793452146559,-0.30594487195271947,2,specialist
P3,Acrocephalus orientalis,0.24617424847068026,0.4114981240267444,-0.16532387555606415,8,generalist
P3,Aegithalos glaucogularis,0.23021472624221,0.3137453114664298,-0.0835305852242198,5,specialist
P3,Eudynamys scolopaceus,0.1512973703028961,0.41215191755625774,-0.26085454725336166,5,specialist
P3,Anthus hodgsoni,0.5122891750366079,0.6600202366768481,-0.1477310616402402,8,generalist
P3,Pterorhinus perspicillatus,0.014372363638321178,0.1277090162154729,-0.11333665257715173,5,specialist
P3,Charadrius dubius,0.5781033716366979,0.6815023101685063,-0.10339893853180837,8,generalist
P3,Poecile palustris,0.14143956320657902,0.213000660087175,-0.07156109688059598,2,specialist
P3,Actitis hypoleucos,0.7468942718530776,0.8131605255755049,-0.06626625372242734,8,generalist
P3,Tadorna ferruginea,0.8121772572338574,0.5768868397786047,0.2352904174552527,8,generalist
P3,Passer cinnamomeus,0.28784123230777325,0.3658778326439646,-0.07803660033619136,5,specialist
P3,Vanellus cinereus,0.22930552715020483,0.45746099701184645,-0.22815546986164162,8,generalist
P3,Pycnonotus xanthorrhous,0.153014115764536,0.23713887165253902,-0.08412475588800303,5,specialist
P3,Emberiza spodocephala,0.3324307939731493,0.5771338353739632,-0.24470304140081395,5,specialist
P3,Ixobrychus sinensis,0.1762691619878829,0.43482899932806907,-0.25855983734018617,2,specialist
P3,Oriolus chinensis,0.24977823534625657,0.5700932233622111,-0.3203149880159546,5,specialist
P3,Emberiza pusilla,0.3574049385402104,0.6228739820115882,-0.2654690434713778,5,specialist
P3,Chroicocephalus ridibundus,0.5212837758451927,0.5590313871506714,-0.03774761130547866,5,specialist
P3,Pycnonotus jocosus,0.024400134636340172,0.13203762343386194,-0.10763748879752177,5,specialist
P3,Streptopelia decaocto,0.5804852533244488,0.47975394055881654,0.10073131276563224,8,generalist
P3,Pomatorhinus ruficollis,0.1064848456919611,0.2718876057944917,-0.16540276010253063,5,specialist
P3,Bambusicola thoracicus,0.06167724812675738,0.21557992862259553,-0.15390268049583816,5,specialist
P3,Pardaliparus venustulus,0.3147263124901693,0.5018435719225462,-0.18711725943237695,5,specialist
P3,Ficedula albicilla,0.506283030651938,0.7171337849419375,-0.21085075428999944,5,specialist
P3,Picoides canicapillus,0.09478620255998886,0.19515955202850774,-0.10037334946851888,2,specialist
P3,Hemixos castanonotus,0.017256172678689164,0.17566839525331593,-0.15841222257462675,2,specialist
P3,Tringa glareola,0.49621890271340396,0.593624602973147,-0.09740570025974304,8,generalist
P3,Abroscopus albogularis,0.08652029045891517,0.26399638616818866,-0.17747609570927347,2,specialist
P3,Saxicola stejnegeri,0.21734987187475777,0.535024493727004,-0.31767462185224626,5,specialist
P3,Garrulus glandarius,0.2855022819862565,0.4572920947000437,-0.17178981271378724,2,specialist
P3,Chlidonias hybrida,0.3657168198809268,0.4810552493570291,-0.11533842947610229,8,generalist
P3,Corvus corone,0.7143294351202152,0.5980469538381921,0.11628248128202312,8,generalist
P3,Trochalopteron elliotii,0.3063757372952034,0.20740654195846578,0.09896919533673762,2,specialist
P3,Parus monticolus,0.23525985874976935,0.20308050905783892,0.032179349691930426,2,specialist
P3,Phylloscopus fuscatus,0.44758778529405785,0.634187268913507,-0.1865994836194491,2,specialist
P3,Myophonus caeruleus,0.24648797449449608,0.36290014243102936,-0.11641216793653328,2,specialist
P3,Pyrrhocorax pyrrhocorax,0.7396785163379731,0.42381826345580215,0.31586025288217096,8,generalist
P3,Ficedula zanthopygia,0.2682483516649788,0.5068137299726042,-0.23856537830762542,2,specialist
P3,Pericrocotus cantonensis,0.10501658612758903,0.3480530320559116,-0.24303644592832258,2,specialist
P3,Ixos mcclellandii,0.06800688389527722,0.256986997041082,-0.18898011314580482,2,specialist
P3,Tringa nebularia,0.3876672829168154,0.5090365523186012,-0.12136926940178583,8,generalist
P3,Dicrurus hottentottus,0.152675562944281,0.39277242712911403,-0.24009686418483303,2,specialist
P3,Gracupica nigricollis,0.017738247191764436,0.15333573413951135,-0.13559748694774693,8,generalist
P3,Tringa totanus,0.5642742324033105,0.44851404397241346,0.11576018843089708,8,generalist
P3,Hierococcyx sparverioides,0.14644050970999475,0.3197729552390359,-0.17333244552904117,2,specialist
P3,Leiothrix lutea,0.1708490748264718,0.31381734052121707,-0.14296826569474527,2,specialist
P3,Charadrius alexandrinus,0.3685303863151723,0.42733410239004876,-0.058803716074876444,8,generalist
P3,Dendrocitta formosae,0.035760532107377695,0.2104097606967299,-0.1746492285893522,5,specialist
P3,Aix galericulata,0.2748730432406199,0.44844570761587776,-0.17357266437525787,8,generalist
P3,Motacilla tschutschensis,0.5960325859264237,0.7350920812141889,-0.13905949528776518,8,generalist
P3,Falco amurensis,0.23533609502710062,0.3425379179162067,-0.10720182288910607,8,generalist
P3,Delichon dasypus,0.40674871372903243,0.40662655322566954,1.221605033628892e-4,5,specialist
P3,Lonchura striata,0.06823676288714178,0.3004881136871311,-0.2322513507999893,8,generalist
P3,Garrulax canorus,0.0768411799483288,0.3154249602336077,-0.23858378028527893,5,specialist
P3,Amaurornis phoenicurus,0.08753231009257188,0.30191796473559734,-0.21438565464302545,5,specialist
P3,Lanius tephronotus,0.5474314694516486,0.3014301072698282,0.24600136218182034,8,generalist
P3,Columba livia,0.8874764715815143,0.8210310376098334,0.0664454339716809,8,generalist
P3,Phylloscopus claudiae,0.2735767809046398,0.2770672572301408,-0.0034904763255009796,5,specialist
P3,Emberiza elegans,0.32652197220260715,0.49940276137879114,-0.172880789176184,8,generalist
P3,Gyps himalayensis,0.6403596005346505,0.3152445435153633,0.32511505701928717,8,generalist
P3,Recurvirostra avosetta,0.30638581622269967,0.3769942886461561,-0.07060847242345641,8,generalist
P3,Culicicapa ceylonensis,0.2175159751620238,0.2588549475297119,-0.041338972367688076,2,specialist
P3,Columba rupestris,0.8428433518715692,0.545289804566824,0.29755354730474526,8,generalist
P3,Apus nipalensis,0.14410162512367589,0.2584485293822907,-0.1143469042586148,2,specialist
P3,Accipiter nisus,0.9601073423108866,0.8266339786843411,0.1334733636265455,2,specialist
P3,Tringa ochropus,0.6622724424110422,0.7401795087883426,-0.07790706637730038,8,generalist
P3,Phoenicurus ochruros,0.691010213312569,0.3359312893355305,0.35507892397703844,8,generalist
P3,Turdus rubrocanus,0.5075088558339029,0.30327108675935416,0.20423776907454877,2,specialist
P3,Carpodacus erythrinus,0.851870973403553,0.6362082244485944,0.21566274895495863,5,specialist
P3,Psilopogon virens,0.08346886644727837,0.20372134597781155,-0.12025247953053318,2,specialist
P3,Gallinago gallinago,0.4494851837625315,0.6041527534609673,-0.15466756969843581,8,generalist
P3,Prinia flaviventris,0.012373517364080258,0.1437447468163523,-0.13137122945227203,8,generalist
P3,Motacilla citreola,0.8300198158799079,0.5819466232990758,0.24807319258083216,8,generalist
P3,Accipiter soloensis,0.12602285969736995,0.38928687779581905,-0.2632640180984491,2,specialist
P3,Accipiter trivirgatus,0.12683690539443385,0.3374260360406772,-0.21058913064624338,2,specialist
P3,Cisticola juncidis,0.10688565742173262,0.3826098005195669,-0.2757241430978343,8,generalist
P3,Dicrurus leucophaeus,0.15217140075136662,0.3247111053950207,-0.17253970464365406,2,specialist
P3,Ardea intermedia,0.04716715895753498,0.1804838393204304,-0.13331668036289543,8,generalist
P3,Lonchura punctulata,0.036378663487035515,0.2439792345032681,-0.20760057101623258,5,specialist
P3,Orthotomus sutorius,0.01346120721131463,0.11493575078079048,-0.10147454356947584,5,specialist
P3,Falco subbuteo,0.6277888529167439,0.6447480193938383,-0.01695916647709439,8,generalist
P3,Pericrocotus ethologus,0.42497088478789397,0.29860396530436134,0.12636691948353262,2,specialist
P3,Muscicapa sibirica,0.4352780740725181,0.690589511958584,-0.25531143788606586,2,specialist
P3,Picumnus innominatus,0.12905419567375545,0.3072229642751248,-0.17816876860136935,2,specialist
P3,Sternula albifrons,0.3392054954397494,0.4325471974993885,-0.0933417020596391,8,generalist
P3,Butorides striata,0.13915994052114086,0.447988025612872,-0.3088280850917311,8,generalist
P3,Yungipicus canicapillus,0.2126721310291556,0.3374151741457528,-0.12474304311659717,5,specialist
P3,Periparus ater,0.5368251948405891,0.4936045341801119,0.043220660660477195,2,specialist
P3,Phylloscopus magnirostris,0.3658035106169703,0.24038566548718496,0.12541784512978535,2,specialist
P3,Tarsiger cyanurus,0.40747395455435376,0.619403943435958,-0.2119299888816042,2,specialist
P3,Cuculus sparverioides,0.2424071716405912,0.44664811298310314,-0.20424094134251194,5,specialist
P3,Cyanoderma ruficeps,0.04882532241950222,0.1992569557880151,-0.1504316333685129,2,specialist
P3,Eurystomus orientalis,0.0885972880617365,0.3059960948007503,-0.2173988067390138,5,specialist
P3,Anas carolinensis,0.470326932261887,0.545433824004068,-0.07510689174218105,8,generalist
P3,Acrocephalus bistrigiceps,0.15762575181200844,0.32964688159115274,-0.1720211297791443,8,generalist
P3,Centropus sinensis,0.013665420464367372,0.10588486247514292,-0.09221944201077555,5,specialist
P3,Buteo hemilasius,0.8140579476622606,0.5339772948212563,0.28008065284100425,8,generalist
P3,Pycnonotus aurigaster,0.02256204081245065,0.1317969608117163,-0.10923491999926564,5,specialist
P3,Fringilla montifringilla,0.4537065321609719,0.5611593533025855,-0.10745282114161359,2,specialist
P3,Phylloscopus humei,0.8142537917184881,0.5041326545846246,0.31012113713386347,2,specialist
P3,Apus pacificus,0.6214395856458121,0.7427987306632574,-0.12135914501744527,2,specialist
P3,Emberiza godlewskii,0.8011681893961715,0.4707330517229328,0.33043513767323873,5,specialist
P3,Tringa erythropus,0.2746578844025045,0.3929261276402499,-0.11826824323774543,8,generalist
P3,Enicurus leschenaulti,0.1358263021001709,0.27970127219936597,-0.14387497009919506,8,generalist
P3,Phylloscopus borealis,0.45527008933430707,0.6850040881320729,-0.22973399879776585,2,specialist
P3,Cuculus poliocephalus,0.3088191669573357,0.4367770554545826,-0.12795788849724693,2,specialist
P3,Phylloscopus coronatus,0.24120085175939215,0.5148714748080644,-0.27367062304867223,5,specialist
P3,Phylloscopus trochiloides,0.7475391556521197,0.39815812807438333,0.34938102757773637,2,specialist
P3,Pericrocotus solaris,0.04666637938302554,0.21605746272204432,-0.16939108333901878,5,specialist
P3,Aethopyga gouldiae,0.2516210066698444,0.20823587765497384,0.043385129014870544,2,specialist
P3,Tringa stagnatilis,0.20197001656818403,0.3628737081098562,-0.16090369154167217,8,generalist
P3,Muscicapa dauurica,0.10363491297242117,0.34185221654924036,-0.2382173035768192,2,specialist
P3,Buteo japonicus,0.535118619701335,0.6982416358144922,-0.16312301611315716,8,generalist
P3,Gelochelidon nilotica,0.21232786724796046,0.31425349159375704,-0.10192562434579658,8,generalist
P3,Eumyias thalassinus,0.14767284919011925,0.25110103612747764,-0.10342818693735839,2,specialist
P3,Sitta villosa,0.2343819623519643,0.24104301374605283,-0.006661051394088541,2,specialist
P3,Alauda gulgula,0.3984998163954717,0.35527939659975644,0.04322041979571528,8,generalist
P3,Calidris ruficollis,0.1215788205551184,0.19728637156436293,-0.07570755100924453,8,generalist
P3,Pernis ptilorhynchus,0.41030936930339007,0.48000159173134455,-0.06969222242795448,5,specialist
P3,Limosa limosa,0.2743794980980635,0.31392583120087253,-0.03954633310280903,8,generalist
P3,Phylloscopus pulcher,0.4825069584876902,0.27972437413765605,0.20278258435003416,2,specialist
P3,Ardea purpurea,0.1898803065478448,0.3291688941741037,-0.13928858762625893,8,generalist
P3,Phylloscopus armandii,0.8197312173260509,0.5107255889021681,0.3090056284238828,5,specialist
P3,Butastur indicus,0.20188241818168232,0.5373541673298654,-0.3354717491481831,5,specialist
P3,Platalea leucorodia,0.20235993099277236,0.3277678163092411,-0.12540788531646876,8,generalist
P3,Emberiza tristrami,0.15860661476831578,0.37717953355201095,-0.21857291878369517,2,specialist
P3,Spatula querquedula,0.46781380507275344,0.523242600038734,-0.05542879496598058,8,generalist
P3,Alcippe hueti,0.007219276623767741,0.11185031075706105,-0.1046310341332933,5,specialist
P3,Garrulax perspicillatus,0.019096374996999763,0.14491269052900643,-0.12581631553200667,5,specialist
P3,Cinclus pallasii,0.22381099362616672,0.29849367797697535,-0.07468268435080863,8,generalist
P3,Calidris ferruginea,0.291058986021341,0.32515258254758195,-0.034093596526240944,8,generalist
P3,Tadorna tadorna,0.38249739391045073,0.42738397942681416,-0.04488658551636343,8,generalist
P3,Chlidonias leucopterus,0.2755332722264809,0.35455893470576,-0.07902566247927911,8,generalist
P3,Anthus roseatus,0.6176834150245376,0.3744891050764585,0.2431943099480791,8,generalist
P3,Phoenicurus frontalis,0.5330732160487539,0.3092698473752638,0.2238033686734901,2,specialist
P3,Mareca strepera,0.5467286790760949,0.5127547116503156,0.033973967425779295,8,generalist
P3,Periparus rubidiventris,0.34222476182559985,0.19536549577563897,0.14685926604996088,2,specialist
P3,Eremophila alpestris,0.7585033473073503,0.41735006973515876,0.3411532775721915,8,generalist
P3,Aythya nyroca,0.6066950384362135,0.47680168037165677,0.12989335806455676,8,generalist
P3,Calidris acuminata,0.12875553650475224,0.2410035314601924,-0.11224799495544016,8,generalist
P3,Ceryle rudis,0.03369618138490802,0.18696012174859192,-0.1532639403636839,8,generalist
P4,Passer montanus,0.950919672333129,0.9706159020738132,-0.01969622974068419,5,specialist
P4,Pycnonotus sinensis,0.1580643455047287,0.46163227691840303,-0.30356793141367433,5,specialist
P4,Hirundo rustica,0.7741605004847804,0.8711854114943753,-0.09702491100959498,8,generalist
P4,Spilopelia chinensis,0.2509443997561937,0.5138673148164007,-0.262922915060207,8,generalist
P4,Pica serica,0.44582053135394517,0.621861621049637,-0.17604108969569188,5,specialist
P4,Motacilla alba,0.98346384915197,0.9731161030987147,0.010347746053255391,8,generalist
P4,Turdus mandarinus,0.1690966094751411,0.4233198666297564,-0.2542232571546153,5,specialist
P4,Egretta garzetta,0.2533366837567238,0.5004425238524671,-0.24710584009574332,8,generalist
P4,Parus minor,0.3617570253646918,0.6021001478204174,-0.24034312245572564,5,specialist
P4,Cyanopica cyanus,0.382305134088126,0.47255916766836614,-0.090254033580240145,5,specialist
P4,Streptopelia orientalis,0.7417328144050341,0.8316593728605549,-0.08992655845552078,8,generalist
P4,Tachybaptus ruficollis,0.4995588813986968,0.684352066282443,-0.18479318488374624,8,generalist
P4,Nycticorax nycticorax,0.362682573145363,0.5436791935772083,-0.18099662043184528,8,generalist
P4,Gallinula chloropus,0.5240051455803453,0.6960549015657143,-0.17204975598536898,8,generalist
P4,Sinosuthora webbiana,0.18969115146671484,0.43428051733945056,-0.24458936587273572,5,specialist
P4,Chloris sinica,0.45468902536994193,0.6444580579297733,-0.18976903255983135,5,specialist
P4,Cecropis daurica,0.2982516042024019,0.62112620750137,-0.32287460329896817,8,generalist
P4,Acridotheres cristatellus,0.13532541925908065,0.39286372536638536,-0.2575383061073047,8,generalist
P4,Ardeola bacchus,0.263787806778224,0.5068771237682758,-0.24308931699005176,8,generalist
P4,Copsychus saularis,0.07832753386561389,0.313096853561044,-0.2347693196954301,2,specialist
P4,Ardea cinerea,0.6061693005600074,0.7257904989861215,-0.11962119842611407,8,generalist
P4,Anas platyrhynchos,0.8079491578195159,0.7911751277087605,0.0167740301107554,8,generalist
P4,Lanius schach,0.1647567731426343,0.39226291489242,-0.2275061417497857,5,specialist
P4,Spodiopsar cineraceus,0.4318879610826319,0.6342179039180004,-0.20232994283536848,8,generalist
P4,Alcedo atthis,0.4231070963134802,0.6634530695206438,-0.24034597320716355,5,specialist
P4,Anas zonorhyncha,0.39976653807797835,0.5563669465283382,-0.15660040845035983,8,generalist
P4,Phasianus colchicus,0.5824991258730539,0.679583483100541,-0.0970843572274871,5,specialist
P4,Zosterops simplex,0.1206693698887102,0.3971557830930995,-0.2764864132043893,5,specialist
P4,Cuculus canorus,0.9693665114625614,0.8532631202496392,0.11610339121292212,5,specialist
P4,Corvus macrorhynchos,0.46730000920665216,0.525068123696422,-0.05776811448976982,5,specialist
P4,Upupa epops,0.9512537250829781,0.8478676194688134,0.10338610561416472,8,generalist
P4,Dendrocopos major,0.5082362306204553,0.5631230177587291,-0.054886787138273774,2,specialist
P4,Spodiopsar sericeus,0.10029078569060475,0.3436442893142254,-0.24335350362362068,5,specialist
P4,Dicrurus macrocercus,0.2145880504367106,0.46908712245314194,-0.25449907201643135,5,specialist
P4,Spizixos semitorques,0.100034009249016,0.27829446432857413,-0.17826045507955812,5,specialist
P4,Phoenicurus auroreus,0.38695460069332305,0.646101610171798,-0.25914700947847497,5,specialist
P4,Ardea alba,0.6506814923251406,0.7595027960235079,-0.10882130369836729,8,generalist
P4,Himantopus himantopus,0.5519235647808358,0.6190544781299835,-0.06713091334914767,8,generalist
P4,Urocissa erythroryncha,0.12832898045760271,0.3484810129064886,-0.22015203244888587,2,specialist
P4,Aegithalos concinnus,0.13989984789585488,0.3389967551377848,-0.19909690724192994,2,specialist
P4,Lanius cristatus,0.463969335809539,0.6962549626853956,-0.23228562687585658,8,generalist
P4,Fulica atra,0.6232362258696138,0.6603729774779535,-0.037136751608339735,8,generalist
P4,Horornis fortipes,0.13828630421050858,0.34676881732716613,-0.20848251311665755,2,specialist
P4,Eophona migratoria,0.17453992508439045,0.4172780608904232,-0.24273813580603273,5,specialist
P4,Podiceps cristatus,0.6911407183903147,0.6603259865089309,0.030814731881383728,8,generalist
P4,Picus canus,0.5901700239251967,0.6328521097054812,-0.04268208578028454,2,specialist
P4,Phylloscopus inornatus,0.25701165271900034,0.5965656992778684,-0.33955404655886806,2,specialist
P4,Pterorhinus sannio,0.12378137658341029,0.24087092855517547,-0.11708955197176518,5,specialist
P4,Motacilla cinerea,0.7713023535795537,0.8484402482552437,-0.07713789467568999,8,generalist
P4,Sterna hirundo,0.7163661516180623,0.5832891331009918,0.13307701851707043,8,generalist
P4,Falco tinnunculus,0.9485749155837759,0.895060947941821,0.05351396764195493,8,generalist
P4,Hypsipetes leucocephalus,0.10359658283918723,0.2864675022143783,-0.18287091937519107,2,specialist
P4,Apus apus,0.6861805952370115,0.5614232090012924,0.12475738623571908,2,specialist
P4,Cuculus micropterus,0.2078139104375948,0.5546691253876846,-0.34685521495008986,2,specialist
P4,Phalacrocorax carbo,0.6692035836899267,0.7065202020314781,-0.03731661834155142,8,generalist
P4,Phoenicurus fuliginosus,0.3112005546948218,0.4043478814424308,-0.093147326747609,8,generalist
P4,Prinia inornata,0.05720651956336683,0.3029689036160482,-0.2457623840526814,5,specialist
P4,Milvus migrans,0.756859747812533,0.6452604918451164,0.1115992559674166,8,generalist
P4,Bubulcus coromandus,0.29921680027675046,0.4772715181572106,-0.17805471788046012,5,specialist
P4,Phylloscopus proregulus,0.302293163617267,0.6171203341920463,-0.31482717057477927,2,specialist
P4,Acrocephalus orientalis,0.3118976213593267,0.49766431949547557,-0.18576669813614888,8,generalist
P4,Aegithalos glaucogularis,0.25769599625674167,0.3416299800840382,-0.08393398382729655,5,specialist
P4,Eudynamys scolopaceus,0.1645742548475464,0.4245099164011486,-0.2599356615536022,5,specialist
P4,Anthus hodgsoni,0.42929081758751425,0.6031392122093818,-0.17384839462186757,8,generalist
P4,Pterorhinus perspicillatus,0.033153659990627964,0.20517331288469165,-0.17201965289406368,5,specialist
P4,Charadrius dubius,0.5825436530825966,0.6859796368746788,-0.10343598379208219,8,generalist
P4,Poecile palustris,0.16089674312285968,0.24043234138229092,-0.07953559825943124,2,specialist
P4,Actitis hypoleucos,0.7558953874231005,0.8208184576728507,-0.06492307024975019,8,generalist
P4,Tadorna ferruginea,0.8349773185538986,0.6073406003432988,0.22763671821059972,8,generalist
P4,Passer cinnamomeus,0.3047875174969971,0.38267495024134157,-0.07788743274434445,5,specialist
P4,Vanellus cinereus,0.292184180620073,0.5359461543760492,-0.2437619737559762,8,generalist
P4,Pycnonotus xanthorrhous,0.16158466443583872,0.24689479025599845,-0.08531012582015973,5,specialist
P4,Emberiza spodocephala,0.3194553381240436,0.5653427251918604,-0.24588738706781677,5,specialist
P4,Ixobrychus sinensis,0.20518724666296032,0.47400140366853016,-0.2688141570055699,2,specialist
P4,Oriolus chinensis,0.24713274702858543,0.568400349108098,-0.32126760207951255,5,specialist
P4,Emberiza pusilla,0.34092363061896835,0.6109196418175472,-0.26999601119857886,5,specialist
P4,Chroicocephalus ridibundus,0.5646529913708145,0.6012844133959986,-0.0366314220251841,5,specialist
P4,Pycnonotus jocosus,0.029298839851604315,0.14716947208242923,-0.11787063223082492,5,specialist
P4,Streptopelia decaocto,0.6247142249786117,0.5150880977036557,0.10962612727495602,8,generalist
P4,Pomatorhinus ruficollis,0.13413664190427296,0.29679805147441174,-0.16266140957013878,5,specialist
P4,Bambusicola thoracicus,0.06106403731130252,0.2148498968050434,-0.15378585949374088,5,specialist
P4,Pardaliparus venustulus,0.23932418172983502,0.42445093671670786,-0.18512675498687284,5,specialist
P4,Ficedula albicilla,0.4560933135403756,0.6907197800695795,-0.23462646652920388,5,specialist
P4,Picoides canicapillus,0.15262771168000183,0.2930813264517963,-0.14045361477179447,2,specialist
P4,Hemixos castanonotus,0.020453707024222282,0.19482810377284787,-0.1743743967486256,2,specialist
P4,Tringa glareola,0.45852819057345906,0.556147705761185,-0.09761951518772594,8,generalist
P4,Abroscopus albogularis,0.11183335514840533,0.29606002512636803,-0.18422666997796272,2,specialist
P4,Saxicola stejnegeri,0.1936044743159113,0.49903259066651234,-0.3054281163506011,5,specialist
P4,Garrulus glandarius,0.28177890645426856,0.45382935040021244,-0.17205044394594388,2,specialist
P4,Chlidonias hybrida,0.4309799037827391,0.5480430057265523,-0.1170631019438132,8,generalist
P4,Corvus corone,0.7641880813545641,0.6455095177021406,0.11867856365242346,8,generalist
P4,Trochalopteron elliotii,0.2946102740601213,0.19780978317041112,0.09680049088971018,2,specialist
P4,Parus monticolus,0.22838149645152053,0.19643398623744754,0.031947510214072994,2,specialist
P4,Phylloscopus fuscatus,0.4135896904378321,0.6091571448876355,-0.1955674544498034,2,specialist
P4,Myophonus caeruleus,0.25646534702949525,0.3712244052051405,-0.11475905817564525,2,specialist
P4,Pyrrhocorax pyrrhocorax,0.7408434404285088,0.42477845581704865,0.31606498461146015,8,generalist
P4,Ficedula zanthopygia,0.249305885944338,0.4846630353428304,-0.2353571493984924,2,specialist
P4,Pericrocotus cantonensis,0.09159089555400879,0.33211940484192026,-0.24052850928791147,2,specialist
P4,Ixos mcclellandii,0.10208947894790638,0.29326997281092276,-0.1911804938630164,2,specialist
P4,Tringa nebularia,0.4033796766593724,0.5258552828741404,-0.122475606214768,8,generalist
P4,Dicrurus hottentottus,0.13991614157706378,0.3804930019353436,-0.2405768603582798,2,specialist
P4,Gracupica nigricollis,0.02178595392568809,0.17101066737864756,-0.14922471345295948,8,generalist
P4,Tringa totanus,0.6316324257596903,0.5129764441471913,0.1186559816124989,8,generalist
P4,Hierococcyx sparverioides,0.12378907844367631,0.3001627893326392,-0.17637371088896286,2,specialist
P4,Leiothrix lutea,0.14700806912715322,0.2889431953926057,-0.1419351262654525,2,specialist
P4,Charadrius alexandrinus,0.4046419956387461,0.4648136289242442,-0.06017163328549813,8,generalist
P4,Dendrocitta formosae,0.03907878103171602,0.21920020613843447,-0.18012142510671844,5,specialist
P4,Aix galericulata,0.31953545762810587,0.4997188114699928,-0.18018335384188694,8,generalist
P4,Motacilla tschutschensis,0.5420844417672375,0.6930221993504921,-0.15093775758325467,8,generalist
P4,Falco amurensis,0.2880986283642894,0.40813143770126603,-0.12003280933697663,8,generalist
P4,Delichon dasypus,0.44068651816643223,0.43897091182656245,0.0017156063398697796,5,specialist
P4,Lonchura striata,0.08202249431111718,0.31486723687606677,-0.23284474256494958,8,generalist
P4,Garrulax canorus,0.08019342300919358,0.3214371687089992,-0.2412437456998056,5,specialist
P4,Amaurornis phoenicurus,0.10852457790679668,0.33071124056482654,-0.22218666265802986,5,specialist
P4,Lanius tephronotus,0.5296205173786074,0.286404684842444,0.24321583253616336,8,generalist
P4,Columba livia,0.9073399550225414,0.8494243622568552,0.05791559276568614,8,generalist
P4,Phylloscopus claudiae,0.2761159164640506,0.2795191568166818,-0.0034032403526312316,5,specialist
P4,Emberiza elegans,0.2691304577209655,0.43656033776789716,-0.16742988004693166,8,generalist
P4,Gyps himalayensis,0.6439796453193318,0.31694758754315705,0.3270320577761748,8,generalist
P4,Recurvirostra avosetta,0.3784250189289237,0.4498920403034029,-0.07146702137447919,8,generalist
P4,Culicicapa ceylonensis,0.20474263042198868,0.24587328074726791,-0.04113065032527924,2,specialist
P4,Columba rupestris,0.8562574600931936,0.5618644169300577,0.29439304316313586,8,generalist
P4,Apus nipalensis,0.1616080188881652,0.2747630257602872,-0.11315500687212202,2,specialist
P4,Accipiter nisus,0.9759858977249413,0.873481720185068,0.10250417753987329,2,specialist
P4,Tringa ochropus,0.6679640166435972,0.7454896075501732,-0.07752559090657607,8,generalist
P4,Phoenicurus ochruros,0.701030191750848,0.3443539794908169,0.3566762122600311,8,generalist
P4,Turdus rubrocanus,0.48236115907320953,0.28018460938799367,0.20217654968521587,2,specialist
P4,Carpodacus erythrinus,0.8338379379281615,0.6068044883690257,0.22703344955913585,5,specialist
P4,Psilopogon virens,0.09814635775370803,0.22132844587203593,-0.1231820881183279,2,specialist
P4,Gallinago gallinago,0.45007206826084,0.6051374967841393,-0.1550654285232993,8,generalist
P4,Prinia flaviventris,0.013438558771714494,0.15480218212366725,-0.14136362335195277,8,generalist
P4,Motacilla citreola,0.831181798377732,0.5833076247337414,0.24787417364399056,8,generalist
P4,Accipiter soloensis,0.11098863230620878,0.3671053108592696,-0.25611667855306086,2,specialist
P4,Accipiter trivirgatus,0.1440175067798182,0.35040001139863786,-0.20638250461881966,2,specialist
P4,Cisticola juncidis,0.11179507476152833,0.39104757853301325,-0.2792525037714849,8,generalist
P4,Dicrurus leucophaeus,0.14334421905817993,0.31767780755292835,-0.17433358849474842,2,specialist
P4,Ardea intermedia,0.056625733805684815,0.21198287883556421,-0.1553571450298794,8,generalist
P4,Lonchura punctulata,0.04650881425071106,0.2617615100273939,-0.21525269577668282,5,specialist
P4,Orthotomus sutorius,0.015769736569847023,0.13335874905468323,-0.1175890124848362,5,specialist
P4,Falco subbuteo,0.6785915861851324,0.6964148578822528,-0.01782327169712039,8,generalist
P4,Pericrocotus ethologus,0.40030649175058364,0.27622661657688047,0.12407987517370317,2,specialist
P4,Muscicapa sibirica,0.4427723422534389,0.6949764824515163,-0.2522041401980774,2,specialist
P4,Picumnus innominatus,0.1412580865863237,0.31811358112473664,-0.17685549453841296,2,specialist
P4,Sternula albifrons,0.3468798493615828,0.4416060239632995,-0.09472617460171673,8,generalist
P4,Butorides striata,0.1431744396005918,0.45492968957410873,-0.3117552499735169,8,generalist
P4,Yungipicus canicapillus,0.23496354703186176,0.363864583785255,-0.12890103675339323,5,specialist
P4,Periparus ater,0.5563086221109591,0.5124843417364727,0.04382428037448638,2,specialist
P4,Phylloscopus magnirostris,0.30387039472678107,0.19193478956353388,0.11193560516324719,2,specialist
P4,Tarsiger cyanurus,0.40109346121148126,0.6152460015471142,-0.2141525403356329,2,specialist
P4,Cuculus sparverioides,0.22522285765031733,0.4340361753983225,-0.20881331774800518,5,specialist
P4,Cyanoderma ruficeps,0.07260720544540555,0.2347756317758387,-0.16216842633043316,2,specialist
P4,Eurystomus orientalis,0.09828261325597533,0.33262511314085186,-0.23434249988487654,5,specialist
P4,Anas carolinensis,0.5630672758115237,0.6367849937269873,-0.07371771791546355,8,generalist
P4,Acrocephalus bistrigiceps,0.18540622459111625,0.40996515214310136,-0.22455892755198512,8,generalist
P4,Centropus sinensis,0.015876046889669617,0.12088835057610078,-0.10501230368643116,5,specialist
P4,Buteo hemilasius,0.7999730431384423,0.5176078408381474,0.28236520230029494,8,generalist
P4,Pycnonotus aurigaster,0.02817755180517383,0.1474168295502838,-0.11923927774510996,5,specialist
P4,Fringilla montifringilla,0.5227895857199527,0.6273586632002108,-0.10456907748025812,2,specialist
P4,Phylloscopus humei,0.8158141156849825,0.5068688042451542,0.3089453114398283,2,specialist
P4,Apus pacificus,0.5787891453285616,0.7148447051543158,-0.13605555982575412,2,specialist
P4,Emberiza godlewskii,0.80103660532852206,0.470362229576298,0.3306743757522241,5,specialist
P4,Tringa erythropus,0.3312683244034689,0.4598665259263045,-0.12859820152283563,8,generalist
P4,Enicurus leschenaulti,0.13526129235011153,0.27942991267800465,-0.14416862032789313,8,generalist
P4,Phylloscopus borealis,0.4609792571156352,0.6891468506402432,-0.22816759352460797,2,specialist
P4,Cuculus poliocephalus,0.27552030993560417,0.4077358400105284,-0.13221553007492426,2,specialist
P4,Phylloscopus coronatus,0.2378491549002562,0.5118267241451185,-0.27397756924486233,5,specialist
P4,Phylloscopus trochiloides,0.7453100441511467,0.39556620739170384,0.3497438367594428,2,specialist
P4,Pericrocotus solaris,0.06768852724146114,0.24359089588495839,-0.17590236864349723,5,specialist
P4,Aethopyga gouldiae,0.23280233329997466,0.1889331075041067,0.04386922579586797,2,specialist
P4,Tringa stagnatilis,0.21860653207100544,0.38912369230745847,-0.17051716023645302,8,generalist
P4,Muscicapa dauurica,0.10991727163650075,0.36417386445672484,-0.25425659282022406,2,specialist
P4,Buteo japonicus,0.6070331164017169,0.7508574412759165,-0.1438243248741996,8,generalist
P4,Gelochelidon nilotica,0.23833065869726874,0.35071893056821285,-0.1123882718709441,8,generalist
P4,Eumyias thalassinus,0.16125247430364942,0.26412811798426233,-0.10287564368061292,2,specialist
P4,Sitta villosa,0.18748279248364588,0.1988674771696104,-0.011384684685964513,2,specialist
P4,Alauda gulgula,0.36908474149653736,0.32623488928191857,0.04284985221461879,8,generalist
P4,Calidris ruficollis,0.14432046278595856,0.23783055168008926,-0.0935100888941307,8,generalist
P4,Pernis ptilorhynchus,0.5047678331673026,0.5683610450515795,-0.06359321188427691,5,specialist
P4,Limosa limosa,0.33956773390992734,0.38592642094165497,-0.04635868703172763,8,generalist
P4,Phylloscopus pulcher,0.482255194229862,0.2794254882641288,0.20282970596573324,2,specialist
P4,Ardea purpurea,0.23626674227853625,0.40062604500579163,-0.16435930272725538,8,generalist
P4,Phylloscopus armandii,0.8206560635245133,0.5122628686109996,0.3083931949135137,5,specialist
P4,Butastur indicus,0.18768290091760312,0.5221493069796181,-0.33446640606201505,5,specialist
P4,Platalea leucorodia,0.21562240033602942,0.3485152526742302,-0.1328928523382008,8,generalist
P4,Emberiza tristrami,0.1501256952934214,0.35577244230241134,-0.20564674700898994,2,specialist
P4,Spatula querquedula,0.5107464831137772,0.5675835771886285,-0.05683709407485127,8,generalist
P4,Alcippe hueti,0.008688113516782886,0.12157939848423208,-0.11289128496744918,5,specialist
P4,Garrulax perspicillatus,0.027863399203717876,0.18179900892671627,-0.15393560972299838,5,specialist
P4,Cinclus pallasii,0.21287911649132477,0.28652017930729173,-0.07364106281596697,8,generalist
P4,Calidris ferruginea,0.3209172776325433,0.3574550689944435,-0.03653779136190022,8,generalist
P4,Tadorna tadorna,0.4318954872183769,0.4743025310997206,-0.0424070438813437,8,generalist
P4,Chlidonias leucopterus,0.32388035288010775,0.4092748641211052,-0.08539451124099745,8,generalist
P4,Anthus roseatus,0.6449309814601154,0.40334356995728865,0.24158741150282675,8,generalist
P4,Phoenicurus frontalis,0.5383826669107673,0.31410293743569623,0.22427972947507108,2,specialist
P4,Mareca strepera,0.6464584730035128,0.6072930376926386,0.03916543531087413,8,generalist
P4,Periparus rubidiventris,0.33385302667763933,0.18923379435435503,0.1446192323232843,2,specialist
P4,Eremophila alpestris,0.7300627898557376,0.3927763609400404,0.33728642891569716,8,generalist
P4,Aythya nyroca,0.6678136537070359,0.534394250061317,0.13341940364571891,8,generalist
P4,Calidris acuminata,0.1444223543072295,0.27715516347922364,-0.13273280917199415,8,generalist
P4,Ceryle rudis,0.034432795998711276,0.18976067369091282,-0.15532787769220155,8,generalist
P5,Passer montanus,0.9630920830346977,0.9782125998515131,-0.015120516816815366,5,specialist
P5,Pycnonotus sinensis,0.19344576323113338,0.49769644544339237,-0.304250682212259,5,specialist
P5,Hirundo rustica,0.8137368410163396,0.8955485372969558,-0.08181169628061624,8,generalist
P5,Spilopelia chinensis,0.30854107967829364,0.554831482874087,-0.24629040319579337,8,generalist
P5,Pica serica,0.5318218294716136,0.6958205276892965,-0.16399869821768287,5,specialist
P5,Motacilla alba,0.9903861711290869,0.9837646619389225,0.006621509190164354,8,generalist
P5,Turdus mandarinus,0.19095910382723147,0.44431984673258706,-0.2533607429053556,5,specialist
P5,Egretta garzetta,0.340992735625378,0.5729370023217095,-0.2319442666963315,8,generalist
P5,Parus minor,0.4460412477150369,0.6566444895746231,-0.21060324185958618,5,specialist
P5,Cyanopica cyanus,0.41465715416472976,0.5044764047916216,-0.08981925062689183,5,specialist
P5,Streptopelia orientalis,0.8062682112490709,0.8743059690464776,-0.06803775779740673,8,generalist
P5,Tachybaptus ruficollis,0.5634528390307457,0.7330673553959884,-0.16961451636524272,8,generalist
P5,Nycticorax nycticorax,0.4089853209780686,0.583486057551719,-0.1745007365736504,8,generalist
P5,Gallinula chloropus,0.6108883676190414,0.7670807746116465,-0.15619240699260506,8,generalist
P5,Sinosuthora webbiana,0.22294608347717806,0.46946865466211635,-0.24652257118493828,5,specialist
P5,Chloris sinica,0.4740251081191533,0.660339797097998,-0.18631468897884462,5,specialist
P5,Cecropis daurica,0.32217947351633275,0.6373772639455282,-0.31519779042919543,8,generalist
P5,Acridotheres cristatellus,0.12328499229594526,0.3786321382206498,-0.25534714592470453,8,generalist
P5,Ardeola bacchus,0.290322527413545,0.5282285874328967,-0.23790606001935172,8,generalist
P5,Copsychus saularis,0.09453570330976231,0.3281414140358771,-0.2336057107261148,2,specialist
P5,Ardea cinerea,0.7189394405877604,0.8186830483852257,-0.09974360779746527,8,generalist
P5,Anas platyrhynchos,0.8682749087553328,0.8544579594865717,0.013816949268761092,8,generalist
P5,Lanius schach,0.21203723640782318,0.43206170523052606,-0.22002446882270288,5,specialist
P5,Spodiopsar cineraceus,0.4706046402705218,0.6657921024250776,-0.1951874621545558,8,generalist
P5,Alcedo atthis,0.46053199277743695,0.6883706492000733,-0.22783865642263634,5,specialist
P5,Anas zonorhyncha,0.4863550072962222,0.638264464142953,-0.1519094568467308,8,generalist
P5,Phasianus colchicus,0.6947867692869002,0.7932056319574989,-0.09841886267059874,5,specialist
P5,Zosterops simplex,0.16240192224493447,0.43904070499447617,-0.2766387827495417,5,specialist
P5,Cuculus canorus,0.9850983217211561,0.9216612564050565,0.0634370653160996,5,specialist
P5,Corvus macrorhynchos,0.5992306175447079,0.6468976821327914,-0.04766706458808356,5,specialist
P5,Upupa epops,0.9688857351446715,0.8924578630384663,0.07642787210620516,8,generalist
P5,Dendrocopos major,0.5389458476308303,0.5931202776616616,-0.05417443003083133,2,specialist
P5,Spodiopsar sericeus,0.11658313444468198,0.36753014702145814,-0.25094701257677615,5,specialist
P5,Dicrurus macrocercus,0.21730824416309225,0.4711799553230949,-0.2538717111600027,5,specialist
P5,Spizixos semitorques,0.12376050458410237,0.31342189982156654,-0.18966139523746417,5,specialist
P5,Phoenicurus auroreus,0.4347195759548632,0.6765331023988248,-0.2418135264439616,5,specialist
P5,Ardea alba,0.6945046736825241,0.7967866023990127,-0.10228192871648856,8,generalist
P5,Himantopus himantopus,0.6468948161633817,0.7117152670743183,-0.06482045091093658,8,generalist
P5,Urocissa erythroryncha,0.20272308148208662,0.43104413742414827,-0.22832105594206165,2,specialist
P5,Aegithalos concinnus,0.1594687591925548,0.35618941271159854,-0.19672065351904375,2,specialist
P5,Lanius cristatus,0.4994063990477592,0.7174579606188877,-0.21805156157112848,8,generalist
P5,Fulica atra,0.7533714233948314,0.784810994502084,-0.031439571107252595,8,generalist
P5,Horornis fortipes,0.1483209388291582,0.35655321382011235,-0.20823227499095415,2,specialist
P5,Eophona migratoria,0.2030248648674707,0.4524318597650279,-0.24940699489755722,5,specialist
P5,Podiceps cristatus,0.7854945764163643,0.7546506093983124,0.03084396701805192,8,generalist
P5,Picus canus,0.5866975628473308,0.6296383721937949,-0.04294080934646416,2,specialist
P5,Phylloscopus inornatus,0.3238579405313832,0.6449232425722947,-0.3210653020409115,2,specialist
P5,Pterorhinus sannio,0.15996935377170013,0.282165417945572,-0.12219606417387185,5,specialist
P5,Motacilla cinerea,0.8554356833198531,0.9010588004735229,-0.045623117153669845,8,generalist
P5,Sterna hirundo,0.8187543071357324,0.6900566079312561,0.12869769920447627,8,generalist
P5,Falco tinnunculus,0.9738841674906421,0.9423245536859637,0.03155961380467842,8,generalist
P5,Hypsipetes leucocephalus,0.13010273630899483,0.3072642676966928,-0.17716153138769797,2,specialist
P5,Apus apus,0.7186718746834857,0.5867066068559379,0.1319652678275478,2,specialist
P5,Cuculus micropterus,0.2513074803005812,0.592469489853712,-0.34116200955313075,2,specialist
P5,Phalacrocorax carbo,0.7589296460762935,0.7913368320164469,-0.03240718594015335,8,generalist
P5,Phoenicurus fuliginosus,0.357696406856555,0.442791140532808,-0.08509473367625298,8,generalist
P5,Prinia inornata,0.0982817034292657,0.3467955300245766,-0.24851382659531088,5,specialist
P5,Milvus migrans,0.8522260828292266,0.7708376241120212,0.08138845871720546,8,generalist
P5,Bubulcus coromandus,0.3178607008976802,0.4915718515029972,-0.173711150605317,5,specialist
P5,Phylloscopus proregulus,0.3807192373819035,0.6684897525260715,-0.28777051514416796,2,specialist
P5,Acrocephalus orientalis,0.3685612935996644,0.5593706469352769,-0.19080935333561255,8,generalist
P5,Aegithalos glaucogularis,0.31321963118010293,0.3983364627240756,-0.08511683154397265,5,specialist
P5,Eudynamys scolopaceus,0.180934876973491,0.4393998966624544,-0.2584650196889634,5,specialist
P5,Anthus hodgsoni,0.5173206034576492,0.6635834284376364,-0.14626282497998722,8,generalist
P5,Pterorhinus perspicillatus,0.05245713600314527,0.2586965401126987,-0.20623940410955344,5,specialist
P5,Charadrius dubius,0.6542880194887785,0.753081358989361,-0.09879333950058256,8,generalist
P5,Poecile palustris,0.21598340752083478,0.30656623664716337,-0.09058282912632859,2,specialist
P5,Actitis hypoleucos,0.8541504430507555,0.8971667003420372,-0.04301625729128167,8,generalist
P5,Tadorna ferruginea,0.9053848726670803,0.722827469009169,0.1825574036579113,8,generalist
P5,Passer cinnamomeus,0.4167206192339467,0.4867480173508162,-0.07002739811686948,5,specialist
P5,Vanellus cinereus,0.3689200819770155,0.6113249340433248,-0.2424048520663093,8,generalist
P5,Pycnonotus xanthorrhous,0.21291620869470923,0.30121480000893547,-0.08829859131422624,5,specialist
P5,Emberiza spodocephala,0.36190190871495476,0.6038692553057665,-0.24196734659081176,5,specialist
P5,Ixobrychus sinensis,0.23156056541126238,0.5048293287466898,-0.2732687633354275,2,specialist
P5,Oriolus chinensis,0.2863916739795321,0.5936733919539936,-0.3072817179744615,5,specialist
P5,Emberiza pusilla,0.40917567677647115,0.659820988541562,-0.25064531176509086,5,specialist
P5,Chroicocephalus ridibundus,0.672790034484218,0.7052231710294239,-0.032433136545205854,5,specialist
P5,Pycnonotus jocosus,0.04107280274530431,0.17536077080228338,-0.13428796805697907,5,specialist
P5,Streptopelia decaocto,0.6666695872247143,0.5491303738760317,0.11753921334868256,8,generalist
P5,Pomatorhinus ruficollis,0.16502187655019013,0.3219500223145565,-0.15692814576436637,5,specialist
P5,Bambusicola thoracicus,0.07288968302216627,0.23756195191775914,-0.1646722688955929,5,specialist
P5,Pardaliparus venustulus,0.2641301705079855,0.4518480874157386,-0.18771791690775314,5,specialist
P5,Ficedula albicilla,0.5624198733775839,0.7458569539387476,-0.1834370805611637,5,specialist
P5,Picoides canicapillus,0.30512655973335723,0.4789376968541792,-0.17381113712082197,2,specialist
P5,Hemixos castanonotus,0.025883901747319582,0.22512384331246663,-0.19923994156514704,2,specialist
P5,Tringa glareola,0.6368171406485016,0.7258691014506673,-0.08905196080216571,8,generalist
P5,Abroscopus albogularis,0.1271720534872264,0.3132298802805686,-0.18605782679334218,2,specialist
P5,Saxicola stejnegeri,0.29792652770317046,0.61673927846643,-0.3188127507632595,5,specialist
P5,Garrulus glandarius,0.29091201180147597,0.46374574420934256,-0.1728337324078666,2,specialist
P5,Chlidonias hybrida,0.5475120420504003,0.6596149590427506,-0.11210291699235031,8,generalist
P5,Corvus corone,0.8440314227009883,0.7311461743449631,0.1128852483560252,8,generalist
P5,Trochalopteron elliotii,0.2995686125616883,0.2017172644380825,0.09785134812360582,2,specialist
P5,Parus monticolus,0.2475493665123507,0.21486315785532067,0.032686208657030036,2,specialist
P5,Phylloscopus fuscatus,0.5244531027497598,0.6879631235052709,-0.16351002075551113,2,specialist
P5,Myophonus caeruleus,0.2944237991669707,0.4020945552908893,-0.10767075612391858,2,specialist
P5,Pyrrhocorax pyrrhocorax,0.776336215719181,0.46328063401017977,0.3130555817090012,8,generalist
P5,Ficedula zanthopygia,0.27684516101210005,0.5175749548225792,-0.24072979381047915,2,specialist
P5,Pericrocotus cantonensis,0.11120926604963248,0.3550413617850877,-0.24383209573545522,2,specialist
P5,Ixos mcclellandii,0.12796053715169892,0.31598023717883333,-0.18801970002713442,2,specialist
P5,Tringa nebularia,0.47121263223331494,0.5942502492102103,-0.12303761697689536,8,generalist
P5,Dicrurus hottentottus,0.1522352798814851,0.3929077675968317,-0.2406724877153466,2,specialist
P5,Gracupica nigricollis,0.030870861149038323,0.20494352109867528,-0.17407265994963694,8,generalist
P5,Tringa totanus,0.6749777001019409,0.5568999970863742,0.11807770301556675,8,generalist
P5,Hierococcyx sparverioides,0.3094877137490372,0.4580475581701204,-0.14855984442108316,2,specialist
P5,Leiothrix lutea,0.13032895806403874,0.27022131813326983,-0.1398923600692311,2,specialist
P5,Charadrius alexandrinus,0.4604465996255203,0.5215077358711916,-0.06106113624567128,8,generalist
P5,Dendrocitta formosae,0.05402345128449824,0.2512904453894575,-0.19726699410495926,5,specialist
P5,Aix galericulata,0.35228694762435386,0.5348971558340299,-0.182610208209676,8,generalist
P5,Motacilla tschutschensis,0.6284315644709971,0.7600741143833936,-0.13164254991239643,8,generalist
P5,Falco amurensis,0.39259255750982835,0.5209323456888977,-0.12833978817906933,8,generalist
P5,Delichon dasypus,0.45664802149679135,0.4540837236600342,0.0025642978367571567,5,specialist
P5,Lonchura striata,0.08203368753638528,0.31505632519742904,-0.23302263766104375,8,generalist
P5,Garrulax canorus,0.10598630282509483,0.35348754462778154,-0.2475012418026867,5,specialist
P5,Amaurornis phoenicurus,0.1259342244202252,0.35180619366304067,-0.22587196924281547,5,specialist
P5,Lanius tephronotus,0.578629265364686,0.33065638445311535,0.2479728809115706,8,generalist
P5,Columba livia,0.7215352137578779,0.6111658099222914,0.11036940383558647,8,generalist
P5,Phylloscopus claudiae,0.32660286407462014,0.3298578223643176,-0.0032549582896974627,5,specialist
P5,Emberiza elegans,0.3104608382700237,0.4829905017618475,-0.1725296634918238,8,generalist
P5,Gyps himalayensis,0.6554125446876296,0.32263474677085346,0.3327777979167761,8,generalist
P5,Recurvirostra avosetta,0.48017458109853756,0.5494960485686892,-0.06932146747015161,8,generalist
P5,Culicicapa ceylonensis,0.2779124938704442,0.3186045383404921,-0.04069204447004793,2,specialist
P5,Columba rupestris,0.8896235010807704,0.6072135245338262,0.2824099765469442,8,generalist
P5,Apus nipalensis,0.24170329393336978,0.34356412259705,-0.10186082866368021,2,specialist
P5,Accipiter nisus,0.9895523065741268,0.9294026657081812,0.06014964086594565,2,specialist
P5,Tringa ochropus,0.8491818072807555,0.8911383934365534,-0.04195658615579789,8,generalist
P5,Phoenicurus ochruros,0.7050911285692535,0.3478204053304804,0.35727072323877307,8,generalist
P5,Turdus rubrocanus,0.494631416605648,0.2909881540434124,0.20364326256223564,2,specialist
P5,Carpodacus erythrinus,0.8943008866496628,0.7129402532600418,0.18136063338962094,5,specialist
P5,Psilopogon virens,0.15074636368767635,0.2745214698207621,-0.12377510613308573,2,specialist
P5,Gallinago gallinago,0.5582846259074792,0.701175175057269,-0.14289054914978983,8,generalist
P5,Prinia flaviventris,0.017072446314791902,0.1834650879858684,-0.1663926416710765,8,generalist
P5,Motacilla citreola,0.9135867067888978,0.7366401557826792,0.1769465510062186,8,generalist
P5,Accipiter soloensis,0.12486243064680211,0.3891735067471912,-0.26431107610038906,2,specialist
P5,Accipiter trivirgatus,0.15070904476226823,0.35541516267464657,-0.20470611791237833,2,specialist
P5,Cisticola juncidis,0.10445618836259199,0.3795579934480172,-0.27510180508542526,8,generalist
P5,Dicrurus leucophaeus,0.22418109137489736,0.3787403156503128,-0.15455922427541544,2,specialist
P5,Ardea intermedia,0.24083148764449047,0.5080756339696699,-0.26724414632517945,8,generalist
P5,Lonchura punctulata,0.06778811276748285,0.28888988352165235,-0.22110177075416948,5,specialist
P5,Orthotomus sutorius,0.019855887966935618,0.1531061840248786,-0.13325029605794297,5,specialist
P5,Falco subbuteo,0.7798330987398886,0.798399044312429,-0.018565945572540432,8,generalist
P5,Pericrocotus ethologus,0.439244733730287,0.31153423697316573,0.12771049675712126,2,specialist
P5,Muscicapa sibirica,0.4776143955912924,0.7129402264589708,-0.23532583086767844,2,specialist
P5,Picumnus innominatus,0.1681643154305336,0.3401994875593765,-0.17203517212884292,2,specialist
P5,Sternula albifrons,0.4161274107206839,0.5217784411563933,-0.10565103043570939,8,generalist
P5,Butorides striata,0.143580842100949,0.4560497397719707,-0.3124688976710217,8,generalist
P5,Yungipicus canicapillus,0.20394656146596718,0.3276037548318255,-0.12365719336585834,5,specialist
P5,Periparus ater,0.5477635071690499,0.5041225715457156,0.043640935623334265,2,specialist
P5,Phylloscopus magnirostris,0.3526089564580274,0.2291970957491762,0.12341186070885121,2,specialist
P5,Tarsiger cyanurus,0.4612705951277328,0.6551122360427697,-0.19384164091503692,2,specialist
P5,Cuculus sparverioides,0.2085698215970769,0.4211632635453357,-0.21259344194825877,5,specialist
P5,Cyanoderma ruficeps,0.13925522727391934,0.30107509141213334,-0.161819864138214,2,specialist
P5,Eurystomus orientalis,0.1037773547274306,0.34673308256868,-0.2429557278412494,5,specialist
P5,Anas carolinensis,0.6729962806617572,0.7386164813459297,-0.06562020068417251,8,generalist
P5,Acrocephalus bistrigiceps,0.2128221478056049,0.47145632639900553,-0.25863417859340065,8,generalist
P5,Centropus sinensis,0.029063382688878085,0.17200260516388194,-0.14293922247500385,5,specialist
P5,Buteo hemilasius,0.896521752544975,0.6482228165247492,0.2482989360202258,8,generalist
P5,Pycnonotus aurigaster,0.04645393498198253,0.18019533765506773,-0.1337414026730852,5,specialist
P5,Fringilla montifringilla,0.6011631091277657,0.7002599668528016,-0.09909685772503585,2,specialist
P5,Phylloscopus humei,0.8295689740111795,0.5324039192976158,0.2971650547135637,2,specialist
P5,Apus pacificus,0.6550520148850599,0.7649646240703075,-0.10991260918524759,2,specialist
P5,Emberiza godlewskii,0.8071653406949945,0.47962082522493105,0.3275445154700634,5,specialist
P5,Tringa erythropus,0.40840315964149365,0.5423178096875582,-0.1339146500460645,8,generalist
P5,Enicurus leschenaulti,0.14586854389743587,0.2915456955933232,-0.14567715169588735,8,generalist
P5,Phylloscopus borealis,0.39903505273333434,0.6478444712896868,-0.24880941855635247,2,specialist
P5,Cuculus poliocephalus,0.3120238195784529,0.441062157674183,-0.12903833809573012,2,specialist
P5,Phylloscopus coronatus,0.22749943742119655,0.501131671366829,-0.27363223394563246,5,specialist
P5,Phylloscopus trochiloides,0.7563354698817238,0.40819636138380877,0.3481391084979151,2,specialist
P5,Pericrocotus solaris,0.09475620546738428,0.2702089389185144,-0.1754527334511301,5,specialist
P5,Aethopyga gouldiae,0.2639309966412048,0.22107438841032304,0.04285660823088175,2,specialist
P5,Tringa stagnatilis,0.26261820955614584,0.45255954968174233,-0.1899413401255965,8,generalist
P5,Muscicapa dauurica,0.27472043436829624,0.5896370395067683,-0.31491660513847203,2,specialist
P5,Buteo japonicus,0.7587163242535512,0.8487398219323974,-0.09002349767884621,8,generalist
P5,Gelochelidon nilotica,0.307818499531982,0.4431596087690423,-0.13534110923706033,8,generalist
P5,Eumyias thalassinus,0.18089829204970476,0.2823484845480024,-0.10145019249829762,2,specialist
P5,Sitta villosa,0.20616221117606037,0.2159034765940034,-0.00974126541794304,2,specialist
P5,Alauda gulgula,0.45831100340139225,0.4150621800941618,0.043248823307230455,8,generalist
P5,Calidris ruficollis,0.176393662932427,0.29280209208269037,-0.11640842915026337,8,generalist
P5,Pernis ptilorhynchus,0.6847353313450729,0.7251433573674476,-0.0404080260223747,5,specialist
P5,Limosa limosa,0.4367175146785631,0.4895054590475455,-0.052787944368982376,8,generalist
P5,Phylloscopus pulcher,0.49771882917446997,0.2906204780046517,0.20709835116981828,2,specialist
P5,Ardea purpurea,0.29285847994880504,0.4772404945543816,-0.18438201460557657,8,generalist
P5,Phylloscopus armandii,0.8210547463623981,0.5127980086107475,0.3082567377516505,5,specialist
P5,Butastur indicus,0.1983733066880914,0.5349131973283886,-0.3365398906402972,5,specialist
P5,Platalea leucorodia,0.33074470168514103,0.4955268828611054,-0.16478218117596438,8,generalist
P5,Emberiza tristrami,0.18143080230885733,0.43042502635824337,-0.24899422404938604,2,specialist
P5,Spatula querquedula,0.6434091924198435,0.699782132438957,-0.05637294001911353,8,generalist
P5,Alcippe hueti,0.013679369679831539,0.14947593664069916,-0.13579656696086762,5,specialist
P5,Garrulax perspicillatus,0.022322381577012558,0.15962530740046174,-0.1373029258234492,5,specialist
P5,Cinclus pallasii,0.20557567940822385,0.27832567585032075,-0.0727499964420969,8,generalist
P5,Calidris ferruginea,0.3815318927624564,0.42177383145533714,-0.04024193869288073,8,generalist
P5,Tadorna tadorna,0.5126452195483207,0.5500103861958654,-0.037365166647544745,8,generalist
P5,Chlidonias leucopterus,0.4164881133996106,0.507419624764603,-0.09093151136499239,8,generalist
P5,Anthus roseatus,0.6994326081556819,0.4732073804156677,0.2262252277400142,8,generalist
P5,Phoenicurus frontalis,0.5663071090432793,0.34250284003807746,0.22380426900520184,2,specialist
P5,Mareca strepera,0.7707387207543545,0.7298832820873726,0.040855438666981825,8,generalist
P5,Periparus rubidiventris,0.31280579953728493,0.17471678511895106,0.13808901441833388,2,specialist
P5,Eremophila alpestris,0.7618852252055637,0.42027174487005464,0.34161348033550903,8,generalist
P5,Aythya nyroca,0.8125135915664223,0.69451295457377,0.11800063699265229,8,generalist
P5,Calidris acuminata,0.17533810130830071,0.34615722737486687,-0.17081912606656616,8,generalist
P5,Ceryle rudis,0.057467227995922215,0.25625721230103693,-0.19878998430511471,8,generalist
